"N","P","K","temperature","humidity","ph","rainfall","label"
"73","45","42","25.94","82.07","6.75","230.67","rice"
"80","50","41","20.05","81.93","6.67","237.52","rice"
"99","40","45","23.7","84.92","5.51","268.5","rice"
"65","60","43","21.31","80.95","6.49","248.96","rice"
"71","46","44","25.94","83.37","7.68","244.35","rice"
"97","35","36","22.27","81.88","6.89","284.1","rice"
"72","57","42","24.83","82.43","7.43","255.26","rice"
"86","35","39","22.91","80.6","5.97","198.2","rice"
"79","45","41","22","84.24","6.68","189.04","rice"
"81","49","37","23.08","81.43","6.01","263.71","rice"
"81","51","42","25.81","82.43","6.45","203.53","rice"
"88","43","42","24.07","83.99","5.01","200.65","rice"
"78","55","40","26.93","81.99","6.31","261.44","rice"
"76","35","36","23.69","82.46","6.98","219.84","rice"
"75","41","42","24.25","81.55","6.8","298.56","rice"
"75","48","43","26.93","83.16","6.93","213.18","rice"
"98","49","42","23.42","80.69","6.25","273.43","rice"
"84","45","39","26.72","82.23","7.07","182.56","rice"
"89","49","37","22.43","83.8","6.34","227.88","rice"
"74","46","38","22.88","81.23","5.01","283.38","rice"
"75","52","36","23.61","80.42","7.37","230.23","rice"
"96","35","43","21.1","80.49","6.09","223.44","rice"
"91","39","38","26.7","81.51","6.34","219.26","rice"
"86","40","38","24.11","82.17","6.3","217.04","rice"
"83","35","40","23","83.55","7.22","242.34","rice"
"79","42","41","24.45","84.97","7.34","232.65","rice"
"78","49","45","24.57","84.08","7.16","231.39","rice"
"83","53","43","21.9","81.66","5.49","241.08","rice"
"73","49","41","22.77","84.26","7.25","259.33","rice"
"86","52","40","22.78","84.88","7.36","265.47","rice"
"68","54","44","21.77","83.59","6","298.56","rice"
"66","56","36","24.71","84.33","7.69","265.19","rice"
"98","40","40","24.7","83.28","6.69","182.94","rice"
"79","35","42","22.34","81.89","6.71","256.94","rice"
"83","58","42","26.57","82.63","6.4","255.9","rice"
"98","60","36","24.3","84.11","7.11","255.76","rice"
"79","56","41","21.7","82.66","5.91","256.45","rice"
"60","55","39","22.73","81.27","7.87","226.39","rice"
"86","55","43","22.41","81.02","5.91","221.36","rice"
"87","60","38","23.97","81.07","5.45","234.61","rice"
"81","53","38","23.75","82.68","7.61","266.67","rice"
"81","41","41","22.56","81.93","7.63","262.89","rice"
"81","55","43","20.35","84.48","7.04","298.56","rice"
"87","47","37","22.24","80.79","6.51","251.91","rice"
"95","45","43","25.72","81.04","6.1","226.73","rice"
"78","52","43","23.28","84.97","6.66","240.33","rice"
"85","45","37","21.09","81.25","6.42","203.59","rice"
"90","42","37","26.17","81.72","6.06","250.27","rice"
"83","43","40","21.75","80.49","7.87","196.55","rice"
"63","45","39","20.39","83.34","5.28","183.49","rice"
"80","49","40","22.23","84.38","6.6","249.13","rice"
"84","49","40","20.73","83.03","7.87","268.18","rice"
"68","43","39","24.1","80.94","6.62","298.43","rice"
"91","46","39","25.15","83.64","5.07","234.57","rice"
"85","48","41","26.26","82.16","7.41","244.1","rice"
"84","46","40","24.07","84.01","6.95","270.3","rice"
"60","60","44","21.04","82.77","5.73","262.99","rice"
"96","46","42","24.99","84.04","6.26","223.18","rice"
"85","40","40","26.93","81.78","6.21","220.77","rice"
"97","41","38","24.71","80.12","5.88","228.76","rice"
"95","41","42","24.16","80.12","5.15","193.53","rice"
"60","60","36","23.63","82.46","6.63","274.1","rice"
"76","35","40","22.46","80.91","7.71","235.81","rice"
"81","45","35","25.31","80.7","6.23","265.66","rice"
"88","50","44","20.71","80.67","5.67","201.98","rice"
"65","56","39","22.47","82.16","6.78","288.42","rice"
"77","57","40","23.91","83.16","6.21","228.3","rice"
"93","53","45","23.24","82.45","7.59","207.57","rice"
"87","46","40","26.93","81.31","6.78","228.51","rice"
"88","42","43","23.49","82.84","7.21","253.18","rice"
"84","51","36","23.84","83.13","6.21","206.41","rice"
"82","38","39","20.05","82.77","5.43","298.56","rice"
"70","42","41","25.95","81.03","6.71","237.37","rice"
"94","50","41","24.02","81.64","5.56","218.79","rice"
"81","60","43","26.11","80.73","5.42","245.5","rice"
"68","40","42","25.12","83.12","5.87","240.73","rice"
"84","45","43","25.17","83.5","6.9","216.69","rice"
"87","35","39","26.93","81.67","5.62","207.63","rice"
"80","49","37","22.45","83.16","5.94","234.99","rice"
"87","47","43","26.93","80.62","6.25","211.16","rice"
"60","60","43","22.86","81.76","6.14","229.13","rice"
"60","50","39","23.73","81.73","5.58","268.58","rice"
"91","47","42","22","80.66","5.72","290.62","rice"
"81","50","42","25.23","82.76","7.87","259.52","rice"
"78","49","38","24.39","81.16","6.27","298.56","rice"
"99","45","44","24.82","83.09","7.16","245.03","rice"
"81","56","42","26.45","84.97","6.68","247.73","rice"
"89","51","44","24.85","81.62","6.3","249.56","rice"
"70","41","38","25.14","82.81","5.59","239.78","rice"
"94","60","40","26.93","81.36","6.95","237","rice"
"82","47","38","23.24","81.5","6.68","215.16","rice"
"72","39","38","24.72","80.12","6.32","298.56","rice"
"75","51","41","20.05","83.13","6.04","209.5","rice"
"72","49","39","23.18","83.13","5.01","185.69","rice"
"92","44","43","23.67","81.89","7.3","255.37","rice"
"72","50","36","26.77","82.79","6.17","269.24","rice"
"68","54","41","22.89","82.29","5.73","251.84","rice"
"95","42","41","23.69","80.79","6.47","265.93","rice"
"96","60","44","21.37","84.75","6.55","283.8","rice"
"62","40","41","25.99","82.88","6.29","182.56","rice"
"87","52","40","24.54","80.84","6.45","203.76","rice"
"90","47","39","25.87","81.96","7.05","269.42","rice"
"78","46","36","23.84","83.8","7.87","229.47","rice"
"90","55","42","23.91","82.41","6.43","264.9","rice"
"85","44","45","24.2","81.36","6.86","278.87","rice"
"86","60","38","21.05","83","5.7","231.75","rice"
"89","42","39","22.01","84.26","6.82","278.87","rice"
"93","49","43","25.25","81.75","6.91","239.4","rice"
"68","45","42","23.41","81.71","7.33","247.98","rice"
"77","54","35","22.13","82.29","5.71","295.08","rice"
"77","55","39","26.93","82.21","6.65","256.52","rice"
"74","44","39","24.63","81.27","5.59","268.22","rice"
"79","45","40","24.37","81.71","6.36","182.56","rice"
"84","59","40","24.69","80.41","7.23","222.84","rice"
"75","53","37","21.7","80.12","7.87","237.63","rice"
"70","48","43","25.83","81.83","6.22","294.33","rice"
"93","48","41","23.68","83.02","5.87","238.51","rice"
"70","48","40","20.86","84.36","5.71","223.31","rice"
"84","50","35","24.3","80.99","6.45","257.31","rice"
"83","35","37","22.77","83.43","5.75","278.39","rice"
"63","42","42","23.37","82.09","6.61","219.98","rice"
"61","42","38","23.58","80.35","6.93","182.56","rice"
"90","49","39","21.79","80.12","6.01","182.56","rice"
"77","49","39","23.11","82.07","7.25","257.45","rice"
"61","35","39","26.31","84.15","6.89","182.56","rice"
"85","46","40","21.74","81.77","5.26","239.26","rice"
"96","42","42","26.25","80.12","6.32","289.21","rice"
"63","47","37","22.67","84.01","5.37","268.61","rice"
"82","42","37","22.26","82.83","5.99","231.21","rice"
"79","58","45","24.03","84.97","5.64","221.56","rice"
"91","52","39","25.53","82.6","6.21","206.98","rice"
"81","44","38","21.81","81.25","6.1","281.66","rice"
"80","48","37","25.54","83.23","7.27","225.68","rice"
"73","58","38","24.72","80.59","6.26","233.56","rice"
"81","46","38","25","83.9","6.25","243.61","rice"
"72","47","45","25.86","82.32","6.98","298.56","rice"
"77","47","42","20.05","82","7.86","265.88","rice"
"66","45","38","22.17","83.66","6.35","274.04","rice"
"86","45","37","23.05","84.97","6.84","253.31","rice"
"69","54","42","22.88","80.95","6.19","246.28","rice"
"85","36","41","21.04","83","6.41","240.57","rice"
"67","45","41","26.24","82.8","6.71","248.14","rice"
"90","39","41","22.39","83.92","6.18","229.44","rice"
"76","40","40","20.54","83.68","7.41","225.19","rice"
"88","35","41","23.28","82.61","5.01","254.69","rice"
"77","50","39","23","82.33","6.99","245.14","rice"
"86","44","39","25.13","80.98","7.02","228.16","rice"
"89","43","39","21.34","84","6.6","298.56","rice"
"90","48","36","21.75","83.91","7.6","268.59","rice"
"60","52","35","22.91","81.39","6","224.63","rice"
"87","46","40","22.88","82.53","6.66","294.2","rice"
"85","54","39","23.71","83.96","5.54","198.05","rice"
"64","41","39","21.99","80.82","6.57","207.26","rice"
"60","47","39","22.4","80.69","5.79","182.56","rice"
"74","55","43","22.54","84.2","6.52","272.52","rice"
"99","41","35","25.09","80.12","5.54","237.7","rice"
"65","49","38","26.27","82.38","6.06","260.25","rice"
"79","50","38","23.12","84.42","6.63","182.56","rice"
"91","37","43","23.92","80.65","6.93","208.12","rice"
"92","55","37","23.46","82.03","6.33","190.54","rice"
"75","49","40","22.05","83.94","6.74","251.15","rice"
"80","52","40","23.13","83.04","6.37","239.92","rice"
"99","54","43","22.96","82.49","7.53","204.59","rice"
"65","40","39","22.45","80.91","5.67","252.64","rice"
"71","47","41","22.91","83.07","6.96","232.05","rice"
"77","53","37","21.36","83.98","6.07","229.45","rice"
"95","58","42","20.18","83.95","6.8","264.77","rice"
"72","49","40","25.99","83","5.99","283.29","rice"
"71","40","43","24.41","80.68","5.7","212.69","rice"
"89","41","41","20.69","83.2","5.61","195.81","rice"
"82","55","37","23.96","83.8","5.86","207.94","rice"
"81","47","40","26.13","83.45","5.72","219.45","rice"
"87","55","42","24.78","82.86","5.65","245.14","rice"
"82","43","37","25.19","81.02","7.54","198.26","rice"
"84","35","38","25.25","80.79","5.35","226.69","rice"
"84","60","41","21.08","80.44","5.11","201.27","rice"
"86","54","39","20.11","82.83","6.18","246.53","rice"
"85","46","35","21.24","81.67","7.32","189.63","rice"
"99","35","45","24.82","82.12","6.14","298.56","rice"
"78","46","42","22.28","82.9","6.03","219.95","rice"
"86","54","39","25.32","83.39","5.82","206.54","rice"
"89","54","45","20.16","81.85","6.28","257.19","rice"
"90","55","38","23.05","81.79","6.34","255.47","rice"
"82","51","37","20.05","81.29","6.07","284.91","rice"
"86","47","40","24.07","83.22","5.63","182.56","rice"
"60","56","45","25.07","83.69","5.21","266.05","rice"
"73","57","43","22.72","83.71","7.24","212.99","rice"
"87","41","44","22.34","81.26","6.62","197.36","rice"
"69","35","41","25.5","82.11","5.83","182.56","rice"
"74","47","43","24.53","82.03","5.01","197.84","rice"
"72","52","38","21.89","80.93","5.01","218.76","rice"
"60","56","40","23.08","84.97","6.3","235.01","rice"
"79","44","45","24.84","81.09","6.1","250.23","rice"
"76","38","39","23.33","81.53","7.05","238.23","rice"
"81","54","45","23.54","83.12","7.34","207.33","rice"
"88","48","41","22.28","82.1","7.41","237.99","rice"
"79","41","40","25.06","81.56","7.63","214.52","rice"
"98","48","42","23.73","81.61","7.87","227.18","rice"
"62","58","36","23.2","81.87","7.34","254.55","rice"
"70","60","35","23.21","84","6.6","187.1","rice"
"86","60","39","24.86","82.25","6.49","282.89","rice"
"86","43","43","20.05","81.71","5.9","235.85","rice"
"60","38","41","24.12","84.47","5.14","254.41","rice"
"96","59","38","20.4","82.38","5.01","235.38","rice"
"76","45","35","25.49","80.56","5.83","182.56","rice"
"87","59","38","26.15","83.24","5.78","260.96","rice"
"87","56","45","24.18","81.44","5.88","225.73","rice"
"74","47","43","20.9","80.94","6.01","232.86","rice"
"82","56","39","23.07","84.51","6.66","205.86","rice"
"75","52","40","23.79","82.6","7.25","278.25","rice"
"89","44","42","21.7","81.29","6.07","217.39","rice"
"82","35","43","21.97","80.98","5.63","261.72","rice"
"82","47","40","24.12","80.12","6.99","182.56","rice"
"99","51","41","21.64","81.11","6.42","195.91","rice"
"60","46","45","23.03","83.22","6.22","275.81","rice"
"92","54","45","21.81","80.86","5.65","277.05","rice"
"74","52","43","26.93","84.5","6.22","192.61","rice"
"82","42","42","23","83.09","7.09","228.28","rice"
"90","41","41","24.21","80.12","6.66","238.08","rice"
"63","58","36","23.89","81.04","6.48","256.07","rice"
"87","50","42","24.86","84.49","7.44","257.17","rice"
"80","46","42","21.25","80.17","6.42","206.67","rice"
"63","35","42","24.43","80.12","6.61","248.1","rice"
"80","42","38","26.93","81.24","5.45","269.72","rice"
"63","48","43","26.93","82.82","6.98","233.25","rice"
"68","39","45","26.08","80.16","7.31","225.69","rice"
"78","43","38","22.11","81.14","6.36","250.9","rice"
"84","48","44","24.03","81.94","5.01","284.65","rice"
"92","44","38","23.29","82.06","6.84","182.56","rice"
"95","47","38","25.24","83.76","6.4","253.46","rice"
"84","51","38","23.66","83.35","5.79","229.66","rice"
"88","41","40","21.09","82.26","6.06","182.56","rice"
"93","60","45","25.63","82.94","6.81","222.71","rice"
"83","35","41","20.05","81.29","6.05","242.18","rice"
"62","47","39","25.89","80.53","6.33","215.77","rice"
"65","35","40","22.5","80.12","6.71","182.56","rice"
"88","38","38","22.48","84.97","5.19","267.14","rice"
"84","54","43","21.5","84.01","5.64","270.1","rice"
"74","45","36","23.28","84.69","7.21","228.09","rice"
"90","53","39","22.37","84.53","6.77","266.09","rice"
"60","45","41","22","83.09","7.85","223.69","rice"
"82","52","38","25.92","82.2","6.63","213.9","rice"
"89","46","40","23.93","81.29","7.15","213.84","rice"
"99","46","38","21.29","83.4","6.3","191.78","rice"
"74","50","42","26.93","80.69","6.97","209.41","rice"
"90","46","42","24.79","81.39","5.94","199.35","rice"
"77","51","38","25.9","82.79","5.59","182.56","rice"
"76","36","40","21.3","82.72","7.63","207.63","rice"
"82","37","44","22.12","84.43","6.99","258.49","rice"
"98","57","42","22.08","83","6.52","252.58","rice"
"85","45","37","22.77","81.54","6.35","182.56","rice"
"89","39","35","23.23","80.72","7.03","293.38","rice"
"77","43","45","26.62","83.72","7.8","246.34","rice"
"73","45","37","26.93","82.16","6.38","217.58","rice"
"80","46","40","23.32","83.33","7.21","233.18","rice"
"78","52","38","24.88","81.85","7.87","246.92","rice"
"81","52","36","24.73","81.12","5.97","182.56","rice"
"74","40","37","24.98","82.11","5.87","260.06","rice"
"89","40","39","22.64","82.78","6.39","197.11","rice"
"67","60","42","24.54","82.94","5.01","265.89","rice"
"74","46","35","24.71","81.49","5.76","236.06","rice"
"77","53","42","26.63","81.71","6.97","216.18","rice"
"77","60","41","23.47","82.52","6.97","183.53","rice"
"85","43","45","21.8","82.89","5.01","288.61","rice"
"73","41","39","25.27","81.57","6.33","197.18","rice"
"60","47","38","21.84","80.12","5.83","251.9","rice"
"87","40","41","26.93","82.25","6.38","298.56","rice"
"98","51","38","25.57","81.62","6.66","220.62","rice"
"84","36","42","24.33","80.49","6.8","237.08","rice"
"84","47","38","21.59","83.27","6.73","279.58","rice"
"83","60","41","21.7","82.43","7.74","230.82","rice"
"80","35","38","26.19","80.69","6.16","281.56","rice"
"72","35","45","20.67","84.82","5.33","263.52","rice"
"74","48","38","26.93","84.6","6.18","216.57","rice"
"85","60","36","20.05","83.06","7.87","273.01","rice"
"75","55","40","24.98","82.33","6.01","247.4","rice"
"60","43","40","21.63","80.12","5.63","278.68","rice"
"99","60","35","26.77","84.07","6.91","209.7","rice"
"70","51","44","23.68","80.91","6.28","271.89","rice"
"92","41","45","21.62","80.98","6.06","217.88","rice"
"69","52","36","25.95","82.46","7.22","223.36","rice"
"71","46","39","23.21","84.06","6.24","263.58","rice"
"65","46","42","23.27","80.84","6.29","234.11","rice"
"88","60","39","24.17","82.92","6.73","216.36","rice"
"93","48","40","20.46","80.79","6.38","252.89","rice"
"60","57","44","25.22","83.03","7.19","238.09","rice"
"96","55","40","22.45","82.03","5.36","265.34","rice"
"79","36","39","23.49","82.78","6.54","283.65","rice"
"70","54","41","26.06","81.8","6.9","211.54","rice"
"65","51","44","24.03","83.07","5.75","214.96","rice"
"81","37","39","23.69","82","7.55","196.13","rice"
"79","43","40","24.04","83.67","6.49","231.11","rice"
"62","59","40","26.93","82.45","6.38","267.39","rice"
"82","42","38","21.05","81.64","6.64","221.08","rice"
"60","57","40","24.26","80.24","7.8","182.56","rice"
"72","35","35","24.6","81.7","5.36","212.49","rice"
"74","37","43","22.38","80.26","6.55","214.81","rice"
"83","43","38","23.84","84.52","5.98","238.81","rice"
"87","42","38","25.1","82.38","6.47","182.56","rice"
"73","52","35","22.38","82.12","6.65","261.51","rice"
"95","42","43","23.38","80.43","5.91","208.45","rice"
"78","49","44","21.35","84.97","6.83","262.98","rice"
"87","43","41","20.17","81.57","7.53","217.25","rice"
"76","41","43","25.5","80.97","7.01","264.18","rice"
"87","50","39","24.71","82.42","6.9","268.49","rice"
"92","51","42","23.78","80.63","6.94","189.53","rice"
"89","47","42","26.93","83.12","7.71","192.4","rice"
"67","53","44","23.49","81.22","7.79","267.41","rice"
"82","42","38","22.45","81.17","6.82","286.22","rice"
"84","47","40","26.93","81.61","5.15","229.35","rice"
"80","35","39","23.03","82.2","6.45","249.01","rice"
"66","59","41","23.06","80.87","6.96","187.73","rice"
"75","41","35","23.62","80.18","6.93","231.58","rice"
"72","46","36","21.94","82.62","5.78","243.26","rice"
"70","40","38","22.3","81.3","5.72","213.43","rice"
"60","52","41","22.26","84.97","6.17","238.8","rice"
"77","50","39","23.77","80.12","6.41","206.33","rice"
"82","47","45","25.33","82.4","6.82","191.97","rice"
"99","60","43","22.11","84.7","5.36","227.45","rice"
"71","35","35","20.05","82.04","5.97","260.21","rice"
"89","49","39","23.65","83.14","5.92","267.76","rice"
"70","60","35","22.74","80.12","6.28","277.36","rice"
"85","35","36","21.02","81.2","5.41","182.77","rice"
"91","42","38","25.87","80.12","7.87","185.87","rice"
"69","43","38","25.85","84.12","6.25","279","rice"
"94","42","43","22.6","83.79","7.87","298.56","rice"
"90","44","39","24.84","82.07","5.45","241.08","rice"
"86","53","42","20.05","81.1","7.05","253.53","rice"
"70","40","36","20.05","83.56","6.68","225.59","rice"
"75","49","36","25.41","81.92","7.4","253.37","rice"
"82","46","43","20.57","83.26","5.48","253.61","rice"
"82","54","39","22.52","82.63","5.87","263.5","rice"
"94","60","44","23.99","82.26","6.66","192.52","rice"
"74","52","42","23.77","82.83","6.96","236.82","rice"
"60","43","39","23.83","82.7","5.87","278.61","rice"
"89","57","41","26.93","81.32","5.34","237.28","rice"
"77","44","42","24.97","81.62","7.09","292.29","rice"
"74","41","38","25.09","83.91","5.9","233.85","rice"
"72","51","45","20.85","83.08","6.11","265.54","rice"
"87","58","43","24.7","80.84","6.23","225.35","rice"
"60","51","42","22.25","81.37","6.42","282.53","rice"
"99","54","41","24.51","80.7","5.01","265.46","rice"
"75","46","37","21.11","84.22","7.85","258.6","rice"
"99","45","40","25.79","82.16","5.88","278.56","rice"
"79","51","41","23.37","81.92","5.96","241.89","rice"
"70","57","45","21.22","83.4","7.43","248.51","rice"
"82","56","38","23.06","80.79","7.1","238.31","rice"
"88","43","37","24.24","82.42","6.05","275.39","rice"
"71","58","38","21.97","83.74","6.85","240.21","rice"
"96","53","37","22.96","81.74","6.97","258.06","rice"
"82","37","39","21.55","82.65","7.04","265.35","rice"
"87","50","42","24.06","82.67","6.66","250.01","rice"
"95","49","41","24.19","81.26","7.22","182.56","rice"
"86","50","37","26.05","84.06","5.59","214.47","rice"
"85","42","44","22.5","81.59","7.4","256.5","rice"
"93","53","39","22.99","80.27","6.3","265.44","rice"
"76","55","44","25.02","83.93","5.31","252.21","rice"
"91","50","36","21.9","81.83","6.03","197.82","rice"
"83","60","36","24.53","80.12","6.27","188.58","rice"
"78","49","43","24.72","80.88","7.6","182.56","rice"
"77","60","45","22.12","83.34","7","196.8","rice"
"89","39","42","22.56","82.53","6.47","258.77","rice"
"78","48","35","23.51","81.86","5.39","217.6","rice"
"71","48","38","22.89","81.65","6.19","213.78","rice"
"74","46","38","26.19","83.29","5.66","228.55","rice"
"97","55","37","22.93","80.23","5.01","264.74","rice"
"82","41","39","23.68","82.01","7.11","258.23","rice"
"84","49","41","25.04","80.12","6.99","268.28","rice"
"92","41","45","24.68","83.42","6.89","294.38","rice"
"68","35","42","24.09","83.05","6.34","182.56","rice"
"72","55","39","24.2","82.64","7.55","206.76","rice"
"60","55","35","23.3","83.26","5.4","231.74","rice"
"60","54","40","23.87","82.82","7.46","247.3","rice"
"69","50","41","25.17","81.85","5.62","228.54","rice"
"72","57","36","25.51","82.19","6.38","202.65","rice"
"87","44","40","20.98","82.48","6.33","269.61","rice"
"72","42","37","24.56","83.9","6.77","232.15","rice"
"80","58","35","26.93","81.26","7.02","197.19","rice"
"73","49","43","22.39","83.56","6.08","232.52","rice"
"85","58","40","22.62","82.74","6.64","258.69","rice"
"86","47","35","21.44","81.42","5.01","220.21","rice"
"74","58","38","23.23","80.12","5.37","182.56","rice"
"76","35","41","26.25","81.37","6.28","201.86","rice"
"76","60","39","24.02","83.85","5.84","224.12","rice"
"82","37","37","22.58","84.97","5.84","220.43","rice"
"82","45","40","23.52","81.99","6.28","209.05","rice"
"68","56","42","21.41","83.62","5.7","228.53","rice"
"77","50","45","21.92","82.36","6.66","183.53","rice"
"86","45","42","24.34","80.6","7.34","223.08","rice"
"82","54","45","24.95","81.19","6.6","261.75","rice"
"85","35","42","22.72","83.31","7.04","210.16","rice"
"90","41","38","26.35","80.22","6.61","199.64","rice"
"73","48","40","24.18","84.63","7.23","243.64","rice"
"99","51","38","26.13","81.06","5.37","221.08","rice"
"76","59","42","25.03","82.77","6.22","182.56","rice"
"77","48","41","23.4","80.41","6.36","298.56","rice"
"62","51","36","22.84","80.82","6.44","225.21","rice"
"70","51","43","25.69","83.09","6.64","235.63","rice"
"99","44","40","26.25","82.5","6.68","224.11","rice"
"74","56","39","26.93","82.94","7.28","182.8","rice"
"90","49","45","23.62","80.82","6.65","288.05","rice"
"72","47","44","25.21","80.41","5.84","249.06","rice"
"74","46","42","23.72","80.18","6.92","294.15","rice"
"85","48","44","22.12","83.32","6.61","247.11","rice"
"72","52","43","22.86","81.98","5.74","229.24","rice"
"78","54","41","23.35","81.47","5.76","260.1","rice"
"84","52","44","23.42","80.6","6.66","268.49","rice"
"80","52","35","25.15","82.74","5.42","185.19","rice"
"60","47","44","23","83.37","6.76","281.22","rice"
"99","58","41","25.96","81.61","6.58","199.78","rice"
"78","47","39","26.93","81.28","6.88","205.73","rice"
"79","48","36","21.57","81.11","6.9","208.59","rice"
"78","44","35","25.83","81.97","6.92","209.77","rice"
"82","59","42","23.95","81.38","5.92","215.63","rice"
"99","48","40","20.91","82.08","7.87","215.54","rice"
"99","51","39","25.59","83.15","7.87","188.09","rice"
"70","36","40","24.85","82.49","5.55","182.56","rice"
"89","45","37","23.51","80.12","5.68","257.04","rice"
"70","42","43","25.46","80.36","5.01","218.57","rice"
"87","35","45","25.26","83","6.39","220.45","rice"
"78","49","37","24.76","80.85","6.07","269.07","rice"
"83","38","37","22.22","82.17","7.15","222.98","rice"
"85","51","43","24.7","81.75","6.75","254.94","rice"
"64","46","36","26.63","80.27","5.45","261.59","rice"
"83","51","41","26.62","80.12","6.96","277.72","rice"
"87","50","37","22.86","80.44","6.67","198.42","rice"
"73","50","38","22.95","82.62","5.49","233.82","rice"
"87","41","41","24.69","83.15","6.79","282.24","rice"
"67","52","41","26.03","81.63","5.92","204.03","rice"
"86","47","38","20.27","82.18","6.25","232.69","rice"
"75","46","39","23.73","82.45","7.81","213.26","rice"
"78","51","41","26.52","84.24","5.01","264.1","rice"
"84","53","38","20.05","81.21","7.22","280.66","rice"
"84","47","41","23.32","81.35","7.05","194.35","rice"
"84","54","45","24.5","81.18","6.03","259.19","rice"
"67","60","42","21.55","81.66","5.33","198.91","rice"
"80","40","38","22.72","80.34","5.34","270.14","rice"
"70","49","42","23.39","84.31","7.87","290.88","rice"
"75","39","42","21.02","82.84","7.14","212.23","rice"
"85","60","36","22.9","82.97","6.62","298.56","rice"
"79","49","41","22.13","82.92","7.28","216.53","rice"
"71","35","45","21.08","84.35","6.91","233.27","rice"
"78","52","41","26.93","84.04","6.92","255.4","rice"
"73","50","37","26.93","82.86","7.06","204.43","rice"
"69","43","36","22.62","81.43","5.98","219.23","rice"
"77","57","42","22.97","81.63","6.86","231.16","rice"
"62","60","41","24.88","82.79","7.02","279.6","rice"
"86","43","39","26.93","84.03","6.71","250.5","rice"
"75","56","38","20.05","83.58","6.92","262.78","rice"
"94","51","36","26.93","83.47","5.99","209.41","rice"
"72","52","40","24.25","83.16","5.51","266.62","rice"
"82","44","42","23.78","82.56","7.48","245.52","rice"
"72","40","37","23.44","81.6","5.8","286.37","rice"
"79","37","45","22.69","80.68","6.98","269.32","rice"
"81","53","41","23.82","82.99","6.59","201.28","rice"
"60","53","39","25.21","82.42","5.89","247.71","rice"
"83","50","37","26.51","82.47","7.18","219.33","rice"
"76","41","44","22.7","82.07","5.16","243.18","rice"
"67","40","41","24.06","83.01","6.85","278.53","rice"
"75","60","41","22.52","83.74","6.65","230.21","rice"
"74","42","41","21.56","83.09","6.57","279.82","rice"
"87","50","37","26.12","83.62","7.87","249.33","rice"
"79","46","45","26.21","80.12","6.03","245.58","rice"
"64","46","44","21.47","81.67","7.55","214.97","rice"
"73","35","38","25.4","82.51","7.3","214.23","rice"
"76","60","35","22.97","84.02","6.35","298.56","rice"
"65","60","38","24.75","84.76","5.44","223.25","rice"
"95","43","35","25.5","82.19","7.87","284.99","rice"
"68","41","40","24.35","82.63","7.03","198.51","rice"
"85","45","38","22.33","81.6","6.8","237.3","rice"
"99","46","44","21.06","83.62","6.96","286.06","rice"
"72","42","42","23.95","81.88","7.2","248.64","rice"
"86","53","44","20.05","84.03","6.51","217.4","rice"
"76","52","43","25.9","81.48","7.53","205.47","rice"
"81","39","38","21.87","82.11","6.25","269.5","rice"
"88","42","38","22.37","80.9","6.73","260.23","rice"
"78","35","37","25.67","84.77","5.94","204.42","rice"
"67","60","35","26.14","81.54","5.91","215.74","rice"
"90","57","42","25.77","83.66","6.15","209.93","rice"
"73","52","42","21.14","82.97","6.5","283.37","rice"
"72","57","35","22.03","83.32","5.5","212.07","rice"
"80","35","43","25.64","81.7","7.18","235.18","rice"
"93","60","41","26.25","80.35","5.58","199.54","rice"
"70","58","38","23.87","80.12","6.02","234.09","rice"
"75","57","38","24.56","80.12","7.51","281.38","rice"
"83","40","40","22.53","80.92","6.75","252.79","rice"
"60","48","43","24.05","82.86","6.64","212.54","rice"
"87","54","41","21.84","80.14","6.23","213.92","rice"
"86","55","37","24","80.89","5.94","208.32","rice"
"74","41","37","24.15","84.12","5.97","182.56","rice"
"80","44","39","24.66","81.54","6.48","203.8","rice"
"72","49","40","26.93","84.97","7.01","208.18","rice"
"87","57","40","26.59","80.6","6.15","186.64","rice"
"70","50","35","25","81.38","7.8","182.56","rice"
"96","51","45","23.27","80.12","7.6","239.91","rice"
"61","44","42","22.15","82.29","6.09","267.85","rice"
"60","48","37","23.2","82.42","6.36","262.55","rice"
"64","42","41","22.42","81.11","5.01","288.36","rice"
"63","35","43","25.35","80.12","6.01","200.45","rice"
"81","57","41","25.93","80.12","6.33","253","rice"
"75","49","39","23.76","82.96","6.41","186.08","rice"
"77","43","40","25.22","83.16","7.69","246.63","rice"
"81","39","43","20.65","81.39","6.01","257.83","rice"
"75","52","41","23.3","82.09","6.39","234.94","rice"
"60","35","45","23.76","80.84","6.13","261.81","rice"
"80","52","35","23.01","83.95","5.79","231.75","rice"
"68","54","41","20.05","83.53","6.29","296.2","rice"
"65","58","40","21.84","84.97","6.23","253.43","rice"
"87","48","42","23.29","83.4","6.83","298.56","rice"
"89","38","44","26.93","82.7","5.57","195.95","rice"
"76","38","38","25.39","81.95","6.64","247.47","rice"
"97","41","38","23.36","80.12","7.05","216.69","rice"
"76","59","41","24.96","81.13","6.56","211.61","rice"
"66","35","37","22.36","80.12","5.36","224.59","rice"
"74","52","38","25.15","81.85","6.89","228.4","rice"
"66","52","41","25.03","81.66","6.16","231.68","rice"
"90","52","37","25.59","81.32","6.39","186.01","rice"
"69","45","36","24.3","81.84","7.02","298.56","rice"
"83","60","43","25.42","80.12","5.68","207.37","rice"
"97","41","42","22.52","82.52","6.15","203.84","rice"
"61","38","41","25.7","80.35","5.88","286.84","rice"
"71","42","39","23.35","80.12","6.25","218.18","rice"
"75","42","38","21.37","80.87","6.68","259.29","rice"
"69","42","43","22.92","80.24","5.75","204.22","rice"
"87","49","41","24.03","84.89","6.75","243.49","rice"
"78","48","43","20.05","83.29","6.77","209.34","rice"
"61","55","36","22.48","82.44","6.88","209.23","rice"
"64","49","38","20.64","84.92","5.79","238.99","rice"
"73","40","43","25.48","83.73","5.14","224.56","rice"
"60","35","41","26.57","80.73","5.55","235.48","rice"
"87","60","43","22.98","84.87","5.47","298.56","rice"
"74","38","41","25.79","80.12","7.55","255.48","rice"
"76","53","38","20.05","83.14","6.27","288.99","rice"
"97","39","41","24.12","81.96","6.22","281.32","rice"
"67","42","37","22.27","81.5","5.49","204.47","rice"
"94","45","41","23.75","81.95","5.01","182.56","rice"
"87","52","39","24.15","81.39","5.01","204.34","rice"
"91","53","38","22.55","80.83","6.19","230.73","rice"
"75","42","42","23.86","81.87","5.58","203.56","rice"
"76","49","40","22.74","83.6","5.76","298.56","rice"
"71","56","44","22.58","82.35","7.32","224.09","rice"
"79","48","36","21.48","83.53","6.68","198.6","rice"
"96","42","37","22.28","80.12","6.55","225.78","rice"
"71","52","42","23.09","83.46","7.14","225.61","rice"
"99","60","35","20.05","83.46","6.26","182.56","rice"
"60","42","39","21.58","81.7","7.61","290.85","rice"
"62","48","40","24.57","82.4","5.79","298.56","rice"
"80","54","41","21.67","82.86","6.23","298.56","rice"
"81","46","40","24.31","84.96","6.62","264.69","rice"
"82","52","38","26.63","81.83","5.69","198.09","rice"
"83","45","43","25.5","83.75","6.3","229.63","rice"
"99","48","39","21.73","84.07","5.01","298.56","rice"
"81","44","45","24.4","82.86","6.32","238.52","rice"
"99","52","38","20.05","80.12","7.1","215.15","rice"
"91","38","36","25.68","80.77","7.16","269.69","rice"
"76","55","42","25.37","83.17","5.98","240.18","rice"
"87","55","39","24.04","83.58","6.56","251.19","rice"
"75","38","43","21.45","84.67","5.44","264.26","rice"
"74","59","39","26.93","81.44","5.58","223.66","rice"
"77","47","41","22.94","81.9","7.49","198.77","rice"
"93","60","39","25.18","83.78","7.23","226.49","rice"
"74","56","42","24.82","84.1","6.22","282.85","rice"
"82","49","41","22.53","82.88","5.47","182.56","rice"
"87","51","40","23.94","83.61","6.17","238.41","rice"
"74","43","40","23.25","80.12","6.7","217.16","rice"
"79","50","41","23.61","82.15","6.15","182.56","rice"
"60","56","38","24.48","82.67","6.21","281.34","rice"
"82","51","45","23.51","84.92","7.55","254.69","rice"
"97","50","35","25.04","81.82","5.5","252.62","rice"
"93","49","39","23.34","83.5","7.17","252.16","rice"
"64","37","42","22.93","81.24","5.01","298.56","rice"
"79","44","39","25.82","82.27","5.01","289.99","rice"
"60","36","40","23.75","84.38","6.53","209.95","rice"
"70","49","45","25.37","82.23","6.77","217.26","rice"
"70","42","43","23.57","80.12","6.45","215.79","rice"
"99","42","38","20.79","82.24","5.03","182.56","rice"
"86","35","39","23.94","82.31","5.62","254.83","rice"
"98","37","41","21.51","80.41","6.73","209.21","rice"
"89","35","37","23.64","80.69","6.32","232.76","rice"
"79","56","41","23.92","82.84","5.91","221.68","rice"
"73","48","43","25.17","81.1","6.9","225.64","rice"
"75","49","40","23.42","83.16","5.88","235.71","rice"
"60","47","42","24.62","81.5","6.19","249.36","rice"
"86","59","40","22.5","83","6.68","190.43","rice"
"73","57","38","26.11","80.64","5.59","263.01","rice"
"73","51","41","20.66","82.64","6.17","245.36","rice"
"90","54","41","20.4","81.47","5.3","249.99","rice"
"78","39","41","22.8","83.28","6.07","182.56","rice"
"87","52","43","22.35","81.59","7.81","271.96","rice"
"82","59","42","24.67","80.56","6.49","185.65","rice"
"84","47","45","21.25","81.2","6.49","261.23","rice"
"89","42","41","20.56","82.22","6.91","268.11","rice"
"93","41","42","25.21","82.4","5.81","229.18","rice"
"74","44","36","22.46","82.84","5.99","298.56","rice"
"83","39","39","25.72","81.95","6.34","261.14","rice"
"65","35","35","20.05","80.26","6.24","221.04","rice"
"83","35","40","23","81.91","5.01","286.52","rice"
"67","42","43","23.34","81.07","7.07","214.51","rice"
"68","41","39","23.61","81.22","7.64","264.54","rice"
"96","35","43","22.93","81.77","6.34","282.92","rice"
"60","48","41","20.05","81.76","6.28","263.78","rice"
"71","43","42","23.74","82.19","5.91","234.95","rice"
"88","46","39","22.95","82.85","5.45","235.84","rice"
"67","45","39","23.76","80.63","6.18","282.7","rice"
"70","60","41","22.54","81.88","7.5","298.56","rice"
"77","41","40","24.12","80.88","5.85","240.57","rice"
"74","35","39","22.57","80.12","7.04","206.23","rice"
"63","47","40","23.29","80.3","6.57","182.56","rice"
"80","41","45","23.48","83.19","6.95","218.06","rice"
"88","39","40","26.93","82.78","7.12","258.89","rice"
"96","35","39","20.98","80.79","6.71","236.4","rice"
"67","60","35","26.44","80.12","5.14","237.52","rice"
"60","60","39","24.56","83.6","6.6","190.8","rice"
"66","41","37","25.67","80.12","5.05","247.66","rice"
"78","46","37","26.93","84.13","6.76","272.34","rice"
"94","40","39","25.25","80.55","6.11","298.47","rice"
"80","51","36","25.2","81.74","6.28","182.56","rice"
"99","46","41","22.06","82.94","7.84","182.56","rice"
"99","52","39","23.6","80.44","5.68","260.01","rice"
"87","47","41","24.4","83.79","6.37","266.86","rice"
"69","36","38","20.05","81.42","6.9","273","rice"
"81","52","35","23","82.11","5.37","219.38","rice"
"80","54","38","20.51","83.79","6.82","182.56","rice"
"99","53","41","24.17","80.33","6.25","182.56","rice"
"89","49","43","22.87","80.77","5.94","203.52","rice"
"99","48","40","20.99","81.43","6.96","188.78","rice"
"73","53","43","26.93","81.86","5.87","194.63","rice"
"93","60","43","24.57","82","6.83","196.38","rice"
"87","56","40","21.99","81.04","5.97","234.8","rice"
"60","46","40","26.93","84.56","6.18","275.46","rice"
"87","45","38","21.88","83.01","6.05","230.76","rice"
"77","47","40","24.22","82.25","5.32","230.19","rice"
"80","56","39","22.7","80.23","7.01","204.83","rice"
"67","47","39","21.32","80.29","6.61","235.94","rice"
"88","50","37","23.71","82.48","7.04","225.65","rice"
"78","46","39","24.44","83.79","7.87","278.53","rice"
"85","37","39","24.65","84.97","6.58","182.56","rice"
"75","48","43","21.37","84.21","6.85","283.88","rice"
"74","55","35","21.78","80.12","7.37","227.33","rice"
"78","37","37","24.29","84.95","6.28","239.22","rice"
"99","53","35","22.31","80.66","6.26","183.54","rice"
"73","53","37","23.08","84.97","7.24","259.82","rice"
"99","44","37","24.58","82.14","6.62","196.81","rice"
"80","45","41","23.53","81.95","6.95","230.89","rice"
"87","51","37","23.76","81.01","5.6","239.09","rice"
"66","53","43","23.08","82.63","7.87","265.89","rice"
"83","39","38","20.76","82.14","6.68","233.02","rice"
"64","43","40","22.4","81.57","5.81","239.42","rice"
"63","56","45","21.42","82.49","7.39","235.69","rice"
"65","60","38","24.37","80.12","6.2","246.45","rice"
"94","58","43","26.38","83.3","7.33","227.49","rice"
"84","54","40","20.45","82.01","6.19","268.28","rice"
"82","53","45","22.3","83.01","5.72","258.42","rice"
"98","47","43","22.38","80.12","7.77","227.14","rice"
"92","35","37","25.64","83.54","6.2","188.05","rice"
"65","55","38","22.61","81.64","6.61","260.94","rice"
"99","56","41","23.58","83.77","6.74","187.29","rice"
"92","39","43","21.1","80.96","7.11","233.48","rice"
"69","54","42","21.44","81.59","5.37","257.06","rice"
"64","44","35","24.01","80.12","5.79","211.71","rice"
"98","50","36","26.45","82.69","6.14","183.59","rice"
"94","52","39","22.28","84.01","7.31","254.23","rice"
"91","44","37","23.14","82.73","6.38","230.98","rice"
"79","51","41","21.65","81.02","7.87","218.44","rice"
"93","50","42","24.59","81.77","6.31","182.56","rice"
"95","59","44","21.16","82.59","6.18","237.2","rice"
"75","60","41","24.4","81.32","5.01","213.4","rice"
"83","41","44","25.32","82.19","5.76","221.63","rice"
"60","45","39","24.76","83.44","6.48","259.31","rice"
"80","45","44","24.26","80.6","6.7","193.06","rice"
"94","52","45","22.81","82.68","6.92","195.68","rice"
"89","59","44","25.93","80.12","7","286","rice"
"79","43","39","26.93","82.54","7.71","265.68","rice"
"70","45","41","21","80.52","7.06","233.86","rice"
"70","52","35","21.86","82.67","5.51","186.55","rice"
"64","40","43","22.35","82.07","7.24","182.56","rice"
"72","39","40","25.77","83.06","5.93","219.13","rice"
"86","35","41","25.04","83.52","6.36","269.12","rice"
"71","51","41","26.78","84.9","6.95","213.97","rice"
"89","54","42","23.93","83.1","6.91","228.89","rice"
"78","47","37","22.66","82.11","6.86","232.08","rice"
"83","49","45","24.54","83.99","5.64","223.09","rice"
"72","54","42","22.77","82.78","6.33","240.85","rice"
"88","53","40","25.64","82.88","6.76","286.29","rice"
"99","52","40","20.05","80.91","7.71","260.79","rice"
"76","35","43","24.18","83.19","6.39","225.52","rice"
"90","45","39","23.85","82.58","6.68","270.38","rice"
"82","37","41","22.11","82.91","5.8","298.56","rice"
"97","45","35","25.86","81.57","5.42","211.69","rice"
"95","54","38","25.63","83.69","7.61","231.11","rice"
"94","56","39","22.49","81.24","6.6","217.85","rice"
"92","51","41","22.62","81.73","6.71","182.56","rice"
"81","35","40","21.04","81.36","6.36","215.02","rice"
"93","45","41","20.71","80.89","6.02","216.73","rice"
"63","38","39","23.8","83.23","7.23","292.65","rice"
"74","52","41","24.87","82.68","6.97","279.38","rice"
"95","45","41","24.52","82.45","7.87","275.37","rice"
"68","58","39","23.31","83.32","6.58","205.92","rice"
"90","60","40","23.87","82.6","5.77","182.56","rice"
"86","49","38","20.86","82.48","5.79","197.79","rice"
"94","51","38","23.19","81.82","5.71","263.16","rice"
"65","45","38","24.27","82.83","6.83","298.56","rice"
"88","46","36","21.26","84.97","6.59","182.56","rice"
"83","58","35","24.87","81.76","6.22","205.26","rice"
"87","48","41","23.6","84.3","6","252.03","rice"
"98","46","39","24.37","82.32","7.09","237.21","rice"
"89","45","44","22.65","82.31","6.22","298.33","rice"
"89","52","35","20.05","81.1","6.64","203.94","rice"
"85","50","36","22.03","80.86","6.59","253.64","rice"
"67","44","40","24.99","81.78","7.43","236.15","rice"
"85","50","40","26.42","82.25","5.26","182.56","rice"
"86","60","43","23.39","81.57","6.72","253.11","rice"
"83","40","36","26.06","80.12","6.59","191.39","rice"
"92","53","39","23.32","82.57","6.91","274.69","rice"
"99","41","41","24.83","82.97","6.93","272.01","rice"
"93","49","35","22.38","83.62","5.05","252.8","rice"
"60","44","41","21.77","81.99","6.02","253.39","rice"
"74","44","45","24.6","83.05","5.01","269.55","rice"
"92","53","41","22.03","80.54","6.19","228.38","rice"
"99","55","35","22.4","83.75","6.71","198.34","rice"
"88","52","39","25.81","84.11","6","236.99","rice"
"71","60","40","25.72","81.86","6.35","222.21","rice"
"73","35","40","21.04","81.2","7.17","237.92","rice"
"80","40","36","26.93","83.23","6.87","230.84","rice"
"75","60","41","25.16","82.27","7.5","263.16","rice"
"83","51","37","22.69","83.12","6.11","192.22","rice"
"77","52","39","21.85","83.11","5.52","257.47","rice"
"84","58","41","25.52","81.16","7.47","232.78","rice"
"83","51","36","26.68","81.47","6.51","243.84","rice"
"66","54","40","24.69","82.51","6.44","258.62","rice"
"77","37","35","22.59","82.45","6.7","298.56","rice"
"97","50","37","23.81","84.97","6","274.95","rice"
"66","60","40","22.49","82.62","5.58","188.83","rice"
"60","47","39","21.53","80.99","6.14","290.02","rice"
"80","37","37","20.05","80.12","7.35","219.68","rice"
"74","54","41","22.65","80.63","5.63","199.41","rice"
"92","55","38","26.08","80.13","7.58","184.24","rice"
"87","43","38","23.49","82.99","6.63","221.46","rice"
"83","42","45","24.37","81.63","5.98","246.76","rice"
"95","53","37","26.01","80.12","6.87","212.97","rice"
"83","36","42","24.19","82.13","7.87","298.56","rice"
"79","46","39","23.74","84.21","5.38","182.56","rice"
"99","47","44","25.77","83.19","7.54","197.07","rice"
"85","53","41","23.94","81.17","6.44","229.39","rice"
"99","49","40","24.26","84.24","5.83","258.93","rice"
"93","45","39","21.51","82.72","6.82","196.01","rice"
"67","44","42","22.02","84.37","6.34","232.09","rice"
"77","52","40","26.42","81.72","6.4","246.09","rice"
"68","47","45","21.69","83.57","5.01","182.56","rice"
"82","42","42","23.14","82.69","6.65","271.4","rice"
"95","57","42","21.01","80.55","6.58","251.02","rice"
"99","41","38","25.27","81.01","5.75","250.33","rice"
"60","49","37","20.27","84.12","7.42","276.23","rice"
"77","53","35","23.76","83.02","6.12","182.56","rice"
"78","46","39","24.35","83.89","6.48","221.62","rice"
"64","40","43","23.24","82.37","7.07","275.56","rice"
"80","38","41","24.68","80.36","7.42","242.73","rice"
"83","56","41","20.68","84.29","7.42","263.4","rice"
"79","55","38","22.55","80.12","7.25","213.73","rice"
"89","44","42","23.49","82.46","7.02","230.31","rice"
"78","59","45","22.82","82.05","6.22","253.62","rice"
"94","41","40","23.8","82.28","6.36","189.6","rice"
"63","60","42","20.99","81.55","7.27","245.45","rice"
"79","35","39","21.19","83.76","6.29","232.76","rice"
"73","48","43","20.69","81.52","5.01","222.71","rice"
"81","50","39","26.49","83.63","6.35","200.68","rice"
"62","42","38","26.23","83.11","5.89","268.14","rice"
"82","39","40","25.41","83.14","6.76","262.53","rice"
"88","41","39","22.92","82.55","6.18","231.46","rice"
"72","58","43","21.69","83.65","5.35","251.56","rice"
"60","48","39","22.22","81.3","5.6","288.28","rice"
"60","47","41","23.76","82.18","5.55","269.46","rice"
"72","51","43","21.97","80.12","5.79","182.56","rice"
"87","50","39","23.78","81.28","6.79","238.3","rice"
"88","53","41","23.89","81.21","6.03","267.57","rice"
"89","41","35","24.82","81.93","5.39","204.84","rice"
"65","51","39","23.99","83.22","5.66","266.59","rice"
"62","42","41","22.57","83.24","7.06","268.91","rice"
"64","60","37","21.25","81.11","6.68","234.55","rice"
"74","47","39","20.27","83.39","6.87","245.85","rice"
"82","45","35","20.98","84.67","5.74","211.3","rice"
"93","55","39","25.33","82.56","6.13","202.49","rice"
"83","40","42","23.78","83.59","6.82","237.92","rice"
"77","47","42","25.84","83.27","7.87","272.4","rice"
"82","43","41","21.6","80.3","6.59","224.52","rice"
"78","60","41","20.05","81.82","6.73","227.05","rice"
"80","35","40","22.18","82.51","6.32","238.74","rice"
"71","55","41","26.66","80.34","7.37","205.25","rice"
"81","53","36","21.4","82.8","5.75","222.09","rice"
"71","40","44","23.22","81.47","5.7","228.62","rice"
"84","48","38","26.93","83.12","6.72","236.6","rice"
"94","40","38","26.93","83.03","5.9","229.15","rice"
"99","54","40","23.99","84.97","6.84","255.63","rice"
"81","45","38","20.05","84.83","6.16","237.74","rice"
"88","51","39","25.58","82.49","6.73","267.13","rice"
"68","42","41","24.08","83.14","5.07","242.09","rice"
"82","43","38","23.6","83.41","7.15","234.55","rice"
"84","45","38","25","83.37","6.26","272.5","rice"
"78","43","41","26.93","84.59","7.17","233.06","rice"
"73","49","41","21.65","80.76","7.35","219.08","rice"
"92","44","40","22.83","83.97","6.07","282.53","rice"
"98","40","35","23.49","81.44","7.87","236.11","rice"
"77","49","40","25.19","82.52","6.12","297.42","rice"
"99","49","40","23.14","81.46","5.51","221.95","rice"
"68","51","41","22.7","82.64","6.52","242.15","rice"
"60","35","44","21.82","84.6","6.12","252.93","rice"
"87","43","40","23.57","81.32","6.57","226.11","rice"
"77","60","41","26.78","84.29","5.53","249.91","rice"
"66","59","41","22.24","82.92","6.04","272.81","rice"
"92","35","35","23.57","82.74","6.31","251.89","rice"
"76","60","41","21.93","83.31","6.67","236.04","rice"
"87","50","43","21.58","81.82","6","220.66","rice"
"93","45","39","25.41","82.17","5.85","182.56","rice"
"64","39","36","24.4","83.73","5.56","186.95","rice"
"98","42","40","20.05","82.31","6.01","215.31","rice"
"88","38","40","23.52","82.32","6.04","242.21","rice"
"64","56","44","23.33","81.06","5.66","203.91","rice"
"71","60","39","23.49","82.41","7.77","222.77","rice"
"60","60","35","26.65","80.16","7.12","217.33","rice"
"89","51","39","24.26","82.19","7.04","276.85","rice"
"96","52","38","23.27","80.29","7.03","257.75","rice"
"99","59","41","20.05","83.59","6.88","203","rice"
"84","35","39","25.61","80.87","7.87","242.32","rice"
"68","48","45","26.68","81.41","6.99","262.72","rice"
"75","50","41","25.78","82.38","5.47","264.11","rice"
"73","56","41","21.15","82.78","6.67","225.54","rice"
"90","47","41","22.42","82.67","6.83","244.07","rice"
"74","55","38","22.74","84.49","5.95","252.7","rice"
"85","59","38","20.05","82.98","5.71","213.67","rice"
"77","48","41","24.72","83.03","6.34","298.56","rice"
"70","43","41","22.53","82.53","5.01","263.23","rice"
"78","55","38","25.14","82.93","5.66","298.56","rice"
"85","51","40","21.91","80.61","5.67","272.15","rice"
"99","39","38","25.89","83.73","5.52","182.8","rice"
"88","53","42","25.06","81.99","6.44","200.46","rice"
"93","38","40","20.05","82.26","6.95","194.04","rice"
"79","48","39","25.41","81.69","6.07","233.34","rice"
"99","35","36","20.05","83.3","6.37","217.6","rice"
"82","59","37","23.79","84.59","5.76","207.91","rice"
"88","41","37","26.52","81.8","6.79","223.96","rice"
"82","38","41","21.09","82.21","6.63","216.74","rice"
"79","41","41","23.64","81.7","6.54","230.65","rice"
"80","45","36","24.88","80.12","7.87","192.3","rice"
"81","53","41","23.52","81.66","5.01","232.69","rice"
"99","54","35","23.13","80.12","6.93","182.56","rice"
"79","52","39","22.12","80.79","7.34","182.96","rice"
"60","48","39","22.76","82","6.48","298.56","rice"
"66","46","38","24.31","83.91","7.68","239.68","rice"
"69","46","42","20.79","81.54","6.01","182.56","rice"
"81","36","42","23.83","81.32","5.3","241.74","rice"
"81","47","39","23.28","82.01","5.8","233.53","rice"
"60","39","41","25.24","81.87","6.62","226.86","rice"
"92","52","40","23.88","80.12","5.95","264.04","rice"
"99","36","40","24.73","84.73","6.15","278.51","rice"
"69","47","41","24.04","80.12","6.24","223.43","rice"
"68","48","44","24.9","83.07","6.7","237.03","rice"
"85","57","37","23.17","83.47","6.14","182.56","rice"
"61","47","40","22.99","84.97","5.97","182.56","rice"
"87","39","39","22.33","82.14","6.57","218.8","rice"
"68","55","36","23.49","81.14","6.71","257.84","rice"
"72","48","40","25.43","80.66","6.24","182.56","rice"
"75","55","38","24.93","80.54","5.01","182.56","rice"
"82","39","39","24.55","80.28","5.59","234.57","rice"
"74","35","45","25.68","81.89","7.39","264.9","rice"
"85","43","35","21.03","80.42","6.21","226.02","rice"
"65","44","42","22.36","82.04","7.42","199.12","rice"
"65","44","36","24.98","83.13","6.69","182.56","rice"
"77","56","44","23.43","84.06","6.46","182.56","rice"
"86","50","39","24.34","81.63","6.46","237.79","rice"
"68","54","44","22.54","82.96","6.04","215.92","rice"
"86","60","43","24.3","83.05","7.15","209.64","rice"
"81","50","38","22.96","82.57","6.48","199.02","rice"
"78","52","36","25.51","83.97","7.7","193.51","rice"
"77","59","37","25.19","82.88","6.24","285.62","rice"
"69","43","39","23.43","80.4","6.78","247.26","rice"
"74","48","35","24.12","82","6.99","202.17","rice"
"92","47","40","21.34","82.52","5.34","260.66","rice"
"83","42","37","21.72","81.24","6.43","222.61","rice"
"64","47","42","25.07","82.03","5.37","250.51","rice"
"80","43","44","26.48","81.87","7.24","264.24","rice"
"92","35","41","20.05","81.31","7.07","217.89","rice"
"89","39","35","22.51","81.66","7.87","288.12","rice"
"92","48","41","22.74","84.97","7.87","200.44","rice"
"80","47","37","23.92","84.43","5.18","280.18","rice"
"70","53","41","24.41","80.57","7.27","250.4","rice"
"86","56","42","24.84","83.38","6.63","211.99","rice"
"71","58","45","26.6","80.29","7.09","222.49","rice"
"89","43","37","25.11","83.03","6.4","284.48","rice"
"64","45","39","26.39","84.05","7.17","207.19","rice"
"73","54","43","20.05","83.29","6.49","211.05","rice"
"83","49","38","21.35","82.12","6.56","246.61","rice"
"74","37","38","21.73","83.19","7.52","257.66","rice"
"90","38","42","20.65","80.12","7.07","232.47","rice"
"77","55","40","24.53","83.71","5.94","218.87","rice"
"71","60","42","26.21","83.54","5.01","241.57","rice"
"60","54","45","24.7","80.64","6.59","298.56","rice"
"81","59","39","23.71","81.56","5.22","251.01","rice"
"87","39","44","24.36","82.96","6.86","290.4","rice"
"88","39","41","23.2","82.72","6.25","202.91","rice"
"68","46","40","26.93","84.75","7.16","202.22","rice"
"77","43","37","23.01","81.9","6.03","268.02","rice"
"75","35","42","24.68","81.15","5.5","270.33","rice"
"78","51","38","20.93","83.2","6.32","242.56","rice"
"83","46","39","24.78","82.54","5.49","248.29","rice"
"75","55","43","22.31","84.1","5.52","235.59","rice"
"81","56","41","22.92","82.06","6.55","245.62","rice"
"60","60","41","24","84.65","6.38","245.69","rice"
"60","43","41","23.13","80.12","7.87","202.18","rice"
"78","49","36","25.69","84.6","6.14","201.02","rice"
"73","53","43","23.58","82.57","6.07","224.16","rice"
"79","50","39","22.89","81.71","5.68","216.93","rice"
"87","54","41","23.87","84.69","6.21","239.75","rice"
"88","37","45","23.5","81.17","6.49","246.83","rice"
"85","45","42","23.72","81.51","6.06","190.76","rice"
"99","36","39","22.45","80.12","6.48","257.37","rice"
"85","43","37","25.13","80.12","6.21","190.37","rice"
"64","59","37","23.43","80.47","7.15","234.59","rice"
"71","54","45","25.79","83.1","6.13","276.21","rice"
"85","57","40","26.93","82.01","5.52","287.63","rice"
"60","56","39","22.25","83.91","7.58","243.42","rice"
"79","46","41","22.74","81.08","5.26","289.87","rice"
"81","51","45","22.8","80.12","5.65","237.37","rice"
"88","47","41","26.15","80.53","6.68","222.22","rice"
"81","43","39","26.91","81.42","6.01","261.4","rice"
"95","54","40","22.56","81.38","6.6","217.27","rice"
"82","45","37","26.11","81.1","5.79","230.3","rice"
"60","51","42","22.78","83.2","5.72","220.72","rice"
"88","55","37","23.02","80.99","6.77","240.09","rice"
"92","38","44","24.22","81.84","5.36","222.83","rice"
"99","51","38","21.27","81.46","5.43","227.31","rice"
"70","49","37","25.84","81.8","6.34","231.85","rice"
"94","49","42","20.91","83.91","6.04","244.77","rice"
"84","60","39","25.11","80.59","7.87","284.23","rice"
"70","58","44","26.93","81.03","6.5","222.35","rice"
"64","51","36","24.73","80.12","6.56","220.33","rice"
"67","41","41","25.23","82.44","5.84","285.47","rice"
"97","44","44","23.44","80.63","5.61","212.82","rice"
"60","54","44","22.32","83.61","6.58","241.32","rice"
"83","48","35","21.34","81.7","5.44","184.82","rice"
"85","54","41","24.84","81.94","5.41","209.57","rice"
"65","53","41","25.66","83.4","5.59","271.01","rice"
"88","57","44","23.06","81.54","5.01","182.56","rice"
"92","35","42","25.5","83.16","7.1","189.84","rice"
"92","45","37","26.83","83.02","5.73","235.28","rice"
"70","43","35","23.4","81.99","6.36","238.01","rice"
"82","38","40","22.32","80.79","6.57","256.1","rice"
"81","59","40","24.54","81.35","5.81","243.65","rice"
"85","56","41","23.53","82.25","5.67","187.26","rice"
"84","49","39","25.97","81.3","7.18","269.17","rice"
"91","52","41","25.76","81.82","6.71","288.58","rice"
"87","48","35","23.96","84.42","7.78","276.83","rice"
"60","52","45","21.99","83.26","7.1","298.56","rice"
"81","42","39","23.31","84.11","6.41","185.59","rice"
"99","60","42","23.35","81.67","5.01","264.17","rice"
"84","44","36","24.25","82.05","7.38","298.56","rice"
"86","58","37","25.05","82.57","6.87","262.77","rice"
"70","35","35","20.37","80.12","6.03","227.91","rice"
"93","35","43","24.59","81.26","5.66","194.61","rice"
"72","50","40","25.07","81.94","6.4","282.29","rice"
"98","52","35","21.46","82.71","6.7","261.61","rice"
"70","37","42","21.1","80.99","6.6","203.24","rice"
"78","46","43","22.09","84.97","7.14","261.86","rice"
"79","55","37","23.78","83.29","6.45","215.36","rice"
"81","55","38","25.54","84.72","7.68","233.67","rice"
"87","55","45","25.82","82.55","6.37","266.39","rice"
"82","42","39","25.18","81.76","6.69","260.83","rice"
"82","50","37","22.02","81.54","5.59","214.84","rice"
"85","43","42","24.61","83.18","5.57","185.97","rice"
"80","41","40","22.49","81.63","6.87","231.84","rice"
"86","46","43","20.05","80.32","7.32","184.77","rice"
"72","38","37","22.29","81.79","5.91","239.69","rice"
"99","45","39","21.85","80.87","6.48","193.34","rice"
"65","60","37","25.76","82.12","5.85","242.49","rice"
"89","39","37","24.55","84.29","5.01","251.41","rice"
"85","46","40","21.7","82.11","6.28","226.47","rice"
"92","60","41","21.25","82.89","5.01","234.72","rice"
"72","51","44","24.18","82.17","7.15","217.29","rice"
"60","42","40","23.79","83.35","5.46","212.01","rice"
"91","50","40","23.11","82.95","6.42","182.56","rice"
"83","45","45","21.55","82.33","5.69","268.25","rice"
"80","56","40","24.62","81.82","5.67","227.25","rice"
"73","56","38","23.92","81.04","7.59","253.52","rice"
"84","46","38","25.61","80.12","6.64","252.39","rice"
"68","38","40","23.5","82.63","6.86","182.56","rice"
"80","51","44","22.67","83.46","5.41","298.56","rice"
"88","57","43","23.34","81.67","5.64","255.27","rice"
"89","38","37","25.93","80.33","5.39","232.32","rice"
"94","35","41","21.74","82.02","5.65","239.73","rice"
"82","51","42","25.09","82.51","7.08","205.86","rice"
"85","41","39","24.53","81.27","7.57","270.21","rice"
"98","59","40","23.06","83.24","5.01","224.28","rice"
"99","41","42","22","82.14","5.97","298.56","rice"
"75","48","35","24.47","82.63","5.08","222.5","rice"
"89","48","35","25.2","81.53","6.97","224.41","rice"
"77","47","37","23.78","82.58","5.01","277.91","rice"
"62","55","41","26.3","81.55","5.01","182.56","rice"
"77","45","42","25.72","83.54","6.55","247.94","rice"
"77","58","36","21.04","82.73","7.47","263.9","rice"
"61","44","43","26.93","82.51","5.74","215.83","rice"
"64","48","37","24.59","82.28","7.01","247.43","rice"
"76","48","18","25.31","58.39","5.88","85.42","maize"
"86","53","20","26.55","64.15","6.53","78.74","maize"
"84","58","18","20.98","61.85","5.72","81.8","maize"
"78","39","22","26.36","68.33","5.78","62.52","maize"
"85","47","20","21.9","73.86","6.38","88.2","maize"
"72","53","24","26.55","59.87","5.84","72.1","maize"
"84","49","18","18.04","74.83","6.43","72.94","maize"
"85","47","21","20.1","67.62","6.99","60.65","maize"
"65","45","21","24.85","66.04","6.77","82.23","maize"
"93","36","17","26.55","61.72","5.92","99.53","maize"
"75","53","18","23.18","64.18","6.04","107.2","maize"
"92","42","19","25.83","66.21","6.66","108.77","maize"
"80","52","22","22.19","67.33","6.33","96.84","maize"
"92","45","22","22.61","67.45","7","76.14","maize"
"75","60","23","21.07","67.61","6.3","66.25","maize"
"62","58","23","26.55","71.25","6.11","106.25","maize"
"83","37","23","25.7","60.07","5.66","109.75","maize"
"100","39","16","21.66","66.55","6.1","107.81","maize"
"91","47","21","24.95","61.2","6.68","66.34","maize"
"77","48","21","22.93","60.89","6.25","60.65","maize"
"72","37","25","20.69","70.46","6.33","95.69","maize"
"66","38","16","24.76","65.85","5.75","90.95","maize"
"75","35","19","23.25","59.33","5.87","98.26","maize"
"85","45","17","23.61","55.28","5.83","84.83","maize"
"83","59","22","24.98","74.83","6.41","109.75","maize"
"86","60","20","26.55","71.83","6.03","80.57","maize"
"81","57","24","23.59","74.66","6.92","83.29","maize"
"94","45","17","18.81","61.05","6.98","69.18","maize"
"86","43","18","24.19","59.18","5.51","66.65","maize"
"67","48","19","25.38","59.47","6.13","89.36","maize"
"65","55","18","20.58","69.25","6.39","106.8","maize"
"93","47","23","22.35","70.93","6.42","89.26","maize"
"84","52","18","21.65","72.92","6.46","86.88","maize"
"62","41","15","22.51","64.93","6.27","109.75","maize"
"81","36","16","21.85","66.16","5.91","109.06","maize"
"82","37","20","23.82","70.45","6.63","70.72","maize"
"71","53","15","22.32","74.83","5.51","93.41","maize"
"84","48","19","21.36","62.37","6.78","77.94","maize"
"81","51","15","25.66","67.15","6.23","71.03","maize"
"71","42","19","20.24","70.82","6.25","60.65","maize"
"86","35","19","21.88","65.17","6.2","81.04","maize"
"75","53","16","22.18","59.29","6.21","60.65","maize"
"62","60","17","20.51","68.11","6.72","76.12","maize"
"74","44","18","20.76","64.05","6.04","69.23","maize"
"100","56","21","23.46","68.36","6.37","103.3","maize"
"82","50","15","24.87","71.11","7","96.62","maize"
"70","45","25","22.57","66.57","6.21","60.65","maize"
"95","49","19","18.04","65.64","5.63","81.11","maize"
"80","35","17","24.49","67.14","5.54","83.26","maize"
"60","58","22","19.69","63.47","6.18","70.32","maize"
"84","42","25","23.56","65.81","6.5","83.71","maize"
"92","60","21","24.16","61.48","6.23","83.24","maize"
"88","55","21","18.04","64.02","6.08","60.65","maize"
"97","41","20","20.28","67.34","6.07","96.35","maize"
"82","55","23","23.32","73.3","6.77","82.38","maize"
"86","44","19","23.1","62.73","6.23","95.88","maize"
"84","41","21","23.75","55.67","6.35","88.69","maize"
"93","47","15","25.5","59.45","6.02","67.18","maize"
"95","60","21","19.2","64.06","6.61","109.75","maize"
"68","49","18","22.17","64.42","5.94","78","maize"
"72","55","18","18.04","62.91","6.54","90.43","maize"
"60","47","19","21.79","62.04","6.33","77.98","maize"
"72","43","22","23.12","69.81","7","103.99","maize"
"71","41","20","24.9","59.87","6.82","66.86","maize"
"73","48","16","24.11","57.88","6.52","77.61","maize"
"78","36","18","24.2","63.6","5.69","69.44","maize"
"70","51","17","22.14","65.34","5.51","86.35","maize"
"86","50","21","19.6","57.5","5.95","88.82","maize"
"86","46","21","22.62","71.12","5.9","87.9","maize"
"66","49","25","24.68","63.61","6.53","89.54","maize"
"62","43","22","22.43","66.99","6.45","64.73","maize"
"60","41","15","25.19","65.62","6.04","91.33","maize"
"88","49","23","24.15","62.19","6.31","82.12","maize"
"64","44","20","24.56","58.59","6.3","73.78","maize"
"60","49","25","25.86","61.57","6.43","107.03","maize"
"60","46","25","20.11","60.74","5.86","98.97","maize"
"72","42","16","18.91","74.83","6.18","86.7","maize"
"83","39","24","22.82","68.22","6.51","104.05","maize"
"87","54","21","21.98","58.67","6.07","62.2","maize"
"85","57","19","19.31","68.55","6.14","68.42","maize"
"78","35","20","26.5","74.83","6.06","81.05","maize"
"77","50","21","20.33","68.5","6.24","89.1","maize"
"84","59","20","20.52","65.88","6.1","60.65","maize"
"62","57","21","23.33","64.76","5.55","69.02","maize"
"73","45","19","22.28","61.05","6.32","83.98","maize"
"67","45","19","23.34","63.04","6.11","77.45","maize"
"80","45","21","23.74","59.3","6.4","60.65","maize"
"74","41","25","22.59","61.12","5.75","80.75","maize"
"72","60","17","25.28","60.87","6.22","72.39","maize"
"70","35","19","25.38","67.43","6.6","68.78","maize"
"82","39","17","21.92","67.9","5.72","65.59","maize"
"95","54","20","22.21","71.14","6.32","90.17","maize"
"84","59","23","23.47","65.99","5.81","61.42","maize"
"82","51","23","19.94","66.19","6.02","87.97","maize"
"70","53","21","20.96","70.81","6.96","68.86","maize"
"60","58","15","19.2","65.55","6.16","109.75","maize"
"75","35","22","24.63","66.95","5.62","71.97","maize"
"91","54","18","22.97","71.47","6.47","84.86","maize"
"62","54","16","20.98","61.13","5.99","68.47","maize"
"60","50","21","19.6","62.33","7","90.66","maize"
"82","44","15","24.83","60.89","6.85","102.17","maize"
"85","55","20","19.1","68.86","6.18","90.44","maize"
"86","51","25","26.55","61.88","6.83","82.92","maize"
"78","53","18","26.42","72.68","6.51","89.85","maize"
"77","46","15","20.35","61.72","6","108.7","maize"
"100","43","19","25.29","63.39","5.92","90.46","maize"
"91","55","18","24.32","71.04","5.77","65.36","maize"
"73","47","25","24.19","65.4","6.21","84.41","maize"
"85","57","24","26.55","63.81","6.08","95.69","maize"
"77","42","20","26.24","62.37","6.58","101.12","maize"
"87","56","16","20.24","64.57","6.78","69.58","maize"
"97","48","15","20.77","74.83","6.8","80.49","maize"
"78","59","18","18.81","65.54","6.01","109.75","maize"
"85","54","19","24.5","63.37","6.2","72.82","maize"
"78","39","17","19.67","68.55","5.82","73.33","maize"
"79","51","20","26.55","66.12","6.16","88.92","maize"
"66","44","24","18.04","64.46","5.96","89.52","maize"
"70","60","18","22.74","63.65","6.49","75.48","maize"
"67","41","19","22.16","60.21","6.37","86.25","maize"
"70","41","20","20.56","70.98","6.77","71.36","maize"
"92","35","23","22.26","66.9","5.99","84.74","maize"
"60","52","20","18.72","67.9","6.58","65.95","maize"
"79","49","24","23.42","62.53","5.66","72.9","maize"
"95","45","17","20.3","61.98","5.51","79.14","maize"
"100","38","20","25.35","67.22","6.52","60.65","maize"
"71","47","21","20.49","59.21","6.45","71.33","maize"
"76","45","18","20.97","72.74","6.07","81.26","maize"
"64","35","19","19.53","63.96","6.06","97.3","maize"
"90","44","17","23.75","72.97","5.85","60.76","maize"
"86","48","25","22.33","55.28","7","107.79","maize"
"73","58","16","24.63","68.28","6.02","69.54","maize"
"68","45","15","25.07","56.72","7","96.34","maize"
"87","45","19","24.25","63.4","5.56","109.75","maize"
"73","55","22","26.55","72.46","6.1","93.23","maize"
"66","41","17","22.41","64.21","6.38","72.92","maize"
"60","47","16","20.37","61.85","7","89.35","maize"
"68","45","18","22.58","63.29","7","60.65","maize"
"72","35","23","23.65","66.02","6.48","66.69","maize"
"86","57","18","23.35","61.6","6.28","91.33","maize"
"68","40","19","22.2","65.46","5.73","96.35","maize"
"73","35","18","18.04","67.51","6.68","107.09","maize"
"66","60","19","23.64","66.25","6.27","60.65","maize"
"60","41","19","23.14","69.42","6.42","69.83","maize"
"89","52","21","22.44","63.3","6.94","90.43","maize"
"90","47","18","19.39","67.92","5.88","71.96","maize"
"67","44","16","20.25","63.92","6.78","70.48","maize"
"90","53","24","22.27","55.28","6.06","66.88","maize"
"61","60","18","19.66","68.65","6.49","92.24","maize"
"76","44","21","18.2","65.79","6.82","81.57","maize"
"69","52","22","18.04","59.71","5.76","99.97","maize"
"64","48","17","21.05","63.27","6.26","68.12","maize"
"60","42","15","21.01","62.42","6.41","101.04","maize"
"86","51","16","24.82","68.37","6.51","89.59","maize"
"66","42","15","21.32","65.55","6.7","77.61","maize"
"60","58","18","20.98","69.71","6.36","60.65","maize"
"86","44","21","21.27","66.94","6.25","84.95","maize"
"81","42","17","20.7","68.42","7","90.06","maize"
"83","48","19","21.27","68.71","6.19","85.19","maize"
"84","50","19","20.63","62.15","5.51","83.75","maize"
"88","50","23","25.15","61.22","6.44","65.38","maize"
"60","54","25","22.77","72.39","6.36","60.65","maize"
"87","35","21","23.21","62.57","6.58","108.35","maize"
"89","56","22","23.94","59.79","5.82","101.23","maize"
"71","56","15","24.74","66.9","5.82","86.28","maize"
"85","60","20","21.75","72.15","6.53","109.75","maize"
"68","54","17","24.33","65.85","6.3","96.38","maize"
"67","35","23","21.17","74.83","6.33","66.05","maize"
"91","60","19","23.77","72.82","6.25","83.81","maize"
"81","43","20","24.14","66.69","6.64","69.95","maize"
"66","52","20","20.93","73.39","5.61","82.2","maize"
"93","58","24","21.27","65.41","6.91","94.01","maize"
"88","39","18","23.97","64.61","6.48","103.04","maize"
"76","56","17","24.3","64.89","6","88.74","maize"
"60","35","17","24.33","66.58","6.45","84.26","maize"
"73","44","20","20.49","62.35","5.84","64.92","maize"
"81","59","23","25.09","64.13","6.49","91.33","maize"
"80","58","15","19.57","63.98","6.57","96.35","maize"
"99","42","24","21.78","59.11","6.26","81.83","maize"
"73","40","20","25.83","65.79","5.91","85.43","maize"
"84","46","22","23.91","70.35","6.75","70.4","maize"
"72","58","20","23.6","71.93","6.77","77.36","maize"
"85","60","18","23.06","65.69","6.32","62.98","maize"
"78","35","21","19.53","67.29","5.51","66.2","maize"
"80","47","19","26.55","67.59","5.7","77.52","maize"
"60","43","21","26.55","70.36","6.03","68.97","maize"
"77","40","20","21.29","55.28","6.22","91.89","maize"
"60","47","15","23.25","74.83","6.52","72.79","maize"
"83","59","22","23.63","57.77","5.91","107.35","maize"
"78","45","17","26.55","62.01","6.68","96.15","maize"
"68","46","22","23.79","70.51","6.75","82.28","maize"
"88","46","24","25.6","64.82","6.78","70.93","maize"
"79","46","19","24.12","68.21","6.45","94.34","maize"
"72","56","19","18.49","74.83","6.25","69.43","maize"
"100","48","16","23.26","62.77","6.66","109.74","maize"
"87","43","22","26.55","73.79","6.48","60.65","maize"
"95","50","19","25.49","66","6.18","72.63","maize"
"73","53","20","22.86","63.23","5.88","96.81","maize"
"62","39","25","20.41","70.74","6.23","79.46","maize"
"80","60","15","21.18","74.1","6.14","89","maize"
"86","60","21","22.81","65.28","5.93","63.8","maize"
"92","49","20","21.36","56.89","6.36","79.74","maize"
"80","35","22","23.29","61.51","6.48","98.81","maize"
"65","49","20","18.88","58.32","6.15","77.98","maize"
"100","51","17","26.55","68.43","6.67","71.8","maize"
"96","38","21","22.01","65.96","6.8","87","maize"
"96","41","19","23.73","70.08","5.8","92.39","maize"
"79","51","21","21.25","57.87","6.4","74.89","maize"
"80","42","21","25.1","56.22","5.89","60.65","maize"
"69","54","21","20.52","60.14","6.49","84.21","maize"
"64","48","15","22.7","66.31","5.91","104.63","maize"
"75","60","18","20.08","57.6","6.63","109.75","maize"
"83","53","22","21.05","65.4","5.96","66.91","maize"
"82","47","21","20.23","66.52","6.14","85.06","maize"
"84","42","17","22.05","66.45","6.84","85.23","maize"
"72","46","25","20.39","73.94","5.72","75.07","maize"
"74","44","18","18.6","56.13","6.41","73.99","maize"
"74","44","20","24.05","68.87","6.17","98.86","maize"
"86","56","16","21.06","55.28","6.16","109.75","maize"
"88","50","24","22.72","56.32","6.86","70.17","maize"
"70","53","24","25.47","72.09","5.99","109.75","maize"
"88","56","20","21.83","61.84","6.2","106.64","maize"
"74","35","19","21.12","71","5.97","89.22","maize"
"77","60","15","22.25","58.78","6.41","69.63","maize"
"75","49","22","26.55","74.83","6.11","60.65","maize"
"77","60","23","19.73","68.47","6.19","84.14","maize"
"76","60","15","18.04","65.24","6.25","60.65","maize"
"83","42","23","22.37","68.58","6.41","60.65","maize"
"83","53","18","22.31","57.26","6.56","67.61","maize"
"78","47","18","24.16","68.77","6.81","60.65","maize"
"85","35","23","25.75","70.88","6.12","80.58","maize"
"67","52","21","20.11","66.3","5.51","82.73","maize"
"79","39","21","18.04","65.73","6.09","92.82","maize"
"82","43","21","25.41","63.48","6","71.27","maize"
"88","36","20","18.04","70.51","5.96","60.65","maize"
"85","45","20","19.99","64.45","6.61","80.8","maize"
"69","46","17","21.46","68.63","6.09","64.83","maize"
"73","48","19","20.55","65.62","6.1","86.4","maize"
"76","43","20","24.23","63.48","5.56","90.9","maize"
"83","56","21","21.67","73.94","5.89","88.03","maize"
"61","37","22","24.74","64.17","5.81","78.91","maize"
"68","43","19","20.48","64.93","6.14","65.69","maize"
"77","36","21","20.61","65.12","6.52","93.17","maize"
"77","45","17","20.07","60.26","5.93","94.33","maize"
"66","60","15","23.6","67.82","7","82.71","maize"
"82","45","24","25.61","74.8","6.34","86.55","maize"
"88","48","17","23.41","70.58","6.32","60.9","maize"
"100","57","22","21.94","62.78","6","94.58","maize"
"60","41","17","21.52","65.47","6.96","73.79","maize"
"96","49","20","20.26","62.36","6.36","91.11","maize"
"78","35","18","23.2","69.23","6.5","92.78","maize"
"70","55","23","18.35","70.06","6.4","68.58","maize"
"79","41","23","20.77","66.15","6.87","103.07","maize"
"92","49","20","26.55","64.97","6.67","79.97","maize"
"83","38","20","26.45","55.28","6.56","106.65","maize"
"60","38","17","18.04","58.15","6.45","60.65","maize"
"82","46","22","22.8","72.93","5.87","87.65","maize"
"88","53","17","22.95","73.49","5.86","109.75","maize"
"96","48","17","24.11","61.34","6.52","64.1","maize"
"62","43","22","23.66","71.75","6.77","79.74","maize"
"78","35","18","20.78","63.32","6.1","80","maize"
"77","56","20","23.26","64.77","6.62","68.23","maize"
"81","42","15","21.57","60.9","5.72","83.36","maize"
"60","39","19","23.75","60.69","6.48","95.42","maize"
"75","44","23","18.51","62.78","6.33","86.66","maize"
"84","49","19","22.24","70.21","6.29","64.72","maize"
"87","53","16","18.87","65.16","6.07","83.86","maize"
"88","52","17","26.55","55.28","6.71","60.65","maize"
"72","48","21","20.36","59.23","6.46","104.8","maize"
"84","53","21","26.22","72.61","6.5","60.65","maize"
"60","48","15","23.13","74.35","6.1","60.65","maize"
"60","47","16","26.04","68.98","5.51","109.75","maize"
"82","56","22","21.75","64.24","7","69.38","maize"
"64","35","17","23.45","67.17","6.1","104.51","maize"
"67","57","15","18.04","62","6.33","101.42","maize"
"73","40","23","23.69","71.4","7","85.11","maize"
"86","51","21","22.32","67.6","6.4","105.6","maize"
"90","49","21","22.83","58.99","6.39","72.15","maize"
"88","50","20","19.94","58.34","6.34","60.65","maize"
"67","49","18","21.51","67.52","7","89.05","maize"
"81","52","19","22.19","61.32","6.19","97.59","maize"
"83","52","19","19.31","70.67","6.24","102.68","maize"
"76","47","15","24.86","74.83","6.26","89.44","maize"
"74","38","20","23.54","69.55","5.77","84.7","maize"
"60","37","22","24.51","69.34","6.41","77.37","maize"
"66","57","20","24.02","69.16","6.78","84.15","maize"
"81","59","22","25.19","62.73","6.19","107.71","maize"
"78","50","15","26.55","58.47","5.69","66.2","maize"
"79","52","23","20.47","66.5","6.2","60.65","maize"
"95","60","18","23.21","55.69","6.37","84.41","maize"
"60","56","18","21.64","67.23","6.56","60.65","maize"
"63","48","22","18.04","67.76","5.9","92.65","maize"
"82","60","15","19.1","63.14","6.05","60.65","maize"
"67","51","25","21.15","73.49","6.08","86.55","maize"
"94","60","22","23.94","61.05","6.25","76.5","maize"
"80","39","15","23.62","63.94","6.08","90.24","maize"
"92","60","22","22.1","58.21","6.21","82.94","maize"
"90","36","20","19.93","64.84","6.32","73.45","maize"
"87","59","21","20.68","66.52","6.51","82.4","maize"
"75","45","21","23.37","65.6","6.13","75.7","maize"
"75","42","20","24.66","64.36","6.67","88.91","maize"
"80","48","20","20.09","68.55","6.24","60.65","maize"
"87","57","19","21.36","71.84","5.75","109.75","maize"
"60","50","16","23.5","58.28","6.32","84.71","maize"
"89","45","22","22.08","74.83","6.43","90.01","maize"
"74","54","24","26.38","59.23","5.76","92.66","maize"
"77","55","25","20.65","67.38","5.95","94.52","maize"
"79","51","22","24.17","62.81","6.6","76.69","maize"
"91","45","18","18.7","68.31","6.87","97.48","maize"
"60","35","20","20.92","55.28","6.04","104.11","maize"
"84","39","16","22.71","69.97","6.36","99.81","maize"
"63","59","23","25.48","66.36","6.03","89.95","maize"
"67","44","20","19.43","68.14","6.49","93.28","maize"
"75","53","19","24.22","72.16","6.41","87.44","maize"
"76","44","20","18.23","71.95","6.14","76.14","maize"
"60","42","19","22.2","55.28","5.78","86.95","maize"
"60","41","24","25.47","73.31","6.88","64.95","maize"
"78","42","16","23.24","58.58","6.78","88.47","maize"
"60","43","25","20.64","57.72","6.68","88.52","maize"
"89","45","15","25.11","64.73","6.37","104.18","maize"
"83","35","18","18.95","58.13","6.14","97.47","maize"
"87","51","19","22.84","65.07","6.23","99.53","maize"
"81","54","22","22.83","56","6.02","87.34","maize"
"95","49","16","18.04","58.75","7","103.1","maize"
"85","56","21","25.78","62.15","6.46","80.15","maize"
"92","50","20","20.83","55.28","6.04","99.51","maize"
"60","35","19","22.9","70.75","6.52","70.39","maize"
"89","51","22","24.06","62.84","6.74","105.03","maize"
"80","45","18","22.95","65.02","6.59","108.24","maize"
"87","42","19","25.14","60.53","6.37","83.74","maize"
"77","58","18","24.72","66.36","6.98","74.85","maize"
"90","60","23","19.86","67.76","6.84","97.03","maize"
"72","42","16","22.83","55.28","5.82","72.71","maize"
"68","40","18","21.94","56.03","7","70.32","maize"
"81","45","22","24.56","70.05","6.1","78.56","maize"
"60","39","16","22.66","65.98","5.85","77.12","maize"
"63","47","16","22.68","67.14","6.77","65.38","maize"
"63","37","21","23.07","62.73","6.31","70.88","maize"
"88","51","25","23.27","63.62","5.62","100.57","maize"
"79","56","18","24.95","65.48","6.14","96.06","maize"
"63","51","19","24.94","58.42","6.85","64.93","maize"
"74","35","21","21.39","62.56","5.81","86.07","maize"
"60","45","24","21.1","70.71","6.19","77.22","maize"
"98","60","23","20.97","65.34","6.17","60.65","maize"
"81","47","23","22.94","61.19","6.1","78.52","maize"
"68","53","15","18.94","60.58","5.94","96.35","maize"
"60","35","19","22.01","61.37","6.28","91.05","maize"
"89","60","23","24.36","56.99","6.07","75.07","maize"
"93","38","19","24.14","68.78","6.22","89.47","maize"
"70","46","21","21.03","69.63","6.64","106.08","maize"
"68","60","21","21.77","62.1","6.06","67.94","maize"
"95","35","15","20.66","62.54","6.39","109.75","maize"
"75","48","17","21.48","58.61","6.64","97.33","maize"
"60","53","22","26.55","71.35","6.96","97.5","maize"
"92","45","16","22.05","65.8","6.07","99.75","maize"
"83","46","21","20.41","55.28","6.17","80.95","maize"
"79","58","18","25.41","69.31","5.85","65.35","maize"
"64","56","23","24.78","74.32","6.19","85.68","maize"
"77","42","22","23.54","68.76","6.51","95.1","maize"
"60","52","21","22.48","55.28","5.9","60.65","maize"
"94","60","23","19.5","74.18","6.61","85.06","maize"
"81","49","17","25.77","61.41","5.93","109.75","maize"
"68","40","21","20.72","55.28","6.35","89.93","maize"
"92","43","25","22.31","56.33","6.73","83.88","maize"
"71","46","20","18.04","62.72","7","109.75","maize"
"79","53","22","19.55","68.3","5.75","86.79","maize"
"91","46","15","25.01","65.52","6.05","89.48","maize"
"60","35","20","24.05","64.56","6.26","104.86","maize"
"77","53","18","23.43","64.1","5.94","99.03","maize"
"99","43","21","23.05","73.63","5.82","82.43","maize"
"84","48","23","18.31","66.1","5.72","101.25","maize"
"96","47","21","19.39","69.22","6.93","86.62","maize"
"81","60","25","21.74","67.46","6.92","100.95","maize"
"85","50","15","18.87","61","6.07","93.23","maize"
"94","38","15","22.51","55.28","5.73","102.16","maize"
"60","52","18","22.94","63.03","6.8","79.99","maize"
"81","40","16","24.97","58.02","6.41","91.17","maize"
"98","52","23","20.16","68","5.86","86.15","maize"
"100","60","23","22.39","66.16","6.22","80.76","maize"
"77","48","19","23.3","67.25","5.73","60.65","maize"
"82","54","24","25.15","60.6","7","78.61","maize"
"84","50","20","23.12","60.17","6.18","79.38","maize"
"84","48","18","23.51","56.66","5.51","60.65","maize"
"70","60","15","22.26","64","6.16","99.07","maize"
"60","42","17","20.64","65.9","6.14","68.22","maize"
"76","46","20","21.38","58.6","6.21","72.7","maize"
"74","47","21","25.91","64.68","5.88","86.02","maize"
"88","35","20","26.55","57.71","6.84","89.98","maize"
"65","50","15","23.11","66.74","6.02","72.37","maize"
"82","57","18","20.51","55.28","6.44","77.42","maize"
"88","47","15","21.13","71.15","5.68","87.68","maize"
"91","46","22","22.44","68.29","6.23","91.91","maize"
"60","44","22","26.55","74.83","6.38","90.08","maize"
"61","47","21","19.59","63.57","5.92","95.17","maize"
"61","45","20","18.04","70.67","7","73.45","maize"
"79","50","20","23.52","71.69","7","88.67","maize"
"82","35","25","18.04","69.31","6.43","108.55","maize"
"80","60","19","22.95","66.77","6.02","96.18","maize"
"81","41","20","25.25","65.68","5.97","74.97","maize"
"86","50","24","21.41","64.32","6.77","96.1","maize"
"100","36","24","22.74","68.68","7","103.83","maize"
"70","44","18","26.55","74.62","6.5","78.82","maize"
"85","50","19","23.25","70.39","6.93","91.28","maize"
"67","47","25","23.54","59.22","5.91","86.72","maize"
"76","58","18","25.24","62.45","5.87","109.75","maize"
"97","51","19","24.5","67.21","6.66","97.61","maize"
"80","49","21","23.25","62.45","6.3","109.75","maize"
"79","35","16","26.55","62.33","6.64","97.97","maize"
"69","48","24","19.65","67.64","5.92","93.24","maize"
"62","57","20","22.95","70.48","6.12","101.01","maize"
"64","41","24","23.27","68.09","5.99","75.85","maize"
"98","59","19","18.04","66.73","5.91","81.78","maize"
"77","60","20","18.75","70.02","6.28","68.94","maize"
"77","60","25","21.31","56.9","6.92","100.91","maize"
"100","45","19","21.72","62.03","6.89","102.99","maize"
"100","56","19","19.22","56.05","6.51","64.72","maize"
"72","47","19","21.07","61.53","5.51","87.68","maize"
"82","46","17","24.8","60.06","5.65","62.01","maize"
"78","53","25","24.92","55.28","6.62","60.65","maize"
"60","40","21","19.53","62.26","6.14","80.64","maize"
"89","51","19","21.81","62.58","6.58","60.65","maize"
"97","43","22","19.14","68.76","5.78","94.94","maize"
"90","35","17","18.04","63.23","6.04","105.77","maize"
"95","39","17","20.08","58.97","6.23","103.48","maize"
"72","56","17","21.92","60.02","6.4","92.91","maize"
"79","42","22","19.72","67.38","6.16","81.2","maize"
"78","47","22","24.44","60.92","5.79","89.77","maize"
"81","60","19","20.94","67.24","6.79","74.02","maize"
"97","57","15","18.85","74.62","6.71","96.59","maize"
"94","46","19","23.81","66.08","6.29","67.92","maize"
"66","54","17","19.21","74.83","6.82","108.4","maize"
"71","40","20","23.72","63.1","5.84","103.65","maize"
"85","51","17","26.55","55.28","6.57","100.66","maize"
"60","40","24","26.55","66.99","5.51","90.8","maize"
"71","42","25","23.72","68.32","6.78","94.93","maize"
"83","51","16","26.24","74.83","6.47","106.43","maize"
"65","52","18","22.26","61.22","6.06","88.61","maize"
"82","54","21","24.33","72.79","5.91","74.4","maize"
"78","35","18","24.5","71.43","5.86","83.49","maize"
"66","53","19","23.8","74.83","6.15","76.33","maize"
"60","45","19","24.47","70.99","6.74","92.61","maize"
"100","48","15","20.29","58.55","6.3","81.43","maize"
"87","50","15","22.71","71.73","6.22","64.63","maize"
"79","35","17","26.55","65.58","5.83","84.59","maize"
"72","35","17","25.56","67.87","6.43","102.88","maize"
"63","44","20","21.1","59.77","6.18","83.8","maize"
"68","55","17","19.41","61.67","6.27","85.99","maize"
"76","35","22","25.13","68.03","6.2","75.34","maize"
"60","36","20","19.43","67.21","6.65","89.86","maize"
"64","43","20","25.99","65.09","6.28","99.93","maize"
"66","41","17","24.95","59.54","6.1","88.53","maize"
"80","51","25","26.55","69.24","5.95","83.77","maize"
"66","48","17","22.71","62.7","6.85","67.31","maize"
"61","37","18","21.34","58.14","6","69.23","maize"
"91","54","17","21.1","64.84","5.97","81.27","maize"
"88","47","21","20.88","66.09","6.23","86.97","maize"
"87","53","18","23.05","65.56","6.6","79.07","maize"
"77","42","17","22.81","67.23","6.14","77.8","maize"
"76","45","23","18.68","62.93","6.36","79.33","maize"
"86","44","18","21.72","59.56","6.59","76.84","maize"
"81","45","21","26.49","60.48","6.36","85.85","maize"
"100","42","18","19.28","71.68","6.79","68.69","maize"
"83","51","20","25.78","63.56","6.42","76.51","maize"
"99","43","15","22.68","60.31","6.34","96.96","maize"
"71","52","18","23.3","64.95","6.74","89.04","maize"
"100","57","17","21.16","64.64","6.13","60.65","maize"
"92","55","21","19.16","69.01","6.29","69.42","maize"
"85","45","18","23.65","65.68","6.52","76.06","maize"
"73","35","22","26.28","61.74","6.81","60.65","maize"
"88","54","25","26.36","66.66","6.99","60.65","maize"
"60","56","18","21.82","55.28","6.14","80.23","maize"
"79","48","22","26.55","64.78","6.61","90.6","maize"
"95","35","21","21.59","68.18","6.77","79.74","maize"
"80","58","15","24.76","64.43","5.98","84.58","maize"
"93","40","22","19.69","65.51","5.96","87.04","maize"
"74","54","19","21.16","65.78","5.98","60.92","maize"
"80","40","18","23.26","68.01","6.46","80.48","maize"
"68","51","19","24.56","62.58","6.6","73.66","maize"
"75","56","18","18.04","64.6","6.33","106.21","maize"
"61","42","20","20.31","70.47","5.96","85.31","maize"
"77","58","22","22.06","70.64","7","94","maize"
"84","51","20","23.87","66.53","5.82","89.15","maize"
"60","60","20","21.88","69.35","6.53","69.65","maize"
"84","60","23","20.99","70.74","5.77","109.75","maize"
"74","60","20","22.7","66.03","6.6","66.9","maize"
"80","46","21","20.85","62.84","5.75","96.64","maize"
"66","53","22","20.47","59.5","6.4","67.19","maize"
"84","60","19","23.58","69.84","5.76","60.65","maize"
"67","51","15","26.25","67.63","6.32","109.75","maize"
"87","50","22","23.13","64.97","6.42","88.22","maize"
"63","54","18","23.29","59.63","6.37","94.98","maize"
"66","60","18","18.92","59.95","6.76","60.65","maize"
"60","60","19","23.19","74.48","6.68","74.54","maize"
"74","43","21","25.64","71.47","6","89.49","maize"
"62","53","19","19.82","61.69","5.82","77.17","maize"
"78","43","19","24.94","69.65","6.58","94.11","maize"
"86","59","23","21.62","62.49","5.86","109.75","maize"
"86","48","24","23.72","58.54","6.12","76.23","maize"
"70","47","16","26.55","65.44","6.38","74.86","maize"
"68","55","19","22.76","72.85","6.63","109.75","maize"
"90","41","21","18.04","58.11","6.31","60.65","maize"
"64","47","18","19.18","62.2","5.51","60.65","maize"
"78","45","23","23.69","55.28","6.07","78.85","maize"
"100","41","25","24.71","65.15","5.94","88.93","maize"
"86","44","21","21.77","63.09","5.89","87.19","maize"
"77","60","17","23.79","72.06","5.55","87.03","maize"
"75","60","20","24.66","62.8","6.23","97.42","maize"
"97","54","23","18.27","57.32","5.81","93.57","maize"
"96","45","19","22.25","69.74","6.35","109.75","maize"
"65","59","18","25.92","66.74","6.31","109.75","maize"
"79","51","21","26.55","65.97","5.77","101.45","maize"
"83","60","23","23.12","56.48","5.69","89.71","maize"
"100","50","19","23.85","64.25","6.01","98.44","maize"
"71","59","15","19.56","62.04","5.82","61.2","maize"
"81","41","19","18.04","65.86","6.55","82.86","maize"
"60","44","16","21.06","67.07","6.39","98.85","maize"
"95","42","15","18.04","65.39","6.06","90.35","maize"
"72","54","21","24.86","62.95","5.92","101.3","maize"
"96","51","21","19.27","65.6","6.24","80.84","maize"
"100","46","25","21.16","68.28","6.67","66.29","maize"
"78","52","20","25.4","62.27","5.51","98.9","maize"
"89","45","21","26.55","62.71","5.63","93.3","maize"
"85","60","15","22.51","67.95","6.01","93.82","maize"
"81","47","17","20.79","65.04","6.92","100.5","maize"
"86","55","20","22.19","65.01","6.39","109.75","maize"
"74","38","20","21.91","68.19","6.39","68.11","maize"
"60","60","20","24.75","62.14","6.68","67.37","maize"
"72","42","17","25.26","74.83","5.51","78.93","maize"
"85","50","25","23.26","63.18","5.74","94.53","maize"
"84","60","24","23.67","68.42","6.44","92.95","maize"
"60","60","23","20.57","67.37","6.35","88.24","maize"
"77","46","18","25.53","59.39","6.02","80.13","maize"
"80","60","18","22.66","70.6","6.23","86.58","maize"
"60","39","17","22.43","60.68","5.81","68.43","maize"
"67","48","22","24.01","67.74","5.81","87.88","maize"
"100","52","15","25.89","63.69","6","81.33","maize"
"80","58","20","21.57","70.3","6.29","83.85","maize"
"70","47","18","23.48","55.28","6.36","71.05","maize"
"60","35","21","24.51","74.83","6.46","96.04","maize"
"72","52","15","20.49","62.68","6.02","71.15","maize"
"60","58","19","21.28","66.01","5.73","79.14","maize"
"91","54","15","23.09","68.2","6.74","92.4","maize"
"60","43","24","18.04","60.05","6.54","66.2","maize"
"86","51","19","20.66","67.12","6","70.84","maize"
"76","51","25","26.55","56.28","5.51","83.48","maize"
"76","48","23","21.97","59.47","6.28","67.56","maize"
"72","60","19","22.72","59.99","6.9","60.65","maize"
"61","50","21","23.54","60.43","5.51","107.65","maize"
"76","48","22","19.76","69.58","5.94","99.59","maize"
"85","52","23","24.28","59.99","6.04","86.93","maize"
"98","50","21","23.75","69.97","7","74.21","maize"
"65","39","17","26.36","59.19","5.96","76.28","maize"
"72","48","19","23.32","65.79","6.63","95.27","maize"
"60","60","17","23.03","61.49","6.14","97.05","maize"
"94","35","25","23.19","55.98","5.51","78.73","maize"
"72","35","20","24.63","66.58","6.6","82.52","maize"
"78","49","15","21.7","68.43","6.5","69.36","maize"
"76","39","15","19.69","68.38","7","78.77","maize"
"89","41","23","22.04","71.11","6.16","96.83","maize"
"60","52","25","24.48","59.33","6.24","88.46","maize"
"77","43","19","25.31","59.91","5.99","78.48","maize"
"71","45","22","22.32","64.01","5.52","63.88","maize"
"78","60","23","18.04","69.93","6.2","100.23","maize"
"75","55","23","23.44","55.63","6.54","85.17","maize"
"89","45","19","21.33","65.96","6.69","100.86","maize"
"92","41","15","25.38","59.41","6.26","83.5","maize"
"75","47","23","24.48","67.6","6.13","79.93","maize"
"83","35","20","20.15","59.68","6.56","84.66","maize"
"75","53","25","22.14","60.12","6.76","89.48","maize"
"90","46","20","26.41","58.31","5.51","93.95","maize"
"60","44","24","23.1","65.41","6.03","76.62","maize"
"82","47","21","23.06","71.05","6.19","74.26","maize"
"73","51","18","22.11","66.8","6.41","69.5","maize"
"78","49","16","23.9","63.03","5.81","64.92","maize"
"60","52","19","22.75","74.83","6.54","77.9","maize"
"72","44","21","20.17","71.63","5.82","60.65","maize"
"78","47","23","18.04","73.66","6.03","78.83","maize"
"94","43","17","26.55","62.54","6.71","78.67","maize"
"60","52","21","19.47","59.45","6.69","80.77","maize"
"65","48","17","22.03","59.03","6.45","106.2","maize"
"74","46","25","22.39","66.83","5.88","74.56","maize"
"64","56","20","18.4","69.43","6.65","89.36","maize"
"60","50","16","22.11","61.7","6.35","65.18","maize"
"73","59","19","24.74","55.28","6.7","105.17","maize"
"90","59","20","20.78","61.55","5.88","99.42","maize"
"65","46","19","19.54","60.13","6.53","65.68","maize"
"97","43","16","20.46","62.47","6.08","82.61","maize"
"76","58","25","26.55","72.95","6.08","104.68","maize"
"98","42","21","21.53","68.47","6.21","90.95","maize"
"76","52","18","19.17","58.46","6.84","87.01","maize"
"99","44","20","20.66","61.34","5.63","109.75","maize"
"62","52","18","26.55","61.47","5.8","109.75","maize"
"77","40","20","26.55","69.48","6.31","95.77","maize"
"60","41","19","24.91","61.46","5.74","90.36","maize"
"83","56","19","24.08","71.4","6.68","88.64","maize"
"68","46","19","21.3","65.89","6.29","84.56","maize"
"66","55","21","24.14","57.73","5.71","104.41","maize"
"85","46","19","23.62","65.76","5.77","80.31","maize"
"70","52","18","24.22","62.16","5.75","79.61","maize"
"60","46","15","23.82","65.41","6.24","75.65","maize"
"75","56","24","22.1","62.07","5.54","75.05","maize"
"71","60","23","24.1","72.21","5.74","106.5","maize"
"89","35","15","23.7","73.09","6.4","90.14","maize"
"75","48","22","18.17","58.21","6.32","95.69","maize"
"88","60","22","23.5","62.83","6.41","75.78","maize"
"86","58","22","24.5","55.66","6.57","94.64","maize"
"62","60","15","25.14","69.11","6.06","73.38","maize"
"81","51","21","26.55","70.59","6.81","109.75","maize"
"72","48","18","26.14","60.99","5.89","86.35","maize"
"80","51","20","21.78","65.24","6.24","67.83","maize"
"66","37","23","18.04","70.36","5.89","96.47","maize"
"87","46","22","20.92","70.56","6.24","76.54","maize"
"87","49","18","25.38","64.24","5.96","97.33","maize"
"66","56","22","24.92","67.09","6.31","88.47","maize"
"66","55","22","18.98","57.92","6.22","94.01","maize"
"85","44","20","26.55","62.53","6.85","94.41","maize"
"63","42","21","21.44","65.16","6.11","77.09","maize"
"66","47","24","23.69","74.83","6.07","91.17","maize"
"70","60","22","26.55","59.4","5.98","70.69","maize"
"98","47","22","26.55","70.85","6.76","79.34","maize"
"60","57","19","22.54","58.89","5.98","70.45","maize"
"76","35","18","20.81","66.93","6.07","96.44","maize"
"60","47","25","23.79","57.05","6.75","82.02","maize"
"70","49","17","24.36","65.07","6.76","92.57","maize"
"98","53","21","19.42","72.47","6.05","79.61","maize"
"79","45","16","22.14","69.98","6.27","77.34","maize"
"81","53","21","22.49","58.28","5.62","95.54","maize"
"93","35","20","24.92","64.38","6.61","81.27","maize"
"60","44","21","18.76","55.28","6.22","91.22","maize"
"78","57","20","22.93","70.46","6.43","98.83","maize"
"81","59","15","26.49","67.3","6.61","94.53","maize"
"86","42","15","23.74","55.28","6.6","109.75","maize"
"72","55","17","22.79","61.41","6.69","95.59","maize"
"85","43","20","20.91","63.57","6.29","109.75","maize"
"86","60","22","19.97","66.9","6.67","89.22","maize"
"82","54","15","24.21","74.73","6.39","60.65","maize"
"100","59","16","24.33","62.71","6.58","84.65","maize"
"82","53","22","23.12","67.04","5.75","61.83","maize"
"69","42","20","18.35","58.16","6.41","66.33","maize"
"91","50","25","24.21","71.03","6.41","81.05","maize"
"63","47","16","19.24","66.54","7","102.32","maize"
"74","41","25","24.31","55.28","5.51","101.3","maize"
"71","40","20","24.8","63.13","6.16","76.71","maize"
"85","56","22","20.65","61.51","6.87","60.65","maize"
"85","51","19","18.04","60.37","6.16","68.84","maize"
"75","38","24","24.14","74.83","5.96","109.75","maize"
"73","38","17","22.86","58.64","6.14","90.78","maize"
"76","58","21","20.62","63.71","6.32","79.12","maize"
"76","35","21","22.91","62.66","6.37","90.46","maize"
"78","43","15","24.19","69.99","5.88","64.53","maize"
"91","54","17","20.48","68.26","5.83","73.27","maize"
"62","37","25","18.89","70.51","6.25","83.45","maize"
"84","51","21","24.5","55.28","6.8","90.13","maize"
"96","54","19","23.67","67.43","6.39","63.31","maize"
"66","48","17","26.55","66.93","6.39","75.67","maize"
"91","60","18","25.19","65.89","6.51","92.95","maize"
"75","37","21","22.01","66.54","6.39","83.35","maize"
"97","49","22","25.14","64.61","6.64","97.5","maize"
"91","40","19","20.86","69.1","5.78","73.52","maize"
"88","45","18","26","69.25","5.51","78.87","maize"
"90","60","17","26.2","74.83","6.64","102.48","maize"
"98","36","17","23.73","67.66","6.07","72.56","maize"
"87","45","17","18.78","71.2","6.52","77.88","maize"
"89","35","20","24.05","74.83","6.1","109.75","maize"
"69","54","20","21.59","59.91","6.11","86.46","maize"
"78","55","23","25.03","61.67","6.8","74.81","maize"
"67","43","16","20.61","61.24","6.61","75.71","maize"
"87","48","15","24.38","67.48","6.66","93.41","maize"
"70","35","19","22.24","73.85","5.8","73.16","maize"
"73","41","19","22.41","67.93","5.83","78.11","maize"
"84","50","17","18.04","74.83","6.87","99.43","maize"
"96","47","22","21.78","70.37","6.23","109.75","maize"
"100","44","18","18.04","74.67","6.6","85.35","maize"
"84","60","23","23.3","61.53","6.46","78","maize"
"84","50","19","21.46","60.36","6.22","79.5","maize"
"76","57","17","23.36","63.1","6.35","60.65","maize"
"60","54","16","25.02","63.45","5.73","90.37","maize"
"68","45","19","19.18","65.61","6.79","82.48","maize"
"94","59","25","25.4","72.05","6.35","75.24","maize"
"86","47","18","22.57","63.65","6.73","86.85","maize"
"60","46","19","21.77","63","5.73","77.46","maize"
"88","58","22","20.52","71.91","5.9","62.74","maize"
"77","49","23","26.55","65.26","5.95","80.25","maize"
"73","50","21","25.91","69.6","6.23","77.41","maize"
"78","42","15","19.43","71.71","6.25","81.3","maize"
"66","54","16","24.54","61.63","5.95","74.34","maize"
"80","51","19","24.42","57.84","6.71","64.11","maize"
"80","50","21","21.66","62.96","6.53","86.77","maize"
"87","35","20","26.55","56.12","6.83","79.92","maize"
"71","50","19","20.78","61.32","6.5","86.9","maize"
"84","54","19","21.4","70.86","6.2","89.81","maize"
"77","36","24","25.66","69.38","6.2","97.54","maize"
"71","49","22","25.67","71.42","6.33","109.75","maize"
"99","36","23","18.04","64.69","5.8","60.65","maize"
"94","57","15","25.01","70.93","6.44","109.28","maize"
"84","58","17","22.81","57.26","6.41","60.65","maize"
"64","36","15","22.21","62.3","6.49","90.75","maize"
"84","49","25","19.86","65.64","6.42","99.6","maize"
"77","60","22","20.21","70.12","6.06","92.7","maize"
"84","60","17","19.7","56.84","6.03","72.24","maize"
"68","35","19","20.94","59.24","7","66.13","maize"
"92","55","19","26.48","70.88","6.96","89.97","maize"
"99","35","19","21.17","63.12","6.77","86.02","maize"
"60","51","21","25.72","71.49","5.85","104.95","maize"
"91","47","22","21.01","67.73","6.22","79.33","maize"
"83","56","17","22.67","60.14","6.73","63.15","maize"
"84","52","21","21.84","60.12","6.35","108.38","maize"
"65","49","18","23.24","74.83","6.6","64.89","maize"
"80","48","20","21.82","68.07","6.06","99.74","maize"
"79","41","22","21.86","71.05","6.09","96.92","maize"
"65","47","15","23.08","67.56","7","72.05","maize"
"70","35","15","18.04","55.28","5.51","86.69","maize"
"73","48","17","22.99","69.7","5.69","105.73","maize"
"80","55","15","23.44","62.73","5.77","60.65","maize"
"67","42","18","21.22","73.02","5.87","79.28","maize"
"94","39","25","22.29","59.91","6.31","88.42","maize"
"91","44","17","22.59","61.78","6.28","68.97","maize"
"82","56","17","18.62","56.99","6.15","79.45","maize"
"96","57","18","21.28","74.83","7","84.4","maize"
"86","59","19","20.23","72.8","6.38","60.65","maize"
"78","35","19","19.03","65.64","6.21","60.65","maize"
"81","55","18","26.55","72.59","5.91","81.68","maize"
"73","40","22","23.38","64.66","6.65","96.45","maize"
"83","42","23","19.95","68.87","5.69","66.62","maize"
"76","37","20","23.18","67.89","6.87","86.62","maize"
"74","46","17","25.87","65.25","6.95","73.01","maize"
"60","35","21","24","67.34","6.58","109.75","maize"
"60","51","17","25.54","55.81","7","95.2","maize"
"60","58","18","19.27","69.86","6.23","98.05","maize"
"73","57","20","21.63","55.28","7","81.8","maize"
"85","50","24","19.24","57.13","5.51","67.19","maize"
"65","39","22","25.58","68.47","6.42","109.75","maize"
"74","44","23","25.75","74.83","5.79","60.65","maize"
"72","42","21","21.23","61.58","6.88","86.41","maize"
"86","36","24","24.97","68.33","6.11","60.8","maize"
"86","44","22","20.52","55.28","6.59","66.82","maize"
"82","60","18","26.41","61.14","6.69","75.1","maize"
"69","58","23","22.58","63.7","6.46","85.87","maize"
"91","60","17","26.3","72.62","6.39","89.59","maize"
"67","52","19","18.28","59.46","5.51","83.55","maize"
"60","60","22","19.1","58.73","6.87","95.52","maize"
"95","57","18","22.35","66.54","6.44","93.6","maize"
"80","47","21","23.22","60.53","6.93","84.63","maize"
"79","44","21","22.14","63.69","6.47","99.2","maize"
"72","52","22","26.55","64.23","5.51","90.33","maize"
"88","51","17","18.04","60.52","6.52","81.74","maize"
"93","57","20","18.37","58.01","6.23","60.65","maize"
"100","43","25","21.03","60.03","6.46","76.08","maize"
"86","48","20","20.55","65.13","6.27","80.61","maize"
"60","46","24","19.93","67.26","5.51","70.68","maize"
"73","60","19","23.19","73.34","6.23","109.75","maize"
"78","60","22","20.15","68.55","6.7","99.47","maize"
"84","47","20","18.8","68.81","6.19","77.57","maize"
"84","55","19","24.97","64.43","5.9","97.17","maize"
"80","56","15","23.95","68.9","5.8","93.19","maize"
"82","50","20","20.36","70.47","6.05","88.59","maize"
"72","47","17","21.94","74.75","6.77","60.65","maize"
"62","42","21","18.16","66.35","6.56","66.25","maize"
"83","54","19","22.41","69.36","6.45","74.73","maize"
"63","56","20","23.48","64.35","5.98","70.02","maize"
"67","42","24","21.02","63.46","6.38","71.05","maize"
"72","50","25","18.04","65.79","6.43","60.65","maize"
"72","51","15","25.09","71.59","6.46","79.2","maize"
"100","54","22","18.51","66.45","6.2","109.75","maize"
"77","35","19","18.04","55.28","6.3","85.72","maize"
"97","47","17","23.16","61.38","7","87.26","maize"
"95","60","22","25.75","61.15","6.54","94.93","maize"
"77","49","15","23.33","56.87","5.64","88.5","maize"
"75","41","22","22.09","61.92","6.26","109.75","maize"
"79","35","21","26.55","62.6","6.29","68.17","maize"
"84","54","15","24.55","68.28","6.25","71.93","maize"
"86","55","20","25.11","69.26","6.06","102.93","maize"
"86","43","19","22.97","58.7","5.51","76.19","maize"
"95","44","22","21.53","57.81","6.27","60.65","maize"
"93","60","21","23.01","65.97","6.29","83.29","maize"
"83","40","24","23.29","64.28","6.22","77.52","maize"
"90","39","22","23.71","67.63","6.55","97.34","maize"
"77","45","20","24.19","66.88","6.21","78.57","maize"
"65","38","20","25.97","65.85","5.83","103.41","maize"
"62","46","24","23.88","68.1","6.09","97.81","maize"
"64","60","25","22.15","62.91","5.7","95.78","maize"
"69","42","24","24.93","60.73","6.07","84.08","maize"
"62","60","17","19.62","65.44","5.88","88.14","maize"
"80","39","24","24.33","61.19","6.02","91.85","maize"
"100","60","21","25.44","61.79","6.12","86.69","maize"
"75","50","20","26.55","55.28","6.27","98.07","maize"
"76","50","21","25.23","74.83","6.93","105.3","maize"
"79","45","23","22.4","64.61","6.61","79.61","maize"
"71","45","15","21.33","71.02","6.52","103.86","maize"
"79","51","19","22.89","64.63","6.02","102.66","maize"
"82","48","20","20.28","74.83","6.22","96.32","maize"
"69","50","17","23.88","69.12","6.75","88.31","maize"
"63","54","21","23.38","68.29","6.04","60.65","maize"
"81","45","22","21.58","60.99","6.78","104.23","maize"
"83","51","20","23.26","56","6.34","87.07","maize"
"77","56","23","21.94","58.79","6.22","79.38","maize"
"86","45","22","24.59","74.58","6.37","69.67","maize"
"67","50","24","25.32","66.86","6.23","64.24","maize"
"84","55","23","26.55","64.62","6.51","60.65","maize"
"69","38","25","23.66","71.37","6.33","81.78","maize"
"86","58","22","21.14","72.6","6.05","75.98","maize"
"60","44","16","21.77","56.26","6.07","73.03","maize"
"89","60","20","18.04","62.35","7","76.63","maize"
"64","54","23","18.77","67.44","6.04","96.88","maize"
"75","57","22","24.86","66.89","6.81","69.07","maize"
"72","41","18","21.36","64.51","6.42","63.21","maize"
"75","54","22","21.11","65.76","6.49","77.81","maize"
"88","54","21","26.55","55.28","5.59","82.22","maize"
"64","40","15","22.78","62.92","6.24","109.75","maize"
"97","37","18","26.3","55.79","5.85","66.73","maize"
"83","37","23","22.2","71.76","6.56","68.2","maize"
"60","60","23","22.04","63.06","6.36","82.97","maize"
"96","43","23","25.6","65.66","6.91","92.86","maize"
"90","47","17","23.62","66.61","6.35","97.99","maize"
"61","54","23","23.73","73.41","5.67","96.83","maize"
"75","58","15","25.95","73.76","6.8","95.66","maize"
"79","60","24","21.38","60.08","6.09","109.75","maize"
"100","48","17","21.45","63.7","6.51","64.75","maize"
"79","53","19","18.63","60.88","6.64","85.07","maize"
"91","54","18","25.19","60.93","6.59","105.08","maize"
"60","48","17","20","67.03","6.52","60.65","maize"
"78","51","18","21","57.8","6.48","70.91","maize"
"94","48","17","24.51","71.64","6.46","85.58","maize"
"72","44","20","25.32","58.22","5.87","76.46","maize"
"76","53","19","22.05","58.34","5.85","60.65","maize"
"64","42","17","18.3","59.15","6.03","86.38","maize"
"60","46","20","23.87","64.44","6.42","67","maize"
"62","52","17","23.49","61.34","6.18","104.73","maize"
"63","38","20","22.16","63.86","6.32","91.33","maize"
"67","57","22","20.18","69.39","5.51","73.76","maize"
"76","48","17","21.79","63.15","6.57","108.99","maize"
"76","53","17","20.96","63.02","6.47","109.75","maize"
"73","44","17","24.52","66.88","6.33","70.26","maize"
"73","53","21","24.76","63.23","6.8","82.26","maize"
"76","38","22","24.23","69.31","6.02","100.98","maize"
"97","49","25","24.38","60.81","6.08","60.65","maize"
"100","35","24","24.42","55.38","6.48","109.75","maize"
"87","52","20","22.35","55.28","6.29","75.31","maize"
"86","36","22","18.97","55.28","6.26","109.75","maize"
"73","35","19","18.35","66.27","6.25","78.6","maize"
"69","51","17","19.42","73.02","6.17","74.59","maize"
"66","50","15","19.91","64.81","5.55","78.09","maize"
"60","36","16","25.11","66.25","6.41","80.64","maize"
"65","46","15","22.97","58.83","6.44","102.45","maize"
"67","57","17","20.27","67.9","6.15","83.42","maize"
"69","47","24","20.86","68.05","6.1","67.46","maize"
"60","51","23","21.66","62.64","6.35","109.75","maize"
"97","46","22","23.14","61.83","5.76","102.46","maize"
"74","44","18","22.24","64.79","6.44","96.65","maize"
"86","53","21","21","69.84","6.05","104.76","maize"
"81","53","20","24.22","63.67","6.64","60.65","maize"
"95","60","19","21.51","64.4","5.9","82.03","maize"
"69","43","22","24.03","61.98","6.12","96.12","maize"
"81","43","15","22.19","65.25","5.87","86.51","maize"
"95","49","20","18.04","67.28","6.18","93.5","maize"
"92","48","19","18.92","68.12","6.32","106.44","maize"
"68","58","21","24.3","69.25","5.97","75.97","maize"
"73","48","20","22.58","60.6","5.97","87.6","maize"
"71","59","15","21.01","55.28","6.25","71.05","maize"
"94","54","21","18.11","66.72","6.2","109.75","maize"
"95","38","22","19.78","74.83","6.34","109.75","maize"
"74","49","20","23.29","60.99","6.45","60.65","maize"
"88","42","19","21.67","70.71","6.2","80.86","maize"
"73","44","20","24.38","67.62","5.53","74.22","maize"
"73","53","17","19.91","61.94","5.99","84.04","maize"
"69","43","22","24.16","68.87","5.71","82.41","maize"
"75","53","20","24.24","74.83","6.71","78.93","maize"
"90","45","18","21.29","68.33","6.63","103.34","maize"
"80","50","20","23.12","67.15","6.04","60.65","maize"
"85","35","22","24.34","73.87","5.54","60.65","maize"
"72","60","23","25.4","69.26","6.53","87.55","maize"
"75","49","19","23.38","63.93","6.31","65.68","maize"
"86","58","22","26.55","55.28","6.52","60.65","maize"
"69","45","15","22.29","65.48","6.21","84.88","maize"
"92","50","19","25.63","68.47","6.62","60.65","maize"
"89","35","18","26.07","67.48","5.78","101.37","maize"
"66","51","16","24.95","69.4","5.71","87.92","maize"
"82","50","17","25.66","71","6.37","91.97","maize"
"81","49","24","19.21","55.28","6.11","84.86","maize"
"68","57","23","24.69","71.48","6.42","70.06","maize"
"75","60","20","21.61","73.08","5.62","84.4","maize"
"81","58","23","18.9","68.48","5.87","62.29","maize"
"60","54","19","24.92","71.12","7","109.75","maize"
"92","40","17","25.15","60.87","5.95","102.33","maize"
"78","43","19","22.6","72.9","5.71","75.78","maize"
"77","45","20","25.47","72.23","6.43","88.1","maize"
"63","45","22","22.36","61.92","6.44","89.68","maize"
"85","37","17","25.59","62.52","5.96","96.09","maize"
"65","45","15","18.04","57.42","5.71","84.93","maize"
"74","44","15","18.16","64.25","5.96","63.72","maize"
"76","48","21","23.93","62.96","5.55","109.5","maize"
"78","50","18","19.71","70.98","6.1","78.52","maize"
"89","35","23","20.76","59.02","6.71","93.33","maize"
"100","52","25","23.2","62.93","6.08","74.69","maize"
"76","41","21","23.01","66.81","5.55","70.05","maize"
"60","54","16","25.4","57.43","6.79","74.95","maize"
"98","35","19","18.04","69.32","5.83","93.37","maize"
"84","60","20","19.64","60.56","5.65","101.66","maize"
"100","60","23","24.39","69.08","6.06","94.41","maize"
"90","35","22","18.55","63.96","6.46","81.51","maize"
"71","43","23","20.47","69.91","6.35","76.33","maize"
"83","52","15","23.5","63.6","5.51","73.73","maize"
"95","60","16","23.71","60.86","6.61","80.53","maize"
"62","47","17","24.11","66.43","6.53","69.58","maize"
"73","54","21","21.66","63.49","6.13","76.48","maize"
"76","54","21","24.74","66.07","6.68","70.9","maize"
"91","46","21","23.72","72.09","6.82","102.12","maize"
"81","60","20","23.13","63.17","5.51","73.65","maize"
"60","50","18","24.1","66.48","5.86","101.96","maize"
"83","50","15","20.08","64.86","6.17","90.73","maize"
"73","45","21","25.58","60.17","6.15","97.14","maize"
"83","40","20","23.16","70.16","6.19","72","maize"
"65","36","25","23.29","65.7","6.08","99.42","maize"
"100","38","22","18.63","71.09","5.85","93.96","maize"
"84","42","22","19.23","64.03","5.71","91.29","maize"
"68","42","25","21.22","65.5","6.4","83.6","maize"
"75","51","17","22.73","67.5","6.54","96.6","maize"
"82","48","24","23.8","69.24","6.27","86.07","maize"
"87","43","21","21.19","69.19","5.64","97.14","maize"
"69","53","19","22.82","64.58","6.19","77.42","maize"
"68","43","21","23.03","66.89","7","86.85","maize"
"87","40","22","22.34","74.83","6.59","64.96","maize"
"87","49","15","24.86","56.91","6.67","78.87","maize"
"95","48","22","24.94","72.76","6.95","63.32","maize"
"81","60","15","20.97","74.57","5.81","85.54","maize"
"72","60","23","22.54","64.35","6.34","97.14","maize"
"88","55","19","25.25","70.58","6.12","109.75","maize"
"60","46","25","24.08","62.98","5.97","74.53","maize"
"62","60","20","23.48","73.31","6.48","85.79","maize"
"78","52","17","24.56","68.44","5.9","94.28","maize"
"70","51","21","20.64","66.28","6.71","71.24","maize"
"92","46","21","19.52","60.79","6.38","95.81","maize"
"87","52","18","23.48","56.64","6.36","73.42","maize"
"67","55","25","20.66","55.28","6.63","65.3","maize"
"69","43","20","21.13","59.89","6.17","102.58","maize"
"78","40","19","20.63","68.14","6.32","97.61","maize"
"96","60","24","26.37","71.13","5.91","95.14","maize"
"72","57","19","21.15","70.06","5.63","60.65","maize"
"83","40","19","26.55","64.96","6.98","95.07","maize"
"69","60","23","19.57","61.01","6.13","76.06","maize"
"75","55","15","23.95","63.08","7","87.5","maize"
"88","47","22","20.91","70.36","6.57","76.92","maize"
"89","60","25","23.34","60.79","6.61","81.67","maize"
"67","41","21","24.69","59.61","6.16","84.64","maize"
"89","41","19","24.55","71.95","6.6","79.47","maize"
"78","43","15","21.45","66.05","5.74","87.64","maize"
"68","43","23","24.03","62.37","6.22","92.67","maize"
"60","54","22","20.8","63.07","7","85.34","maize"
"70","53","20","22.33","74.23","6.62","74.52","maize"
"98","49","15","21.83","61.5","6.27","75.12","maize"
"88","43","15","21.43","65.07","5.92","109.75","maize"
"85","35","19","23.17","66.35","6.22","95.84","maize"
"80","42","20","22.8","69.02","6.88","89.58","maize"
"60","43","16","20.81","60.98","6.08","61.7","maize"
"76","56","20","20.17","69.05","5.97","97.63","maize"
"66","51","22","24.05","67.74","5.85","107.36","maize"
"71","38","19","23.9","71.65","6.02","93.47","maize"
"100","51","17","22.79","59.45","6.99","86.29","maize"
"75","43","16","19.21","63.44","7","83.28","maize"
"95","51","19","19.38","73.74","6.02","81.11","maize"
"72","59","16","23.38","68.55","5.96","109.75","maize"
"60","58","16","20.26","61.42","6.39","67.74","maize"
"96","39","24","22.69","68.29","6.14","82.11","maize"
"100","52","20","22.93","68.21","6.52","73.91","maize"
"93","59","22","22.29","65.74","6.62","104.91","maize"
"93","56","24","20.26","64.95","6.75","75.56","maize"
"60","40","22","20.23","63.92","6.5","72.91","maize"
"90","60","20","25.31","65.74","6.48","90.35","maize"
"74","60","18","26.55","68.84","6.09","60.65","maize"
"84","41","16","19.48","56.99","6.68","75.79","maize"
"60","39","19","18.47","69.28","6.1","97.8","maize"
"81","35","22","21.64","57.23","5.58","88.89","maize"
"66","56","19","20.74","70.67","6.27","96.77","maize"
"67","46","18","19.99","61.98","5.96","76.39","maize"
"77","53","15","24.43","62.09","6.17","96.83","maize"
"85","42","21","18.76","66.92","6.49","109.26","maize"
"74","45","23","24.75","66.43","6.89","82.97","maize"
"68","53","18","18.88","74.83","6.36","86.01","maize"
"91","55","24","19.26","74.83","6.47","106.55","maize"
"60","50","22","23.65","74.83","6.64","78.95","maize"
"79","53","23","18.89","55.28","6.24","81.23","maize"
"95","60","17","20.79","68.27","6.43","80.53","maize"
"78","47","21","26.54","64.65","7","100.81","maize"
"86","49","21","18.04","72.31","6.29","94.35","maize"
"85","56","18","26.39","70.44","6.4","91.74","maize"
"60","49","23","18.78","55.28","6.1","97.93","maize"
"77","54","16","25.08","57.95","6.5","77.33","maize"
"60","58","20","21.17","64.01","5.99","108.86","maize"
"76","45","23","20.78","56.93","5.89","91.3","maize"
"72","52","19","26.55","70.44","5.81","68.22","maize"
"75","41","15","20.92","67.87","6.29","87.13","maize"
"72","41","19","23.15","67.97","6.56","85.46","maize"
"60","41","19","21.77","55.79","6.59","95.77","maize"
"67","49","20","26.55","74.83","6.69","86.93","maize"
"86","48","23","24.17","65.27","6.21","86.35","maize"
"84","46","24","20.35","65.71","6.34","108.25","maize"
"100","37","23","26.55","67.52","6.54","106.37","maize"
"64","53","21","22.5","62.86","5.86","87.1","maize"
"71","49","19","22.87","62.63","6.13","68.37","maize"
"73","47","23","24.75","61.12","6.37","74.8","maize"
"69","56","20","22.54","55.28","6.2","65.3","maize"
"127","49","24","22.14","81.4","7.2","88.04","cotton"
"122","47","18","23.65","79.52","6.38","80.4","cotton"
"115","45","22","24.96","79.61","5.82","82.57","cotton"
"121","55","20","24.79","79.8","7.06","98.07","cotton"
"136","35","17","24.28","81.93","7.09","84.36","cotton"
"108","35","19","23.58","75.36","6.9","99.93","cotton"
"115","45","25","24.09","80.15","7.41","80.9","cotton"
"122","45","20","23.25","79.54","6.64","81.51","cotton"
"130","35","16","24.22","78.6","6.75","75.3","cotton"
"100","46","18","23.19","79.28","7.29","73.49","cotton"
"109","60","23","22","76.99","6.54","77","cotton"
"114","48","23","24.25","80.48","6.65","89.9","cotton"
"117","53","21","25.77","75.01","7.57","94.03","cotton"
"123","54","15","23.71","75.01","7.51","67.14","cotton"
"130","44","17","25.74","76.24","7.37","99.93","cotton"
"129","35","15","24.5","78.28","7.21","83.23","cotton"
"125","43","18","23.56","78.79","6.31","76.21","cotton"
"120","39","23","24.26","80.91","7.26","60.65","cotton"
"126","36","15","24.7","84.8","6.43","73.64","cotton"
"117","41","21","22.5","76.21","7.23","72.92","cotton"
"120","39","19","23.78","83.41","7.12","82.74","cotton"
"104","51","20","22","79.83","7.06","91.15","cotton"
"131","54","18","25.73","76.58","6.88","78.33","cotton"
"122","41","18","24.44","78.25","6.09","77.32","cotton"
"118","45","22","24.47","77.76","7.27","99.93","cotton"
"107","49","16","23.14","84.88","6.53","72.78","cotton"
"109","43","20","24.85","81.02","6.44","89.05","cotton"
"117","54","22","25.99","80.26","6.87","60.65","cotton"
"111","58","25","24.61","81.4","6.77","79.83","cotton"
"101","51","21","25.17","84.16","7.55","95.3","cotton"
"126","48","25","25.18","80.24","6.97","87.95","cotton"
"114","47","15","24.64","79.66","6.86","99.93","cotton"
"113","51","21","24.16","84.16","6.59","75.5","cotton"
"140","48","15","23.46","78.37","6.22","80.22","cotton"
"108","55","20","22.89","77.83","6.5","82.42","cotton"
"107","50","16","25.19","81.35","7.13","97.65","cotton"
"107","42","23","25.64","76.83","7.2","87.5","cotton"
"115","43","20","22.73","78.25","7.44","99.62","cotton"
"100","39","19","23.85","81.64","7.73","73.89","cotton"
"138","45","23","24.86","79.58","7.04","85.36","cotton"
"133","52","19","24.01","79.85","6.88","63.98","cotton"
"118","51","15","23.88","80.94","6.58","83.68","cotton"
"117","42","21","24.4","80.78","5.8","94.42","cotton"
"122","46","20","25.78","83.58","7.23","83.39","cotton"
"109","35","19","23.43","79.24","6.51","88.56","cotton"
"100","40","23","24.52","82.43","5.8","83.07","cotton"
"133","38","21","23.27","77.47","6.43","70.73","cotton"
"116","53","15","23.25","75.65","7.6","61.4","cotton"
"109","54","19","25.99","78.27","6.56","65.57","cotton"
"119","56","22","22.82","81.89","6.15","70.88","cotton"
"117","39","25","22.21","76.43","6.5","98.98","cotton"
"116","45","22","23.65","75.69","7.6","83.58","cotton"
"111","44","20","22.5","77.64","7.56","93.1","cotton"
"121","42","19","23.2","75.37","5.99","81.12","cotton"
"124","47","19","24.96","81.43","7.29","94.09","cotton"
"106","44","18","24.72","78.66","7.43","89.68","cotton"
"124","52","20","24.34","75.01","6.51","83.66","cotton"
"131","36","25","23.2","81.28","6.92","87.56","cotton"
"121","60","17","24.36","84.88","6.95","86.17","cotton"
"111","35","18","23.23","83.6","6.93","86.24","cotton"
"120","45","23","25.11","78.49","7.99","60.65","cotton"
"122","45","19","24.78","76.58","6.42","79.67","cotton"
"111","36","18","23.63","78.48","7.06","75.33","cotton"
"100","38","23","23.93","75.14","6.96","95.78","cotton"
"125","51","20","22","76.33","7.02","68.3","cotton"
"113","44","24","24.97","80.1","6.39","84.7","cotton"
"133","35","16","23.67","82.87","6.83","60.65","cotton"
"121","48","15","24.96","80.54","7.2","85.39","cotton"
"100","35","21","23.83","82.4","6.16","70.2","cotton"
"119","35","21","22.44","75.49","7.55","75.42","cotton"
"121","41","18","23.49","83.87","7.62","99.93","cotton"
"122","43","15","23.64","81.81","5.95","74.55","cotton"
"125","45","20","23.8","82.66","6.35","64.65","cotton"
"120","46","15","23.96","81.46","6.54","82.64","cotton"
"115","49","22","23.06","80.47","6.74","87.82","cotton"
"117","38","15","25.99","78.99","7.63","89.81","cotton"
"112","55","15","23.62","80.76","6.57","67.27","cotton"
"126","60","21","23.32","81.52","5.8","99.44","cotton"
"119","55","18","22.13","78.31","7.36","95.46","cotton"
"125","54","23","22.7","78.41","6.39","99.93","cotton"
"117","46","21","23.8","75.01","7.27","60.65","cotton"
"110","48","18","24.63","79","6.13","89.45","cotton"
"107","35","21","24.27","75.01","6.32","76.96","cotton"
"138","55","21","22.97","79.82","7.3","90.73","cotton"
"114","48","19","22.69","84.31","7.69","79.91","cotton"
"125","60","15","25.99","81.27","5.8","65.62","cotton"
"122","37","16","23.72","76.03","6.79","88.6","cotton"
"108","56","18","22.63","75.63","6.06","94.8","cotton"
"133","41","24","25.25","77.91","6.2","88.58","cotton"
"119","49","17","23.21","81.24","6.81","67.47","cotton"
"106","43","18","24.14","78.39","7.43","73.07","cotton"
"140","56","20","24.49","79.16","7.08","85.8","cotton"
"137","47","24","25.61","75.85","6.62","79.77","cotton"
"109","41","15","24.92","81.26","7.99","63.51","cotton"
"127","51","21","22.78","81.14","6.54","77.29","cotton"
"122","57","19","23.5","82.25","7.58","83.32","cotton"
"119","53","16","25.94","79.78","7.67","60.65","cotton"
"100","54","18","24.01","81.96","6.57","76.8","cotton"
"120","51","25","24.66","78.89","7.99","85.27","cotton"
"116","42","16","25.15","79.31","6.25","73.04","cotton"
"115","57","24","24.72","75.01","6.77","71.65","cotton"
"112","37","18","25.79","79.57","7.23","90.67","cotton"
"140","56","19","25.41","77.46","7.11","80.45","cotton"
"109","52","15","24.74","81.78","6.82","83.2","cotton"
"117","56","24","24","75.01","6.93","84.7","cotton"
"130","45","21","22","82.26","6.43","72.55","cotton"
"104","46","25","24.26","80.44","6.58","74.36","cotton"
"125","46","20","25.72","77.83","6.7","80.18","cotton"
"109","43","21","22.57","83.24","6.5","99.93","cotton"
"123","40","19","25.35","81.24","6.44","67.14","cotton"
"127","52","18","25.34","80.4","7.45","60.65","cotton"
"123","43","22","22","78.07","6.97","95.29","cotton"
"116","58","15","25.99","79.84","6.69","60.65","cotton"
"119","45","16","24.56","76.51","7.1","82.48","cotton"
"120","42","22","24.35","80.25","7.09","68.34","cotton"
"112","35","17","24.05","78.69","7","89.44","cotton"
"130","45","21","25.99","79.46","5.82","61.47","cotton"
"118","46","19","23.77","83.69","6.56","60.65","cotton"
"117","46","18","24.54","84.88","6.52","76.38","cotton"
"115","53","21","23.41","83.2","6.26","71.49","cotton"
"117","39","16","25.17","84.88","6.99","68.01","cotton"
"124","52","19","23.22","79.96","5.9","99.88","cotton"
"107","48","21","22","82.09","6.52","60.65","cotton"
"102","35","20","24.11","81.1","7.02","80.75","cotton"
"114","47","20","23.77","81.3","7.63","99.18","cotton"
"118","48","24","24.94","84.88","7.41","72.65","cotton"
"128","46","24","24.63","79.8","6.65","96.39","cotton"
"103","48","21","24.88","82.52","7.52","73.43","cotton"
"113","40","18","24.43","84.42","6.65","76.07","cotton"
"119","43","16","25.09","81.68","7.99","82.66","cotton"
"113","41","17","23.6","84","6.63","80.56","cotton"
"119","53","21","24.76","76.98","6.87","93.53","cotton"
"122","58","24","25.99","79.04","7.27","68.38","cotton"
"124","39","15","23.64","80.34","6.39","76.98","cotton"
"115","60","17","23.51","75.01","7.48","81.58","cotton"
"134","42","23","25.55","78.79","6.72","69.12","cotton"
"105","47","20","24.27","77.76","6.34","95.04","cotton"
"104","40","18","25.72","80.31","7.15","78.14","cotton"
"104","51","21","25.9","75.01","6.68","80.82","cotton"
"126","53","24","23.49","83.88","7.2","86.71","cotton"
"111","60","15","24.58","83.92","6.71","99.93","cotton"
"116","53","20","25.98","83.33","5.8","82.85","cotton"
"100","35","18","22.09","75.43","7.2","60.65","cotton"
"124","55","25","25.99","78.62","6.35","83.54","cotton"
"118","35","18","25.99","83.44","6.93","74.45","cotton"
"111","47","21","23.09","83.93","7","91.62","cotton"
"106","44","18","24.7","81.8","7.88","60.84","cotton"
"112","39","19","24.3","77.64","6.97","69.26","cotton"
"124","50","21","25.68","75.01","7.02","85.16","cotton"
"126","47","21","22.13","80.4","6.16","83.77","cotton"
"100","56","21","23.4","79.19","5.96","83.33","cotton"
"128","46","15","23.63","82.62","6.64","82.16","cotton"
"108","41","19","23.34","84.88","7.99","72.92","cotton"
"114","51","15","25.81","79.07","6.97","65.97","cotton"
"130","52","25","25.35","76.57","6.8","67.17","cotton"
"124","53","19","23.47","84.59","6.16","89.72","cotton"
"136","49","21","25.44","80.03","7.04","78.51","cotton"
"133","45","24","25.1","81.62","5.93","82.49","cotton"
"125","42","19","24.09","79.93","7.17","61.3","cotton"
"100","51","16","24.02","77.68","6.39","68.37","cotton"
"127","38","24","24.94","84.88","6.26","88.05","cotton"
"130","43","16","23.73","78.44","6.81","69.93","cotton"
"138","59","24","24.9","77.89","6.23","83.87","cotton"
"123","37","15","24.66","75.13","6.88","79.33","cotton"
"118","50","19","23.41","84.58","7.18","94.95","cotton"
"106","43","18","24.53","77.71","7.49","89.1","cotton"
"125","52","18","23.89","84.31","6.72","90.69","cotton"
"100","56","18","25.26","81.5","6.78","77.65","cotton"
"111","40","20","24.11","80.2","6.51","76","cotton"
"131","40","17","25.99","82.32","7.37","95.91","cotton"
"123","52","21","23.34","78.84","7.45","97.71","cotton"
"120","60","21","24.77","81.68","6.48","76.74","cotton"
"113","48","20","22.35","80.48","7.26","74.29","cotton"
"103","47","23","24.96","79.47","7.1","79.02","cotton"
"107","47","15","22.55","75.01","6.08","69.91","cotton"
"131","48","21","23.8","82.97","7.61","93.1","cotton"
"105","40","15","24.43","82.84","7.06","78.33","cotton"
"104","47","18","24.84","81.68","6.76","76.15","cotton"
"111","43","16","23.43","82.96","7.18","86.24","cotton"
"120","45","19","25.17","78.15","5.8","68.44","cotton"
"100","40","18","23.06","84.74","7.99","72.79","cotton"
"128","44","23","24.5","79.02","7.14","99.28","cotton"
"118","60","22","23.46","81.68","6.99","79.62","cotton"
"105","47","19","25.18","82.66","7.39","74.36","cotton"
"119","55","21","22.62","80.84","7.38","79.36","cotton"
"127","44","20","24.67","82.48","6.94","81.1","cotton"
"100","43","15","23.18","77.4","7.99","83.34","cotton"
"125","47","25","25.99","79.98","6.78","85.4","cotton"
"121","44","20","23.83","77.14","7.04","78.28","cotton"
"127","58","18","25.75","76.41","7.46","81.63","cotton"
"125","59","19","23.25","75.18","6.83","93.78","cotton"
"100","50","19","25.09","79.99","7.51","84.68","cotton"
"133","60","18","23.83","75.01","6.08","76.33","cotton"
"134","35","20","23.23","77.89","7.58","83.17","cotton"
"118","36","19","24.2","77.04","6.1","85.04","cotton"
"100","40","21","22.73","84.88","7.79","97.25","cotton"
"110","46","18","23.41","84.88","7.38","89.57","cotton"
"121","35","18","25.33","82.17","6.64","82.87","cotton"
"140","44","15","25.17","83.37","7.1","75.66","cotton"
"119","44","21","22.89","80.23","7.6","80.74","cotton"
"104","60","21","25.99","80.3","7.92","70.97","cotton"
"140","50","17","24.76","80.74","7.23","76.04","cotton"
"136","51","18","25.12","79.26","6.95","65.53","cotton"
"115","41","15","23.93","76.96","6.79","98.35","cotton"
"131","53","20","25.91","84.88","7.06","75.19","cotton"
"127","48","18","24.94","81.04","6.79","85.62","cotton"
"116","50","23","23.4","80.04","7.46","74.22","cotton"
"119","43","18","23.61","81.98","7.75","82.5","cotton"
"124","44","16","25.53","80.14","6.86","72.03","cotton"
"137","46","20","23.38","82.18","7.29","72.06","cotton"
"111","50","23","23.64","81.16","6.93","83.93","cotton"
"119","57","16","23.75","78.85","6.05","60.65","cotton"
"116","39","20","24.53","80.41","6.21","98.75","cotton"
"117","38","18","25.39","78.19","5.8","74.04","cotton"
"126","43","19","23.84","80.56","7.99","73.01","cotton"
"121","48","19","25.99","77.3","6.53","73.34","cotton"
"101","40","21","24.93","75.76","7.39","82.98","cotton"
"129","39","19","24","82.74","7.31","88.52","cotton"
"108","52","20","25.82","80.01","6.36","85.19","cotton"
"127","47","22","25.29","76.82","7.3","96.43","cotton"
"111","60","16","23.86","79.35","6.72","73.83","cotton"
"137","44","25","24.44","75.23","6.63","70.2","cotton"
"109","49","21","22.84","84.88","6.98","80.23","cotton"
"114","60","20","24.66","76.69","7.99","61.27","cotton"
"114","53","22","23.34","77.88","6.72","63.15","cotton"
"138","41","22","25.99","80.2","7.12","79.29","cotton"
"130","38","15","23.31","79.63","6.27","99.93","cotton"
"126","58","19","22.45","75.01","7.43","78.91","cotton"
"125","35","18","24.48","77.45","6.99","80.24","cotton"
"131","42","25","25.33","79.24","7.24","77","cotton"
"116","50","22","23.5","77.82","6.7","75.44","cotton"
"112","48","15","25.16","80.81","6.33","77.09","cotton"
"136","39","18","24.07","78.43","7.46","73.32","cotton"
"111","51","25","23.9","75.22","7.76","63.44","cotton"
"133","45","20","22.24","77.8","6.63","85.35","cotton"
"100","47","22","25.99","80.45","6.61","70.14","cotton"
"121","37","21","25.52","79.31","6.71","95.29","cotton"
"103","56","20","24.14","81.3","7.26","63.29","cotton"
"115","46","23","22.99","75.01","6.64","84.44","cotton"
"113","50","15","23.48","82.88","7.32","75.44","cotton"
"106","53","22","25.99","79.93","7.43","69.38","cotton"
"127","36","21","25.19","78.95","6.53","78.02","cotton"
"122","55","21","23.24","75.01","5.92","60.65","cotton"
"114","51","17","23.3","80.36","6.37","99.93","cotton"
"114","60","15","24.69","75.01","7.42","83.65","cotton"
"113","35","24","22.09","82.71","7.07","75.47","cotton"
"113","58","16","25.32","76.65","7.28","80.29","cotton"
"130","42","18","22","80.89","7.57","85.47","cotton"
"104","50","21","22","79.76","6.31","73.43","cotton"
"122","46","15","23.68","78.43","7.87","91.34","cotton"
"114","42","19","25.41","78.31","6.64","83.7","cotton"
"113","43","22","23.06","77.91","7.54","67.68","cotton"
"116","43","17","22.91","78.01","6.71","80.77","cotton"
"115","43","20","23.86","79.97","7.18","60.65","cotton"
"121","50","25","25.11","80.98","7.6","89.07","cotton"
"100","42","16","22.3","75.68","5.95","94.67","cotton"
"115","40","18","24.55","84.88","6.94","86.95","cotton"
"102","46","25","25","79.1","5.97","96.19","cotton"
"100","60","25","23.97","77.14","6.47","65.07","cotton"
"121","36","15","24.13","83.09","6.21","67.42","cotton"
"108","36","17","23.62","80.15","5.84","87.33","cotton"
"106","41","15","22.68","78.48","5.8","63.48","cotton"
"100","50","20","24.19","80.37","7.71","78.44","cotton"
"100","56","19","24.47","78.31","6.99","64.18","cotton"
"118","51","21","22.25","79.54","5.98","85.42","cotton"
"109","43","17","25.85","81.56","6.83","92.21","cotton"
"117","54","20","22.4","82.57","6.74","81.94","cotton"
"130","54","23","22","84.88","6.54","65.83","cotton"
"114","36","16","24.38","77.99","6.92","92.92","cotton"
"106","53","20","23.47","81.57","7.09","71.19","cotton"
"120","51","18","23.7","81.23","6.8","72.72","cotton"
"123","60","21","22","78.71","7.54","85.75","cotton"
"126","53","25","24.17","76.86","7.1","71.61","cotton"
"110","39","16","24.34","79.2","6.33","78.41","cotton"
"124","41","15","24.34","83.03","7.99","87.1","cotton"
"113","44","20","25.74","75.03","5.8","84.8","cotton"
"111","54","16","24.82","79.92","6.63","70.88","cotton"
"102","48","17","23.07","75.01","7.45","85.35","cotton"
"123","43","18","24.92","75.96","6.56","89.01","cotton"
"118","44","21","22.06","79.09","7.09","78.21","cotton"
"112","46","15","23.24","84.88","6.4","72.43","cotton"
"113","48","19","23.31","82.22","6.58","89.56","cotton"
"103","50","21","23.91","76.55","6.75","88.88","cotton"
"111","40","19","25.14","75.01","6.75","85.8","cotton"
"101","46","19","23.58","83.48","6.58","81.89","cotton"
"129","44","20","22.86","81.51","7.44","88.03","cotton"
"128","44","17","24.88","77.23","6.56","89.89","cotton"
"126","45","20","23.19","77.01","6.62","85.37","cotton"
"128","54","19","22.42","79.76","6.37","86.88","cotton"
"112","40","21","23.13","79.35","7.43","83.56","cotton"
"107","35","24","23.08","77.86","6.58","99.93","cotton"
"121","49","19","25.07","82.27","7.22","99.93","cotton"
"128","60","21","23.51","84.88","6.27","69.34","cotton"
"110","51","17","25.87","77.53","7.25","88.71","cotton"
"115","36","24","23.26","78.01","6.07","76.09","cotton"
"117","42","22","25.22","76.65","5.89","91.38","cotton"
"100","44","21","24.88","81.5","6.98","60.65","cotton"
"117","43","15","22.24","79.73","7.24","80.73","cotton"
"126","43","17","24.18","82.17","6.55","79.34","cotton"
"119","54","24","22","78.95","7.15","75.96","cotton"
"100","47","16","22","80.02","7.03","88.01","cotton"
"111","48","24","24.55","82.29","6.2","90.92","cotton"
"122","37","19","23.54","78.52","6.82","75.61","cotton"
"124","47","25","23.74","82.74","6.66","88.15","cotton"
"118","45","21","23.03","75.01","7.68","75.8","cotton"
"121","54","15","24.27","76.78","7.19","86.03","cotton"
"119","42","19","25.99","75.01","6.14","75.75","cotton"
"121","40","18","25.99","75.01","7.99","81.62","cotton"
"122","53","17","23.92","76.66","7.17","81.11","cotton"
"118","38","18","25.12","82.84","7.55","88.3","cotton"
"136","45","15","25.99","81.16","6.41","77.63","cotton"
"119","36","23","24.75","81.94","6.2","85.85","cotton"
"106","49","18","24.53","84.88","6.86","71.99","cotton"
"101","45","19","22","81.28","6.71","77.17","cotton"
"112","50","21","25.47","75.51","6.84","76.37","cotton"
"116","47","22","23.36","76.16","7.16","88.99","cotton"
"102","57","22","24.49","78.97","6.47","66.37","cotton"
"133","53","18","22.94","77.04","6.69","71.37","cotton"
"112","45","24","23.22","78.3","7.22","68.53","cotton"
"111","35","17","23.51","78.09","7.63","99.93","cotton"
"121","49","17","23.64","77.73","7.16","82.01","cotton"
"120","44","21","23.89","80.35","7.49","70.57","cotton"
"121","57","19","24.36","77.01","6.4","68.52","cotton"
"105","57","20","25.11","82.11","7.67","99.93","cotton"
"105","45","21","22.73","77.97","7.29","89.45","cotton"
"132","41","22","23.83","82.03","6.41","86.61","cotton"
"134","43","15","24.75","79.12","5.8","73.59","cotton"
"111","46","15","22","75.7","7.63","96.57","cotton"
"120","53","19","25.96","80.12","6.4","72.22","cotton"
"107","58","21","23.71","82.93","6.41","99.93","cotton"
"100","45","20","24.3","84.01","7.2","70.52","cotton"
"104","40","22","23.21","79.8","6.73","74.12","cotton"
"103","50","21","24.34","77.06","7.39","97.77","cotton"
"111","44","25","23.71","80.02","6.05","75.33","cotton"
"120","48","20","23.68","79.03","7.12","74.84","cotton"
"120","44","20","25.99","79.99","6.6","67.64","cotton"
"116","42","20","22.7","79.01","6.12","83.65","cotton"
"128","35","16","24.69","81.1","6.49","83.63","cotton"
"132","44","18","23.84","78.13","6.82","79.8","cotton"
"133","50","21","25.99","83.21","7.41","71.54","cotton"
"122","45","21","23.7","79.34","5.95","76.77","cotton"
"136","49","16","23.12","84.88","6.7","96.99","cotton"
"122","44","17","22.3","76.6","6.6","73.12","cotton"
"120","45","18","23.66","80.56","6.3","80","cotton"
"100","44","22","23.79","81.57","6.7","81.16","cotton"
"128","46","22","23.07","82.31","6.88","78.74","cotton"
"129","46","21","23.86","78.77","5.81","79.67","cotton"
"100","38","22","24.35","79","7.15","88","cotton"
"118","41","17","25.99","82.27","7.19","83.79","cotton"
"120","55","21","22.36","82.49","6.96","92.55","cotton"
"116","60","19","23.83","78.44","5.84","70.52","cotton"
"116","44","22","23.82","79.47","7.99","96.75","cotton"
"100","40","19","24.28","84.88","7.55","74.19","cotton"
"120","53","21","23.4","75.01","7.05","68.85","cotton"
"132","56","19","22.6","79.35","7","85.48","cotton"
"110","48","22","23.99","79.22","6.39","99.12","cotton"
"102","45","16","24.1","78.37","6.34","60.65","cotton"
"109","49","17","23.48","84.55","6.17","87.22","cotton"
"110","50","19","22.73","78.99","7.31","75.91","cotton"
"134","53","25","23.81","80.12","6.74","88.33","cotton"
"115","39","22","24.96","81.47","7.79","98.62","cotton"
"129","35","19","23.28","75.63","7.26","75.7","cotton"
"122","37","18","25.99","80.02","6.91","76.03","cotton"
"116","49","20","24.12","82.08","6.71","65.52","cotton"
"107","50","24","24.75","80.23","7.81","90.36","cotton"
"111","42","22","25.31","80.98","6.2","75.49","cotton"
"119","53","15","25.37","78.93","6.3","82.4","cotton"
"126","45","21","23.69","75.74","5.86","70.23","cotton"
"135","39","22","24.44","79.63","7.11","70.74","cotton"
"109","45","16","24.4","80.11","7.05","90.43","cotton"
"100","48","19","23.56","75.99","7.99","60.65","cotton"
"121","57","20","22.71","78.87","7.58","88.61","cotton"
"109","35","15","24.39","80.98","6.2","92.03","cotton"
"110","48","16","22.37","78.89","7.72","85.37","cotton"
"100","43","22","23.59","78","7.16","79.47","cotton"
"123","46","22","25.74","80.37","7.99","82.22","cotton"
"103","48","15","25.54","76.2","6.92","60.65","cotton"
"122","46","23","25.17","77.16","6.47","70.14","cotton"
"117","40","19","24.94","80.55","6.13","80.22","cotton"
"115","51","18","24.72","76.87","6.79","88","cotton"
"113","49","25","24.5","75.39","6.36","60.65","cotton"
"122","55","22","24.97","78.34","7.3","68.45","cotton"
"126","44","17","23.56","81.25","6.91","76.49","cotton"
"105","50","21","24.83","82.14","6.99","66.26","cotton"
"111","40","17","23.43","81.83","7.72","88.01","cotton"
"122","46","19","25.65","80.34","7.94","61.49","cotton"
"102","54","19","24.94","80.72","6.49","62.58","cotton"
"123","56","24","24.47","77.22","7.26","68.64","cotton"
"136","44","21","23.81","80.44","7.27","78.71","cotton"
"109","46","25","23.97","84.88","6.59","81.29","cotton"
"120","37","18","22.57","81.81","6.96","83.14","cotton"
"105","47","22","25.73","77.35","6.96","73.86","cotton"
"119","46","22","23.96","78.81","6.92","88.28","cotton"
"101","42","24","25.14","80.71","6.72","67.79","cotton"
"120","58","20","23.96","83.3","7.46","82.22","cotton"
"133","38","19","23.93","77.42","7.99","64.19","cotton"
"119","52","22","22.12","80.72","6.57","85.78","cotton"
"113","43","23","24.49","80.24","7.04","82.85","cotton"
"111","49","20","24.04","79.74","6.93","93.13","cotton"
"112","37","20","22","78.25","6.51","80.18","cotton"
"116","37","21","22","78.65","7.88","82.58","cotton"
"107","60","18","22","79.48","7.99","74.65","cotton"
"103","38","19","23.67","78.69","7.99","81.27","cotton"
"127","45","19","22.29","81.31","7.29","79.8","cotton"
"109","47","20","22.69","84.56","6.23","84.21","cotton"
"133","39","18","23.07","84.4","7.22","99.84","cotton"
"122","35","21","22","81.62","6.26","85.95","cotton"
"138","41","19","23.72","79.61","7.08","69.88","cotton"
"125","39","18","24.92","76.16","7.56","62.08","cotton"
"136","44","19","24.19","80.04","6.78","85.41","cotton"
"100","35","15","24.06","77.03","7.88","72.6","cotton"
"114","51","23","22.53","79.28","6.78","77.63","cotton"
"110","60","15","23.15","78.16","5.98","86.23","cotton"
"113","43","18","23.95","78.88","6.37","65.84","cotton"
"123","52","21","23.38","83.09","7.43","84.75","cotton"
"117","42","24","22.88","84.88","6.68","71.47","cotton"
"134","40","22","22.9","75.01","7.98","81.39","cotton"
"119","35","17","22.39","79.68","6.38","89.25","cotton"
"124","50","18","22.68","76.43","6.21","88.57","cotton"
"107","60","16","23.6","76.97","6.12","74.57","cotton"
"120","43","15","22.44","79.09","7.44","71.64","cotton"
"125","45","23","23.23","83.86","7.99","77.55","cotton"
"112","50","23","24.36","79.65","6.99","93.67","cotton"
"118","38","21","25.81","80.23","6.66","99.93","cotton"
"121","47","21","22.08","80.18","7.55","74.79","cotton"
"140","37","19","23.29","80.46","5.85","84.18","cotton"
"100","42","15","24.9","78.18","7.09","99.93","cotton"
"134","36","19","25.6","81.94","6.67","81.89","cotton"
"100","46","19","23.51","79.01","7.2","82.12","cotton"
"111","38","21","23.74","75.01","7.04","71.27","cotton"
"118","37","15","25.28","75.66","6.29","73.89","cotton"
"114","40","22","24.02","82.44","7.03","86.03","cotton"
"108","50","23","24.24","77.57","6.96","84.38","cotton"
"123","43","20","25.88","82.75","7.46","99.93","cotton"
"100","40","22","23.98","76.94","7.54","88.6","cotton"
"122","48","19","22.3","80.44","6.78","84.96","cotton"
"112","48","18","24.23","81.35","7.39","64.95","cotton"
"110","35","20","24.08","77.71","6.42","78.75","cotton"
"107","46","21","23.55","79.28","6.99","82.58","cotton"
"104","53","22","22","75.91","6.18","74.61","cotton"
"124","49","21","24.36","83.84","7.45","78.07","cotton"
"112","49","18","24.93","76.11","6.77","74.49","cotton"
"115","41","19","25.99","77.72","6.87","60.65","cotton"
"124","45","20","23.84","75.01","6.23","86.28","cotton"
"104","58","21","24.22","81.68","7.21","78.02","cotton"
"120","42","15","23.47","84.88","6.74","99.93","cotton"
"133","41","25","23.27","79.6","6.36","77.01","cotton"
"102","49","17","24.27","77.41","7.34","96.19","cotton"
"121","37","20","24.63","77.76","6.31","90.42","cotton"
"104","50","23","24.77","78.9","7.55","81.61","cotton"
"112","35","17","24.66","80.78","7.36","60.82","cotton"
"124","43","18","22.07","77.84","7.24","82.45","cotton"
"121","35","22","24.5","79.83","7.37","64.03","cotton"
"101","39","19","24.96","76.35","6.3","78.86","cotton"
"109","41","20","23.3","78.55","7.17","83.98","cotton"
"121","35","19","24.77","75.01","6.87","87.31","cotton"
"122","48","18","23.51","82.83","6.64","81.65","cotton"
"100","46","18","25.9","78.85","7.65","82.07","cotton"
"125","49","21","23.45","79.25","6.75","81.83","cotton"
"140","53","18","25.3","76.97","6.88","74.42","cotton"
"122","47","15","23.77","80.81","7.72","80.33","cotton"
"104","48","15","25.36","79.93","7.76","68.3","cotton"
"120","59","15","23.23","81.19","7.26","60.65","cotton"
"116","54","16","24.7","84.88","6.76","95.11","cotton"
"106","40","23","24.81","82.21","7.12","90.9","cotton"
"118","45","20","23.99","77.63","6.75","63.63","cotton"
"133","48","23","25.15","77.5","6.79","80.84","cotton"
"129","41","23","25.25","79.52","6.63","92.3","cotton"
"125","50","15","25.19","75.75","6.32","87.83","cotton"
"114","47","17","23.61","79.99","6.77","60.65","cotton"
"140","45","15","23.04","76.97","7.06","85.92","cotton"
"110","45","20","25.55","75.01","5.8","65.9","cotton"
"130","54","21","24.9","79.65","6.68","76.79","cotton"
"130","45","21","23.38","80.61","6.3","84.37","cotton"
"108","51","18","25.49","78.92","6.52","90.75","cotton"
"108","39","17","24.35","82.78","6.55","73.42","cotton"
"113","40","25","25.99","80.55","7.82","72.83","cotton"
"120","46","22","25.26","78.73","6.19","78.45","cotton"
"125","44","16","22.8","79.05","6.5","72.68","cotton"
"100","50","15","25.62","79.64","6.37","68.17","cotton"
"132","45","18","24.43","75.55","7.61","84.41","cotton"
"127","45","16","23.02","78.6","6.38","77.76","cotton"
"119","53","20","22.9","75.6","6.64","98.94","cotton"
"127","48","20","23.67","76.36","6.37","92.5","cotton"
"126","53","15","24.81","76.4","6.77","64.42","cotton"
"125","49","15","22.29","79.11","6.95","93.37","cotton"
"133","52","20","22.07","83.02","6.79","85.9","cotton"
"118","43","20","23.45","82.53","7.55","77.88","cotton"
"106","50","19","24.07","77.18","6.89","86.53","cotton"
"114","35","23","23.74","77.44","6.19","74.99","cotton"
"121","40","21","25.99","78.19","6.39","77.14","cotton"
"129","39","15","22","82.29","7.48","77.53","cotton"
"118","47","20","24.06","79.09","6.23","73.35","cotton"
"112","36","21","22.44","83.06","7.15","84.7","cotton"
"127","45","19","25.15","80.75","6.63","80.94","cotton"
"110","36","15","23.89","79.22","6.77","67.7","cotton"
"131","47","24","23.32","79.52","7.48","91.02","cotton"
"118","59","19","22.52","78.21","6.66","81.63","cotton"
"117","46","21","23.44","75.57","7.4","79.12","cotton"
"123","35","19","23.55","80.02","6.99","60.65","cotton"
"119","54","23","24.29","82.66","7.29","69.1","cotton"
"125","51","17","24.32","79.42","6.48","90.37","cotton"
"123","47","24","25.65","78.55","6.55","65.7","cotton"
"119","54","16","25.3","75.01","7.57","77.29","cotton"
"123","40","17","24.7","81.55","7.07","79.03","cotton"
"124","57","20","25.52","79.26","6.82","99.93","cotton"
"120","35","15","25.19","76.9","6.85","60.65","cotton"
"113","46","22","24.37","75.48","6.71","72.48","cotton"
"134","52","19","24.81","75.32","5.9","64.66","cotton"
"138","51","23","24.43","78.29","7.53","65.89","cotton"
"109","41","15","24.22","77.87","7.2","85.15","cotton"
"120","38","25","24.24","82.18","6.5","67.27","cotton"
"103","52","15","25.31","76.79","6.66","92.38","cotton"
"110","40","19","25.95","78.57","7.99","76.95","cotton"
"118","43","21","25.1","82.83","7.5","76.65","cotton"
"129","35","17","23.53","80.97","7.07","76.07","cotton"
"106","37","25","25.99","82.62","5.88","85.35","cotton"
"140","41","15","25.03","80.26","6.73","79.74","cotton"
"103","41","21","24.2","82.03","5.98","80","cotton"
"123","45","17","25.3","83.5","5.91","93.65","cotton"
"140","46","16","25.99","77.89","6.86","95.7","cotton"
"109","39","16","24.82","80.46","7.22","83.97","cotton"
"130","54","18","22.71","80.57","7.91","72.65","cotton"
"121","56","15","23.6","75.01","7.94","85.62","cotton"
"100","45","21","25.62","78.71","6.89","84.37","cotton"
"130","45","23","25.99","79.25","6.41","85.85","cotton"
"126","42","24","24.47","78.04","6.38","84.71","cotton"
"120","45","21","23.22","78.72","6.88","66.8","cotton"
"116","47","22","25.88","80.24","6.49","77.93","cotton"
"121","47","15","23.71","78","7.31","83.43","cotton"
"113","50","21","25.43","81.04","6.84","87.37","cotton"
"114","41","17","22.76","78.28","7.99","79.29","cotton"
"120","41","20","23.98","78.06","7.22","77.44","cotton"
"109","51","18","25.02","82","6.31","88.49","cotton"
"123","37","22","22.08","78.75","5.8","70.74","cotton"
"107","43","15","22","75.01","7.02","68.04","cotton"
"103","46","18","24.3","77.67","6.16","62.1","cotton"
"100","49","16","24.82","84.88","6.41","99.93","cotton"
"129","48","25","23.76","78.18","6.51","84.53","cotton"
"120","40","22","24.59","79.45","7.05","60.65","cotton"
"103","48","18","22.02","76.99","6.54","85.09","cotton"
"100","47","16","22.42","78.54","6.13","65.77","cotton"
"100","52","17","25.67","77.28","7.25","74.27","cotton"
"116","49","18","22.3","77.06","7.69","82.34","cotton"
"116","46","21","24.88","80.19","6.38","88.5","cotton"
"120","44","22","24.56","77.31","5.93","77.08","cotton"
"127","57","15","23.32","80.12","7.59","96.75","cotton"
"112","47","17","25.19","82.3","6.9","87.15","cotton"
"105","44","23","24.6","83.79","7.27","60.65","cotton"
"118","50","17","24.25","75.01","7.4","91.36","cotton"
"108","45","20","22","80.04","7.85","60.65","cotton"
"117","36","18","24.21","75.01","6.77","69.91","cotton"
"114","43","19","24.9","75.95","6.61","99.93","cotton"
"100","53","18","23.76","79.5","7.19","87.32","cotton"
"130","51","20","24.58","83.48","7.67","73.94","cotton"
"127","39","20","24.14","82.72","7.37","89.41","cotton"
"105","55","22","24.21","78.71","7.3","70.16","cotton"
"126","49","19","24.39","79.21","6.42","67.56","cotton"
"112","38","19","24.43","81.5","6.52","99.93","cotton"
"114","52","24","23.93","78.99","6.19","77.71","cotton"
"137","60","21","25.79","82.33","7.69","81.6","cotton"
"120","56","15","24.24","77.1","7.71","84.64","cotton"
"109","53","18","23.29","84.44","6.07","86.98","cotton"
"120","60","21","24.71","80.34","6.86","67.64","cotton"
"122","54","15","22","75.01","6.99","61.27","cotton"
"124","39","17","25.76","80.49","7.27","72.85","cotton"
"134","35","20","23.6","82.05","7.19","77.65","cotton"
"120","48","21","23.44","75.01","7.45","60.65","cotton"
"114","44","19","23.18","83.01","6.64","79.64","cotton"
"130","53","19","23.12","76.58","7.11","61.55","cotton"
"125","50","21","23.73","78.5","6.74","76.24","cotton"
"130","41","25","24.31","80.87","7.51","93.18","cotton"
"140","48","19","23.69","75.35","6.53","76.29","cotton"
"140","49","24","22.76","81.45","7.72","76.56","cotton"
"100","44","22","25.65","80.94","7.41","96.42","cotton"
"138","52","22","23.82","77.37","7.27","60.65","cotton"
"100","47","23","23.91","81.11","6.53","76.74","cotton"
"134","57","17","22.33","80.05","6.75","85.85","cotton"
"105","40","18","25.11","80.88","7.17","71.25","cotton"
"100","56","21","24.31","84.88","5.8","70.87","cotton"
"129","43","25","23.33","77.37","7.21","90.32","cotton"
"140","36","20","23.67","75.01","7.79","84.17","cotton"
"120","54","17","25.99","84.88","7.05","81.64","cotton"
"134","52","24","23.41","77.27","6.61","62.55","cotton"
"120","39","21","23.63","80.22","7.53","75.76","cotton"
"121","54","22","24.61","79.13","6.53","81.33","cotton"
"113","37","15","25.2","83.52","6.79","76.89","cotton"
"111","39","23","22.11","76.49","5.8","70.53","cotton"
"129","35","18","23.64","75.24","6.4","60.65","cotton"
"124","57","20","22.94","75.01","6.65","79.21","cotton"
"132","43","19","24.14","83.09","7.46","60.7","cotton"
"116","40","21","25.15","81.91","7.51","90.97","cotton"
"120","35","15","24.53","79.44","7.22","80.28","cotton"
"118","35","21","23.33","78.28","7.33","99.93","cotton"
"133","60","21","25.32","81.34","7.64","93.43","cotton"
"116","45","15","24.23","84.23","6.97","97.6","cotton"
"136","46","15","22.3","76.96","6.42","70.2","cotton"
"122","45","20","24.71","76.68","6.93","75.58","cotton"
"106","54","18","25.61","78.25","7.47","74.9","cotton"
"127","45","18","23.31","82.51","7.59","65.39","cotton"
"130","36","15","24.79","81.24","6.95","68.59","cotton"
"140","39","18","24.96","80.78","5.94","85.37","cotton"
"119","44","23","23.93","75.01","7.54","82.6","cotton"
"126","45","22","24.73","78.06","7.72","87.62","cotton"
"118","41","19","23.29","80.86","5.8","86.17","cotton"
"125","35","19","24.05","78.82","6.77","76.14","cotton"
"115","58","21","25.45","79.49","7.19","95.72","cotton"
"119","60","23","23.29","80.32","6.04","67.67","cotton"
"118","53","21","23.62","79.96","6.58","85.63","cotton"
"121","46","16","24.57","75.01","7.58","99.93","cotton"
"105","39","19","23.49","79.11","7.39","94.28","cotton"
"118","48","17","22.39","83.38","7.99","94.61","cotton"
"140","59","15","23.39","82.44","6.01","87.38","cotton"
"135","45","18","23.47","80.17","7.51","99.93","cotton"
"137","35","19","24.44","78.91","6.28","85.24","cotton"
"115","45","21","25.99","78.46","6.53","70.67","cotton"
"140","48","16","25.15","77.63","6.74","77.1","cotton"
"127","49","16","23.8","81.16","6.17","92","cotton"
"116","50","23","24.03","79.15","6.82","82.23","cotton"
"105","35","21","22","75.01","7.8","77.64","cotton"
"126","36","19","23.58","82.66","6.48","63.12","cotton"
"108","45","17","24.01","75.01","7.47","81.73","cotton"
"140","49","18","24.29","75.12","7.7","60.65","cotton"
"100","49","18","24.21","80.48","7.49","80.1","cotton"
"137","48","21","24.56","80.37","6.75","76.57","cotton"
"108","60","22","23.52","84.88","7.08","80.83","cotton"
"111","60","21","23.79","82.43","6.32","80.32","cotton"
"120","44","19","23.14","75.52","6.66","87.7","cotton"
"140","48","20","24.59","77.27","6.4","74.97","cotton"
"115","47","20","22.23","84.88","7.16","66.53","cotton"
"109","39","24","25.04","80.76","7.62","73.53","cotton"
"119","49","23","24.05","78.3","7.99","73.81","cotton"
"122","41","17","23.66","79.08","7.27","83.12","cotton"
"118","39","17","25.5","83.49","6.61","65.48","cotton"
"121","38","22","22.47","81.24","6.89","75.05","cotton"
"118","43","21","24.94","80.65","6.43","68.6","cotton"
"115","59","22","24.25","78.97","6.18","96.87","cotton"
"136","44","19","24.62","80.43","7.1","77.84","cotton"
"110","42","19","25.01","79.63","6.13","74.53","cotton"
"124","55","22","25.99","80.65","6.76","69.74","cotton"
"111","51","18","22.87","80.27","6.1","60.65","cotton"
"128","35","19","24.69","79.28","7.12","87.27","cotton"
"111","38","22","25.74","75.81","6.61","95.68","cotton"
"128","48","18","23.92","75.51","5.83","60.65","cotton"
"140","49","19","25.2","75.01","7","77.01","cotton"
"117","45","23","24.02","80.11","6.08","81.09","cotton"
"100","42","24","23.46","80.16","7.24","73.85","cotton"
"105","60","23","23.59","82.57","5.91","72.65","cotton"
"102","58","25","24.19","80.6","7.18","80.37","cotton"
"138","37","25","24.88","75.01","7.1","91.77","cotton"
"114","43","20","23.85","82.73","5.8","94.93","cotton"
"109","47","20","25.99","80.34","6.1","63.11","cotton"
"109","41","19","23.48","76.32","6.55","99.93","cotton"
"104","44","19","23.47","77.17","7.54","68.05","cotton"
"113","42","17","24.3","79.61","6.05","74.93","cotton"
"125","42","17","24.64","77.53","6.56","85.5","cotton"
"126","48","15","22.25","82.98","6.61","89.98","cotton"
"113","49","19","22.81","77.68","7.09","73.34","cotton"
"131","50","15","23.27","80.72","6.96","87.36","cotton"
"114","44","25","24.85","82.44","7.5","98.74","cotton"
"133","35","21","25.99","80.48","6.49","83.22","cotton"
"100","53","23","22","80.38","7.99","78.39","cotton"
"116","51","16","25.36","81.85","7.99","75.19","cotton"
"114","43","15","22.89","81.95","7.76","64.02","cotton"
"109","46","16","22.67","76.99","6.74","88.05","cotton"
"114","54","16","22.82","82.01","7.12","96.26","cotton"
"122","41","22","23.93","81.42","7.23","70.03","cotton"
"140","49","22","24.09","83.26","6.75","88.23","cotton"
"113","47","16","22.27","77.94","7.45","89.2","cotton"
"130","53","20","23.64","78.5","6.63","68.77","cotton"
"130","37","18","25.44","84.88","6.73","69.54","cotton"
"140","54","19","23.25","80.62","7.37","87.61","cotton"
"128","49","19","23.71","75.01","7.41","81.34","cotton"
"115","60","15","24.89","81.14","7.31","70.29","cotton"
"112","36","21","25.17","77.15","6.98","85.2","cotton"
"124","47","24","24.2","78.08","7.5","78.85","cotton"
"111","54","22","24.05","80.82","7.22","98.04","cotton"
"110","42","19","24.44","80.19","7.99","97.82","cotton"
"136","47","22","25.1","78.85","7.36","83.7","cotton"
"110","53","15","24.12","80.99","6.72","70.47","cotton"
"117","52","17","25.99","79.03","7.88","77.97","cotton"
"136","51","19","25.09","81.32","6.9","69.27","cotton"
"109","48","25","24.63","79.06","7.15","65.9","cotton"
"109","59","23","23.22","75.01","7.99","91.28","cotton"
"116","41","21","24.23","79.55","6.39","78.77","cotton"
"113","41","22","22","84.61","7.53","97.21","cotton"
"103","54","22","22.23","80.36","6.92","89.85","cotton"
"109","39","23","22.28","83.47","7.26","68.91","cotton"
"125","43","19","25.99","80.25","7.36","67.3","cotton"
"114","48","24","24.82","84.08","7.24","85.36","cotton"
"128","38","18","24.68","79.7","6.52","68.64","cotton"
"120","46","25","25.1","78.93","7.25","85.97","cotton"
"109","43","20","24.41","77.77","7.54","81.8","cotton"
"102","38","15","24.23","82.31","7","70.44","cotton"
"115","60","15","23.53","78.4","7.24","92.46","cotton"
"134","48","23","24.75","81.58","6.89","84.78","cotton"
"130","52","18","24.8","81.88","7.55","83.9","cotton"
"121","49","15","23.55","83.12","7.49","73.34","cotton"
"112","35","21","25.25","83.3","7.58","80","cotton"
"127","48","23","24.09","80.76","6.68","92","cotton"
"124","43","21","24.74","80.85","7.18","95.58","cotton"
"120","40","17","22.26","75.26","7.61","94.83","cotton"
"118","54","18","23.55","77.66","6.13","87.57","cotton"
"112","43","17","24.12","84.88","6.55","82.69","cotton"
"125","38","19","23.28","82.9","6.92","60.65","cotton"
"100","56","15","23.84","79.41","6.94","66.74","cotton"
"111","55","19","23.49","79.12","7.35","84.99","cotton"
"100","37","17","22.61","78.54","6.83","64.21","cotton"
"116","35","22","25.99","75.01","6.62","78.87","cotton"
"125","49","15","24.98","78.09","6.91","92.85","cotton"
"105","50","22","24.78","76.28","6.23","76.12","cotton"
"116","45","25","24.9","79.36","7.02","80.08","cotton"
"138","44","22","23.28","84.36","7.13","81.3","cotton"
"118","50","15","23.72","82.02","6.47","99.83","cotton"
"109","59","17","24.82","77.04","6.93","81.13","cotton"
"114","42","23","24.37","77.53","6.84","88.5","cotton"
"133","60","16","23.61","76.15","7.63","99.44","cotton"
"131","47","18","24.1","78.5","6.88","76.04","cotton"
"140","50","20","24.66","79.87","7.42","95.85","cotton"
"109","45","22","25.15","80.37","6.32","84.97","cotton"
"109","55","17","23.05","78.28","6.4","92.98","cotton"
"116","51","20","24.34","84.78","6.85","90.96","cotton"
"100","43","20","22.83","83.22","6.16","72.57","cotton"
"115","36","22","24.28","77.72","6.66","82.26","cotton"
"130","51","17","23.83","78.93","6.99","89.69","cotton"
"130","35","21","24.75","78.44","7.99","99.93","cotton"
"122","39","18","23.52","75.01","6.83","87.03","cotton"
"127","49","22","22.41","78.46","6.66","94.65","cotton"
"124","40","20","25.65","80.62","6.79","82.26","cotton"
"124","51","21","24.53","81.49","6.92","72.78","cotton"
"102","35","22","24.65","83.53","7.3","77.33","cotton"
"120","40","18","25.42","77.39","6.49","68.15","cotton"
"121","54","18","24.56","76.09","6.94","75.5","cotton"
"118","55","19","23.37","75.01","5.8","77.75","cotton"
"105","46","17","23.47","82.97","7.56","94.44","cotton"
"127","46","18","24.33","81.46","6.31","76.58","cotton"
"128","45","20","25.61","79.4","6.09","81.21","cotton"
"131","57","22","22.69","75.53","7.33","84.29","cotton"
"108","38","17","23.44","79.47","7","85.82","cotton"
"140","47","17","23.98","78.57","7.13","67.88","cotton"
"132","52","15","23.29","82.49","6.87","82.53","cotton"
"112","52","20","24.38","83.05","7.99","82.31","cotton"
"113","38","20","25.16","83.29","6.96","99.93","cotton"
"110","48","20","24.07","81.41","5.8","67.32","cotton"
"105","40","20","22.89","82.94","6.64","63.16","cotton"
"125","35","19","23.63","81.88","6.99","69.62","cotton"
"111","54","21","23.49","84.33","7.11","74.73","cotton"
"129","45","18","24.69","80.51","5.8","96.95","cotton"
"123","50","24","23.48","77.03","7.09","94.85","cotton"
"121","54","21","25.79","78.97","6.47","69.39","cotton"
"100","43","17","24.1","83.51","7.11","88.24","cotton"
"114","46","17","22","83.17","6.73","75.41","cotton"
"133","49","17","24.15","75.34","7.41","77.37","cotton"
"113","42","25","24.02","78.2","7","76.5","cotton"
"129","49","18","23.25","75.24","6.79","70.7","cotton"
"124","43","17","23.69","78.75","7.34","84.6","cotton"
"133","53","19","24.93","82.37","6.13","74.36","cotton"
"113","41","19","25.37","82.64","5.8","96.93","cotton"
"128","43","20","23.59","81.03","7.79","80.02","cotton"
"101","46","16","25.64","83.27","6.15","74.09","cotton"
"117","48","16","23.1","77.63","6.61","98.15","cotton"
"118","42","22","25.53","84.42","7.1","99.11","cotton"
"100","41","21","22.88","78.68","5.8","92.66","cotton"
"111","48","20","25.71","79.84","6.91","79.21","cotton"
"119","54","22","25.42","83.23","6.64","75.32","cotton"
"131","36","15","24.45","80.3","6.54","87.65","cotton"
"115","46","17","25.99","82.34","7.38","76.16","cotton"
"103","50","19","23.77","83.35","6.41","98.65","cotton"
"100","36","18","23.23","77.93","6.87","87.14","cotton"
"100","50","15","23.46","81.61","6.06","81.16","cotton"
"107","47","19","23.98","79.53","6.8","89.2","cotton"
"100","50","21","24","84.88","7.53","76.42","cotton"
"132","49","22","24.65","82.16","7.99","82.69","cotton"
"140","53","15","24.09","77.51","7.03","77.22","cotton"
"117","51","20","24.75","84.14","5.83","60.65","cotton"
"107","43","21","25.43","82.72","6.53","98.25","cotton"
"112","38","17","24.95","78.19","6.34","75.7","cotton"
"135","44","24","24.01","78.05","7.03","63.34","cotton"
"101","44","20","23.17","82.43","5.83","86.36","cotton"
"118","47","23","23.69","81.01","6.56","87.63","cotton"
"124","51","17","24.21","75.07","6.85","61.77","cotton"
"119","54","20","22","81.01","6.52","79.24","cotton"
"126","48","22","23.63","84.29","7.06","75.36","cotton"
"116","50","23","24.31","77.7","6.73","64.79","cotton"
"128","47","22","23.79","75.01","6.59","62.03","cotton"
"108","52","19","24.01","77.65","7.38","97.79","cotton"
"131","49","17","23.02","82.79","6.69","81.87","cotton"
"123","56","22","24.78","83.67","7.16","74.88","cotton"
"120","35","19","22.89","78.86","7.26","97.78","cotton"
"114","49","18","23.27","75.01","7.39","82.59","cotton"
"125","52","18","24.76","76.14","6.64","91.99","cotton"
"112","42","24","24.22","84.32","6.78","80.91","cotton"
"119","46","18","22","82.85","5.85","88.45","cotton"
"114","48","19","22.91","77.67","6.52","68.53","cotton"
"124","53","15","25.99","81.61","6.05","87.39","cotton"
"124","52","19","23.2","81.51","7.11","60.97","cotton"
"125","55","16","22.15","83.48","7.29","71.45","cotton"
"115","47","18","24.16","76.22","6.07","92.94","cotton"
"100","48","15","24.67","75.01","6.35","83.09","cotton"
"108","55","18","24.11","80.25","7.99","75.92","cotton"
"130","47","24","23.75","82.56","7.23","78.75","cotton"
"140","49","22","25.02","81.03","6.6","69.43","cotton"
"114","46","15","23.09","84.66","7.05","86.37","cotton"
"122","49","20","23.13","79.08","7.22","84.55","cotton"
"129","50","20","24.92","75.04","7.41","67.22","cotton"
"121","51","18","23.66","81.59","7.3","67.09","cotton"
"100","43","15","24.98","84.24","5.85","82.31","cotton"
"107","45","16","23.9","81.79","7.73","69.81","cotton"
"120","44","16","25.23","75.12","6.78","91.74","cotton"
"100","53","23","25.02","80.62","7.63","83.06","cotton"
"100","53","15","25.43","75.01","5.8","93.49","cotton"
"115","45","18","24.49","77.28","6.21","80.21","cotton"
"105","48","15","23.11","82.35","7.33","76.19","cotton"
"122","46","18","24.04","80.67","7.62","78.55","cotton"
"118","49","19","25.41","84.88","7.32","75.3","cotton"
"133","41","24","23.49","75.01","7.39","88.28","cotton"
"120","35","18","23.36","82.57","6.26","98.15","cotton"
"128","59","20","25.29","78.16","6.61","71.81","cotton"
"128","49","19","24.78","78.74","7.72","78.65","cotton"
"115","49","21","22.71","76.83","6.8","75.95","cotton"
"121","55","16","23.63","77.32","7.87","99.93","cotton"
"118","48","15","23.81","83","7.05","82.87","cotton"
"122","49","25","22.78","76.51","6.48","84.88","cotton"
"117","44","21","23.45","81.5","7.22","64.47","cotton"
"128","47","21","24.2","83.11","7.99","86.14","cotton"
"106","51","19","25.24","84.77","6.63","78.46","cotton"
"107","37","21","23.47","83.38","7.99","76.17","cotton"
"105","55","25","24.26","76.54","6.4","75.88","cotton"
"122","38","17","22.86","81.75","6.26","76.07","cotton"
"130","46","25","24.04","79.37","7.83","82.62","cotton"
"140","39","18","24.67","84.13","6.84","76.3","cotton"
"110","42","19","24.78","77.8","6.56","60.65","cotton"
"125","57","23","22.82","80.28","5.8","66.77","cotton"
"118","40","20","23.97","80.14","6.49","76.77","cotton"
"115","45","20","23.77","78.93","7.52","99.93","cotton"
"110","42","18","23.32","78.64","6.92","66","cotton"
"114","36","20","23.53","78.01","6.04","69.54","cotton"
"118","35","24","22.03","79.67","7.03","80.24","cotton"
"121","56","25","22.98","79.98","5.8","71.9","cotton"
"102","44","16","23.76","82.6","6.4","85.58","cotton"
"117","44","20","23.71","79.14","6.85","94.88","cotton"
"121","45","23","23.66","78.17","6.17","92.83","cotton"
"121","48","25","23.2","75.87","6.52","82.26","cotton"
"102","44","18","24.21","79.32","7.99","76.05","cotton"
"128","59","19","23.64","80.87","7.11","95.04","cotton"
"102","48","15","24.32","79.91","6.38","82.17","cotton"
"129","44","19","25.01","83.03","6.86","86.07","cotton"
"116","60","20","23.64","79.04","7.68","73.48","cotton"
"121","48","18","24.64","76.12","7.12","72.36","cotton"
"109","58","18","25.12","76.88","7.99","84.89","cotton"
"114","51","19","24.4","84.66","6.72","71.98","cotton"
"131","52","15","23.42","82.1","7.56","84.94","cotton"
"105","40","22","24.58","79.9","6.94","75.8","cotton"
"103","49","22","23.16","75.7","7.42","80.7","cotton"
"105","36","23","24.03","76.68","6.34","74.25","cotton"
"104","47","20","24.37","76.72","6.28","95.71","cotton"
"124","35","19","23.86","77.03","6.96","87.44","cotton"
"116","40","20","24.03","79.67","7.16","99.58","cotton"
"122","51","21","24.88","79.73","7.99","81.27","cotton"
"127","46","24","23.79","75.01","7.54","67.69","cotton"
"116","52","19","25.99","80.04","6.55","65.87","cotton"
"125","35","25","24.82","78.93","7.18","77.91","cotton"
"111","46","18","24.4","77.29","7.99","78.62","cotton"
"118","37","18","23.1","81.95","7.16","74.87","cotton"
"111","40","19","22.19","78.16","5.82","89.97","cotton"
"123","47","24","23.27","80.06","7.09","77.02","cotton"
"112","44","19","25.4","79","6.28","91.26","cotton"
"110","52","23","24","83.27","7.71","84.65","cotton"
"113","49","25","24.62","77","7.88","79.42","cotton"
"123","35","20","24.1","79.27","7.36","67.63","cotton"
"124","35","20","23.07","75.65","5.8","60.65","cotton"
"131","45","22","24.54","84.2","6.54","75.32","cotton"
"124","44","15","22","78","7.53","76.98","cotton"
"100","53","18","24.58","78.98","6.63","81.19","cotton"
"133","45","22","22.54","78.79","7.82","74.37","cotton"
"103","42","16","25.56","75.01","6.17","90.48","cotton"
"113","50","23","22.88","77.18","7.99","67.64","cotton"
"106","41","19","23.62","76.73","6.06","83.27","cotton"
"114","46","20","24.46","82.93","7","61","cotton"
"129","49","18","25.01","77.71","7.17","83.17","cotton"
"119","40","21","23.2","80.56","6.62","93.77","cotton"
"100","42","20","22.89","79.89","5.8","99.93","cotton"
"113","45","18","25.14","81.12","6.94","79.95","cotton"
"108","59","15","25.99","79.67","7.29","70.14","cotton"
"103","35","15","22.86","75.01","6.7","60.65","cotton"
"126","35","21","22.04","81.28","6.83","83.17","cotton"
"128","35","24","23.83","81.13","6.61","99.93","cotton"
"111","60","17","23.83","76.87","7.44","75","cotton"
"121","50","21","22.94","77.54","6.89","94.25","cotton"
"129","46","19","22.23","79.19","6.77","80.15","cotton"
"119","45","18","24.27","76.71","7.12","71.17","cotton"
"115","42","15","23.61","78.77","6.51","98.15","cotton"
"118","47","19","25.15","80.89","6.86","98.73","cotton"
"130","43","15","24.66","77.52","6.48","85.77","cotton"
"133","50","21","25.53","78.78","6.86","88.51","cotton"
"127","53","22","25.8","84.4","5.8","84.37","cotton"
"116","48","19","25.41","78.62","6.23","66.47","cotton"
"109","39","25","23.11","81.16","7.03","85.3","cotton"
"117","39","25","23.63","84.62","7","77.67","cotton"
"105","44","18","23.07","76.52","7.19","62.57","cotton"
"111","46","18","23.05","77.36","6.53","68.4","cotton"
"105","35","24","22","79.57","7.26","70.88","cotton"
"139","40","15","24.97","81.94","6.08","75.27","cotton"
"120","38","17","23.55","79.69","6.68","70.37","cotton"
"140","40","24","22.6","81.15","6.47","65.56","cotton"
"126","60","19","24.36","81.55","5.8","99.93","cotton"
"128","49","17","25.46","80.24","6.54","98.97","cotton"
"116","60","19","24.9","77.98","7.73","71.56","cotton"
"104","48","21","24.8","80.62","6.8","78.96","cotton"
"134","35","21","23.63","83.78","6.55","76.85","cotton"
"117","37","20","24.81","79.81","6.35","77.26","cotton"
"123","52","20","22.72","75.01","6.32","95.34","cotton"
"118","35","22","25.08","82.07","7.45","73.19","cotton"
"111","53","23","25.69","75.6","7.35","93.9","cotton"
"126","36","24","22.31","79.55","7.53","78.57","cotton"
"140","57","20","23.35","77.58","7.85","93.32","cotton"
"121","48","20","25.55","80.14","6.37","81.04","cotton"
"100","58","19","23.15","81.54","6.57","75.23","cotton"
"100","45","22","24.2","80.42","5.8","84.14","cotton"
"112","44","19","23","82.89","6.68","78.09","cotton"
"100","53","23","25.8","77.07","7.64","85.04","cotton"
"124","47","20","22.56","77.72","7.67","70.45","cotton"
"125","60","20","22.89","75.01","7.1","74.95","cotton"
"124","35","17","22.55","79.13","7.23","94.31","cotton"
"124","53","21","23.89","76.54","6.74","99.93","cotton"
"109","38","24","23.86","79.26","7.06","98.45","cotton"
"101","44","19","22","81.43","6.61","82.68","cotton"
"113","45","19","24.26","81.04","7.01","73.83","cotton"
"103","51","20","22.76","78.14","6.67","60.68","cotton"
"140","37","25","24.55","84.88","7.52","73.51","cotton"
"131","48","22","24","78","6.67","69.49","cotton"
"125","48","18","25.99","79.61","7.78","90.89","cotton"
"109","43","17","25.99","79.08","5.92","81.83","cotton"
"107","50","15","24.15","80.08","7.39","79.87","cotton"
"133","43","23","24.7","78.32","6.28","99.32","cotton"
"126","58","25","23.04","76.96","7.25","95.71","cotton"
"118","41","21","22.19","81.94","6.78","88.77","cotton"
"137","49","19","22.56","81.6","7.93","78.38","cotton"
"100","44","15","22.55","83.38","6.4","82.77","cotton"
"112","48","19","24.13","76.85","6.57","89.19","cotton"
"127","40","15","24.74","83.16","7.28","84.62","cotton"
"110","47","22","22.36","81.21","7.63","66.45","cotton"
"113","51","20","22.68","77.91","7.47","78.65","cotton"
"110","43","20","24.14","79.2","7.87","96.14","cotton"
"137","53","23","24.24","82.21","7.8","60.65","cotton"
"123","46","15","22","77.48","6.97","86.44","cotton"
"114","46","18","22.71","79.32","6.86","60.65","cotton"
"118","46","19","24.8","75.01","6.25","90.8","cotton"
"138","55","22","23.84","80.56","6.38","94.89","cotton"
"101","43","20","22.86","75.01","6.5","71.11","cotton"
"105","52","18","24.11","78.93","6.58","70.23","cotton"
"120","60","23","23.69","82.4","7.62","89.8","cotton"
"100","48","23","22.81","80.44","6.97","84.12","cotton"
"100","42","15","23.93","79.84","6.78","77.35","cotton"
"112","58","18","24.08","83.73","6.59","87.2","cotton"
"132","38","22","25.35","76.16","7.13","73.3","cotton"
"100","44","20","25.34","80.04","6.88","60.65","cotton"
"112","51","19","22.8","82.55","6.53","77.23","cotton"
"125","39","19","25.07","76.83","6.93","76.47","cotton"
"115","42","22","24.44","84.78","6.99","60.65","cotton"
"130","48","19","24.98","78.25","7.55","99.93","cotton"
"130","45","17","25.84","78.95","6.01","76.42","cotton"
"132","42","18","22.76","77.6","6.59","60.65","cotton"
"100","60","25","23.3","82.98","6.52","79.6","cotton"
"112","49","23","22","84.88","6.5","67.48","cotton"
"123","44","25","23.46","78.64","6.69","82.79","cotton"
"132","53","21","23.87","84.88","7.16","77.41","cotton"
"127","54","19","24.02","78.23","7.21","66.43","cotton"
"118","54","21","24.64","80.2","7.14","82.72","cotton"
"102","44","15","25.68","83.79","7.51","75.1","cotton"
"119","43","19","24.11","76.62","5.8","81.52","cotton"
"130","49","17","24.82","83.49","7.1","83.62","cotton"
"120","37","17","24.7","84.88","7.41","83.45","cotton"
"119","44","16","24.81","83.24","7.91","80.33","cotton"
"111","46","22","24.88","77.11","7.57","89.78","cotton"
"129","50","19","25.99","82.4","6.79","87.74","cotton"
"126","55","22","24.36","83.38","6.67","73.73","cotton"
"116","50","19","22.49","76.03","7.99","66.22","cotton"
"136","37","18","22.57","81.9","7.22","85.08","cotton"
"106","41","24","25.13","82.89","6.05","60.82","cotton"
"137","55","19","24.26","75.01","7.03","75.4","cotton"
"115","60","15","23.9","78.18","7.24","97.92","cotton"
"108","36","20","25.16","78.02","6.53","88.91","cotton"
"121","49","19","24.34","81.59","5.82","86.93","cotton"
"109","51","18","24.68","75.01","6.57","82.46","cotton"
"101","56","25","24.23","78.87","7.36","91.68","cotton"
"117","54","17","23.43","79.58","5.8","75.33","cotton"
"115","35","21","24.03","80.28","7.99","89.25","cotton"
"133","50","15","23.73","77.43","6.27","87.55","cotton"
"122","49","17","24.5","76.01","6.76","95.67","cotton"
"127","60","21","22.41","84.27","6.57","89.33","cotton"
"114","52","19","24.47","80.05","7.78","90.91","cotton"
"125","52","23","25.97","76.52","6.14","72.19","cotton"
"131","49","22","23.3","78.21","6","67.44","cotton"
"115","40","16","23.08","77.32","6.94","87.15","cotton"
"111","55","21","23.88","82.07","5.83","60.65","cotton"
"110","51","19","25.35","78.23","6.71","83.29","cotton"
"109","46","20","23.38","81.69","6.77","82.45","cotton"
"121","45","22","22.74","80.25","7.45","87.59","cotton"
"103","42","16","25.1","79.95","7.2","75.27","cotton"
"46","79","75","19.28","18","7.65","84.06","chickpea"
"46","70","82","19.2","17.67","6.12","83.43","chickpea"
"36","69","77","20.27","15.57","8.87","77.33","chickpea"
"36","67","81","18.88","16.74","7.39","85.05","chickpea"
"40","72","80","20.48","15.51","7.99","93.67","chickpea"
"54","58","80","18.27","16.28","8.83","90.23","chickpea"
"39","64","82","18.37","18.57","6.69","84.57","chickpea"
"29","68","85","17.33","19.97","8.34","81.93","chickpea"
"50","75","79","17.14","14.71","7.23","79.17","chickpea"
"48","76","83","18.42","14.71","8.87","75.37","chickpea"
"31","60","83","19.27","14.26","7.29","73.78","chickpea"
"47","80","78","20.35","19.72","7.95","90.46","chickpea"
"43","65","78","20.95","18.2","7.71","79.39","chickpea"
"20","64","76","19.07","18.21","7.21","92.49","chickpea"
"37","80","80","19.23","16.32","7.95","68.3","chickpea"
"49","72","77","17.02","17.4","7.81","90.4","chickpea"
"55","62","83","19.47","19.02","7.25","76.02","chickpea"
"60","60","80","17.96","16.75","8.38","73.36","chickpea"
"56","69","85","17.67","17.09","5.99","66.58","chickpea"
"31","67","80","17.5","16.05","7.61","70.14","chickpea"
"54","69","77","20.32","16.36","7.68","74.09","chickpea"
"48","67","82","17.43","17.85","7.19","74.42","chickpea"
"48","77","80","20.56","14.26","6.19","78.97","chickpea"
"37","65","85","18.17","14.26","7.41","93.52","chickpea"
"42","67","83","17.94","15.74","7.4","83.39","chickpea"
"51","66","81","21","14.26","6.12","88.03","chickpea"
"32","57","77","20.88","16.35","7.79","74.78","chickpea"
"27","74","79","17.77","15.6","8.69","83.31","chickpea"
"36","74","84","19.06","15.3","8.15","89.23","chickpea"
"48","72","80","18.27","18.54","6.64","65.11","chickpea"
"46","64","79","17.02","15.18","6.19","77.28","chickpea"
"50","61","81","17.02","17.32","6.38","78.29","chickpea"
"41","75","80","21","17.76","8.55","78.94","chickpea"
"38","63","84","18.73","16.78","8.14","76.08","chickpea"
"60","73","84","18.57","19.55","6.1","82.97","chickpea"
"43","76","83","19.59","14.53","7.26","84.73","chickpea"
"20","68","83","17.71","17.68","6.94","71.26","chickpea"
"34","80","81","19.53","17.26","6.78","91.14","chickpea"
"20","68","79","19.42","14.85","7.86","65.11","chickpea"
"25","75","80","17.87","17.14","7.19","74.85","chickpea"
"35","78","77","21","16.72","6.91","77.34","chickpea"
"32","61","82","18.09","17.45","8.87","77.5","chickpea"
"58","80","82","20.88","16.05","7.96","94.78","chickpea"
"51","75","85","20.24","16.53","6.95","91.52","chickpea"
"41","78","77","17.85","16.73","6.98","76.6","chickpea"
"60","80","85","18.09","15.96","6.73","78.36","chickpea"
"34","58","78","19.55","18.38","6.81","77.52","chickpea"
"60","65","78","19.29","17.2","6.14","82.51","chickpea"
"55","61","81","18.23","14.45","6.77","90.5","chickpea"
"20","67","76","18.73","15.43","8.21","73.4","chickpea"
"20","73","80","20.5","19.97","7.26","75.61","chickpea"
"44","71","75","18.59","19.82","8.87","71.17","chickpea"
"55","58","81","18.18","15.74","6.61","75.87","chickpea"
"23","63","77","18.91","16.72","7.87","94.78","chickpea"
"58","76","78","18.99","16.1","7.55","94.78","chickpea"
"37","65","80","18.02","18.51","8.01","81","chickpea"
"43","63","80","20.73","17.79","8.37","89.99","chickpea"
"50","79","79","19.5","18.85","7.27","78.07","chickpea"
"45","76","78","18.34","17.7","7.31","90.05","chickpea"
"32","61","80","19.08","15.71","7.77","72.41","chickpea"
"27","60","83","20.2","15.08","7.61","75.93","chickpea"
"41","72","78","17.99","14.26","7.09","85.26","chickpea"
"39","66","77","18.51","14.27","8.05","88.09","chickpea"
"42","80","78","18.04","17.66","7.71","92.62","chickpea"
"55","66","77","19.61","17.3","6.91","74.57","chickpea"
"41","55","76","19.29","16.56","8","80.07","chickpea"
"40","57","80","18.68","15.55","7.46","85.79","chickpea"
"36","66","85","18.79","18.58","6.95","77.47","chickpea"
"47","65","75","20","16.66","7.99","82.37","chickpea"
"41","69","84","17.02","14.26","6.62","78.42","chickpea"
"28","67","78","20.5","16.86","6.81","88.6","chickpea"
"44","72","80","17.02","17.41","6.88","69.87","chickpea"
"39","75","78","20.25","15.52","6.67","87.73","chickpea"
"37","55","83","21","18.07","6.5","76.84","chickpea"
"52","73","83","18.52","16.48","7.13","87.85","chickpea"
"38","59","81","19.08","19.97","7.02","78.75","chickpea"
"43","74","80","18.15","18.99","6.82","77.82","chickpea"
"31","64","77","20.74","16.28","7.42","87.25","chickpea"
"44","55","79","18.25","19.14","6.52","71.86","chickpea"
"46","61","79","19.64","14.26","8.09","80.45","chickpea"
"60","75","79","19.11","16","7.52","74.56","chickpea"
"30","72","83","21","17.32","7.05","91.87","chickpea"
"45","71","81","17.02","16.32","8.19","81.91","chickpea"
"44","80","80","18.78","17.43","7.85","76.47","chickpea"
"20","64","76","18.05","15.8","6.79","71.43","chickpea"
"46","71","77","20.16","16.64","7.62","77.3","chickpea"
"49","67","83","17.85","17.99","7.19","70.26","chickpea"
"43","62","81","18.17","15.99","7.54","66.14","chickpea"
"38","58","83","17.11","17.57","8.68","89.41","chickpea"
"53","73","80","20.73","17.58","6.99","70.63","chickpea"
"39","60","77","21","14.93","8.43","90.08","chickpea"
"59","77","78","17.99","17.58","7.59","79.42","chickpea"
"56","73","79","20.75","14.97","7.08","79.85","chickpea"
"45","68","75","18.35","15.46","6.88","76.88","chickpea"
"33","64","78","18.49","18.11","7.14","67.23","chickpea"
"40","61","79","19.84","14.26","6.95","79.12","chickpea"
"55","66","75","17.68","19.07","7.58","93.82","chickpea"
"46","61","77","17.18","15.07","6.51","75.59","chickpea"
"20","63","84","19.32","18.23","6.7","84.49","chickpea"
"56","62","81","20.19","15.93","8.66","86.09","chickpea"
"60","74","83","18.51","19.32","8.3","73.42","chickpea"
"49","70","75","18.07","19.14","8.87","87.71","chickpea"
"36","55","79","17.68","17.65","8.61","73.6","chickpea"
"44","76","77","19.9","15.36","7.73","70.63","chickpea"
"45","68","78","17.88","15.75","7.09","75.38","chickpea"
"28","58","84","18.88","19.97","6.68","72.97","chickpea"
"43","70","78","18.41","17.7","7.36","83.16","chickpea"
"31","71","79","20.39","18.07","8.03","77.42","chickpea"
"34","66","85","19.68","17.57","6.88","80.27","chickpea"
"41","65","81","17.44","19.84","8.52","82.85","chickpea"
"47","59","81","21","18.13","7.23","73.81","chickpea"
"35","76","79","17.02","17.62","7.49","81.72","chickpea"
"51","70","82","19.12","17.39","7.79","83.49","chickpea"
"43","57","79","19.64","19","7.86","90.53","chickpea"
"59","69","84","18.23","14.46","7.7","82.53","chickpea"
"23","66","80","19.11","17.17","6.8","84.8","chickpea"
"37","69","76","17.28","14.55","7.58","83.83","chickpea"
"38","65","80","18.25","16.97","7.92","72.21","chickpea"
"41","72","79","17.56","16.6","8.46","70.12","chickpea"
"44","65","82","19.48","14.26","6.58","85.89","chickpea"
"40","75","77","17.87","15.73","7.94","74.49","chickpea"
"47","55","85","18.18","17.07","7.72","73.66","chickpea"
"35","67","80","19.45","14.31","7.91","79.47","chickpea"
"20","72","78","17.02","16.04","7.83","84.97","chickpea"
"57","65","80","17.02","16.42","8.11","84.34","chickpea"
"38","71","82","19.4","17.49","7.14","92.51","chickpea"
"38","58","75","19.36","14.4","7.3","77.2","chickpea"
"43","73","83","19.07","18.33","6.56","87.68","chickpea"
"57","67","82","18.22","17.1","7.55","80.66","chickpea"
"38","75","75","18.95","18.55","8.17","71.78","chickpea"
"30","76","82","19.44","18.65","7.36","76.55","chickpea"
"54","72","78","17.02","17.44","6.97","78.32","chickpea"
"20","66","77","18.63","18.23","7.21","83.22","chickpea"
"28","57","77","18.37","14.26","7.88","80.59","chickpea"
"49","70","78","19.34","16.97","7.77","65.11","chickpea"
"37","66","85","19.47","16.95","8.03","79.6","chickpea"
"38","55","79","19.39","15.65","5.99","94.78","chickpea"
"46","78","79","20.2","16.22","6.31","79.74","chickpea"
"39","64","82","20.56","16.42","5.99","84.48","chickpea"
"45","71","80","18.28","16.87","7.75","89.32","chickpea"
"60","77","82","17.82","19.03","6.29","68.74","chickpea"
"44","66","75","17.47","19.34","7.24","83.51","chickpea"
"27","71","83","17.91","14.26","7.25","94.78","chickpea"
"50","55","82","18.64","17.1","8.84","88.82","chickpea"
"57","65","78","17.67","16.18","8.25","83.65","chickpea"
"32","65","83","19.92","14.26","7.26","73.57","chickpea"
"60","63","84","17.96","16.06","6.32","65.11","chickpea"
"59","62","85","20.14","19.73","5.99","82.96","chickpea"
"52","79","85","17.94","16.71","7.19","65.11","chickpea"
"31","59","82","19.7","18.44","7.6","78.32","chickpea"
"53","72","79","17.66","15.81","7.31","73.74","chickpea"
"35","55","81","19.16","18.94","6.37","75.17","chickpea"
"55","70","75","18.55","15.45","7.81","94.78","chickpea"
"53","61","81","19.21","15.52","8.74","85.44","chickpea"
"38","80","78","20.89","18.36","7.49","74.44","chickpea"
"21","61","78","18.77","16.63","6.04","93.64","chickpea"
"20","63","85","19.09","15.77","6.21","94.01","chickpea"
"35","65","77","18.84","14.26","7.17","80.46","chickpea"
"39","79","81","17.02","14.26","7.55","84.32","chickpea"
"25","60","80","17.57","14.66","7.97","88.5","chickpea"
"31","80","81","17.99","17.47","7.32","78.91","chickpea"
"39","61","75","20.94","16.56","6.98","80.51","chickpea"
"20","71","78","17.02","14.26","8.26","74.32","chickpea"
"49","59","84","19.84","16.1","7.98","78.06","chickpea"
"43","76","81","19.16","17.31","8.12","76.46","chickpea"
"60","75","84","18.96","14.8","7.56","76.55","chickpea"
"32","66","79","18.2","16.32","8.28","67.68","chickpea"
"49","80","79","18.59","17.36","7.61","70.77","chickpea"
"23","63","80","18.63","14.42","5.99","94.59","chickpea"
"38","55","81","20.87","19.97","7.41","86.07","chickpea"
"50","74","79","17.02","16.14","6.62","81.5","chickpea"
"39","61","82","18.59","15.9","7.54","71.95","chickpea"
"58","67","75","19.71","18.53","5.99","65.7","chickpea"
"60","65","80","19.12","19.97","7.88","86.71","chickpea"
"39","73","80","17.8","16.65","8.21","65.11","chickpea"
"41","72","75","19.07","16.94","6.92","72.51","chickpea"
"44","57","85","18.33","15.64","7.13","81.63","chickpea"
"55","56","84","21","17.02","6.97","65.11","chickpea"
"36","80","75","17.53","17.52","7.11","83.98","chickpea"
"20","66","75","17.02","15.92","6.67","78.34","chickpea"
"41","72","76","19.32","14.26","7.25","89.24","chickpea"
"41","63","78","17.87","15.79","8.74","84.23","chickpea"
"43","74","82","18.69","16.62","8.26","65.11","chickpea"
"41","66","81","18.2","15.72","7.21","82.35","chickpea"
"60","63","77","19.52","14.31","7.08","68.44","chickpea"
"47","80","83","19.39","15.62","7.57","69.49","chickpea"
"51","55","77","19.4","16.39","7.93","81.7","chickpea"
"39","78","85","19.73","15.87","8.36","80.82","chickpea"
"49","67","75","17.02","15.99","8.36","81.76","chickpea"
"20","59","77","18.94","15.21","6.43","68.42","chickpea"
"57","72","82","19.28","17.28","7.12","67.99","chickpea"
"57","67","78","17.93","16.73","6.73","73.03","chickpea"
"60","74","80","19.12","19.79","7.74","77.09","chickpea"
"52","66","80","18.71","15.43","7.94","83.03","chickpea"
"23","56","80","18.62","16.33","8.36","71.24","chickpea"
"52","78","79","19.53","15.85","6.35","72.27","chickpea"
"52","69","75","18.58","17.15","7.53","94.78","chickpea"
"52","74","81","18.95","16.86","6.8","91.05","chickpea"
"23","66","78","20.24","18.02","6.55","73.59","chickpea"
"20","68","78","20.64","19.14","7.32","94.78","chickpea"
"44","74","82","19.68","17.08","6.65","82.35","chickpea"
"20","64","75","19.07","17.96","8.84","78.91","chickpea"
"51","62","85","18.48","18.7","8.04","84.29","chickpea"
"28","71","78","18.27","18.65","7.62","81.49","chickpea"
"20","67","85","19.37","14.26","8.17","92.26","chickpea"
"38","67","84","19.16","16.67","8.28","74.35","chickpea"
"54","65","81","18.42","17.65","7.97","84.62","chickpea"
"39","59","84","19.56","15.68","7.31","78.79","chickpea"
"50","75","85","19.67","15.53","6.95","79.61","chickpea"
"54","71","84","19.12","16.9","7.26","70.87","chickpea"
"49","64","78","18.45","19.97","6.95","82.12","chickpea"
"38","55","84","17.71","17.33","8.75","76.78","chickpea"
"40","66","78","18.7","17.37","7.07","80.81","chickpea"
"34","63","81","18.8","18.92","7.43","65.11","chickpea"
"55","74","77","17.42","18.56","8.22","85.59","chickpea"
"25","70","83","19.72","17.42","6.87","66.45","chickpea"
"40","71","76","19.18","17.56","8.3","79.06","chickpea"
"45","79","80","18.05","17.57","7.61","78.38","chickpea"
"29","55","84","17.74","15.87","7.38","74.71","chickpea"
"46","76","78","19.21","18.88","6.56","72.18","chickpea"
"43","56","78","18.47","16.54","8.87","86.76","chickpea"
"52","80","78","18.93","19.13","7.14","81.28","chickpea"
"27","71","78","18.42","17.08","7.23","84.1","chickpea"
"60","68","83","18.63","15.29","6.77","73.86","chickpea"
"39","68","80","18.68","15.7","8.06","72.38","chickpea"
"44","64","78","17.4","18.15","7.05","80.96","chickpea"
"49","66","76","18.48","16.65","6.8","79.13","chickpea"
"47","58","79","19.34","18.07","8.47","76.55","chickpea"
"26","58","78","17.91","18.89","6.85","87.06","chickpea"
"43","70","78","19.23","14.69","7.16","68.11","chickpea"
"39","62","84","19.25","17.87","7.89","72.18","chickpea"
"24","62","84","18.06","17.99","7.72","80.71","chickpea"
"54","76","83","17.75","16.47","8.25","85.21","chickpea"
"44","61","80","17.81","19.97","6.84","83.8","chickpea"
"56","72","83","18.85","19.36","7.54","77.77","chickpea"
"26","68","79","19.4","14.26","8.37","73.71","chickpea"
"60","65","81","18.67","16.68","7.59","73.45","chickpea"
"47","72","79","18.99","16.54","7.13","82.24","chickpea"
"28","73","75","19.51","18.04","6.03","72.41","chickpea"
"31","65","85","21","16.73","7.38","71.99","chickpea"
"34","65","80","21","17.53","6.49","71.89","chickpea"
"41","55","82","17.02","17.11","6.89","83.48","chickpea"
"43","80","81","20.26","16.61","6.3","69.68","chickpea"
"56","66","81","19.62","16.41","7.98","83.75","chickpea"
"27","77","78","21","16.62","7.11","91.41","chickpea"
"46","68","81","19.68","14.91","7.57","74.17","chickpea"
"36","61","79","18.8","14.97","6.35","82.61","chickpea"
"40","71","79","18.46","17.4","6.35","78.7","chickpea"
"57","70","85","17.02","14.56","6.1","90.35","chickpea"
"35","71","76","19.56","17.42","7.37","78.02","chickpea"
"28","69","81","17.02","16.35","6.56","87.14","chickpea"
"36","74","75","18.82","17.98","7.38","93.2","chickpea"
"24","68","84","19.12","16.73","7.97","76.77","chickpea"
"51","78","77","21","18.2","8.73","79.32","chickpea"
"36","55","82","17.68","16","7.96","81.67","chickpea"
"57","79","83","20.54","14.66","6.92","89.13","chickpea"
"24","55","78","17.91","19.97","6.76","75.92","chickpea"
"44","62","79","18.37","17.52","6.95","94.78","chickpea"
"36","68","83","18.89","18.47","8.66","88.51","chickpea"
"26","71","80","17.52","18.03","7.96","84.91","chickpea"
"35","66","84","21","15.03","8.14","90.4","chickpea"
"53","62","85","19.27","18.2","7.68","69.6","chickpea"
"45","64","79","19.24","17.03","6.27","73.58","chickpea"
"41","68","77","17.16","14.26","8.14","82.48","chickpea"
"59","73","82","17.02","16.93","7.01","77.38","chickpea"
"26","68","85","17.02","19.97","6.88","81.82","chickpea"
"50","73","75","18.62","14.91","6.58","74.06","chickpea"
"30","74","76","19.09","17.64","8.87","77.84","chickpea"
"40","75","77","19.91","14.26","6.89","75.91","chickpea"
"44","62","85","18.93","19.97","6.43","86.82","chickpea"
"45","69","83","20.06","16.71","8.31","91.87","chickpea"
"26","65","81","18.12","17.78","8.22","78.51","chickpea"
"52","64","78","18.44","19.37","6.56","76.19","chickpea"
"43","63","77","19.71","17.42","7.6","65.11","chickpea"
"50","78","77","18.35","19.61","8.28","87.24","chickpea"
"46","61","82","19.12","15.49","7.75","82.81","chickpea"
"24","63","79","18.83","16.58","6.97","75.24","chickpea"
"33","57","83","18.09","16.04","7.48","75.1","chickpea"
"20","72","76","18.78","19.49","5.99","72.67","chickpea"
"40","68","85","19.59","14.26","6.5","94.78","chickpea"
"40","80","78","17.75","17.59","8.06","84.46","chickpea"
"32","57","76","19.14","16.47","6.93","72.83","chickpea"
"21","69","85","17.02","17.81","6.02","70.25","chickpea"
"36","74","85","18.94","17.8","8.15","78.82","chickpea"
"39","56","83","18.81","15.81","7.32","81.69","chickpea"
"37","55","85","19.09","18.26","7.46","72.98","chickpea"
"48","78","77","17.81","16.54","6.44","68.45","chickpea"
"35","80","83","19.19","16.8","8.2","68.08","chickpea"
"31","76","82","17.02","17.29","7.79","77.84","chickpea"
"41","71","79","20.42","14.26","7.17","69.27","chickpea"
"20","62","80","18.71","14.26","7.13","71.98","chickpea"
"41","75","79","17.02","15.04","7.98","74.64","chickpea"
"20","55","79","19.63","16.53","7.23","86.37","chickpea"
"29","58","85","19.09","17.53","7.06","73.46","chickpea"
"25","77","76","19.43","18.43","7.68","73.43","chickpea"
"20","64","80","20.43","16.83","7.2","84.19","chickpea"
"39","78","80","19.35","17.5","7.27","90.4","chickpea"
"37","71","81","19.51","14.26","8.87","75.69","chickpea"
"36","76","83","19.4","19.01","5.99","79.76","chickpea"
"51","80","85","19.59","14.26","7.15","82.7","chickpea"
"37","77","84","19.92","15.5","7.98","86.85","chickpea"
"24","60","78","18.38","18.44","6.96","70.37","chickpea"
"27","64","82","18.5","19.79","6.28","75.51","chickpea"
"20","70","78","18.67","14.26","7.15","75.45","chickpea"
"33","58","78","19.7","19.69","7.68","77.14","chickpea"
"43","73","82","18.29","16.5","7.39","73.32","chickpea"
"38","57","83","17.02","17.47","6.87","69","chickpea"
"53","67","83","18.23","14.96","7.51","71.15","chickpea"
"46","68","85","18.77","17.46","8.11","77.79","chickpea"
"48","58","85","18.2","14.26","5.99","70.91","chickpea"
"37","64","83","18.02","19.97","6.87","68.93","chickpea"
"24","73","84","17.02","16.57","7.05","91.19","chickpea"
"22","65","82","18.1","18.78","7.6","73.8","chickpea"
"47","71","78","17.77","16.52","7.45","82.66","chickpea"
"28","74","82","19.78","15.24","7.84","77.5","chickpea"
"31","73","85","19.42","16.06","8.12","88.34","chickpea"
"49","72","78","21","14.26","7.21","89.18","chickpea"
"37","77","81","18.5","15.63","6.93","93.7","chickpea"
"47","61","78","18.37","16.47","8.2","70","chickpea"
"42","64","81","19.31","16.84","7.17","86.57","chickpea"
"31","74","78","21","16.71","8.39","94.78","chickpea"
"47","80","76","17.73","17.76","5.99","86.08","chickpea"
"20","74","77","18.81","19.67","6.22","66.22","chickpea"
"44","72","80","17.5","16.98","7.96","79.04","chickpea"
"35","80","81","18.98","14.83","6.58","83.82","chickpea"
"57","61","77","20.2","16.1","7.09","72.63","chickpea"
"50","68","76","19.94","19.97","8.6","85.45","chickpea"
"20","57","78","19.14","15.35","6.78","66.03","chickpea"
"23","69","82","19.34","15.99","7.89","72.04","chickpea"
"44","75","84","20.11","14.94","6.13","75.65","chickpea"
"39","57","83","19.13","15.82","6.41","75.86","chickpea"
"28","59","78","19.33","15.44","8.65","65.11","chickpea"
"40","58","83","17.73","19.97","8.67","74.33","chickpea"
"39","59","77","20","18.09","6.67","67.57","chickpea"
"31","71","80","18.19","16.52","7.47","71.62","chickpea"
"57","75","79","18.31","16.61","7.54","71.89","chickpea"
"33","78","81","19.42","16.1","7.36","84.59","chickpea"
"56","68","82","17.02","16.05","7.51","80.02","chickpea"
"52","72","78","17.28","17.21","8.17","77.99","chickpea"
"34","63","78","19","15.28","6.94","93.36","chickpea"
"26","70","79","17.02","15.62","8.09","72.29","chickpea"
"40","60","80","17.46","18.38","7.28","82.41","chickpea"
"22","71","79","19.87","16.4","7.27","81.4","chickpea"
"35","69","80","17.29","16.75","7.96","88.72","chickpea"
"23","65","75","19.95","18.86","8.1","94.78","chickpea"
"35","71","79","18.4","14.26","8.87","65.11","chickpea"
"30","61","80","17.56","16.55","7.42","72.05","chickpea"
"24","80","75","17.94","15.59","7.41","69.07","chickpea"
"42","70","80","19.69","17.91","7.67","76.99","chickpea"
"37","69","79","19.66","17.22","7.28","93.44","chickpea"
"43","69","81","19.45","16.87","6.92","92.71","chickpea"
"43","71","80","20.02","16.6","7.67","76.26","chickpea"
"43","70","80","17.08","16.44","8.78","94.37","chickpea"
"60","78","83","19.28","14.73","7.42","79.8","chickpea"
"34","78","78","17.94","17.5","7.34","75.29","chickpea"
"37","62","85","19.78","19.58","7.92","74.15","chickpea"
"36","59","81","19.1","17.03","7.51","84.49","chickpea"
"35","62","84","17.67","14.45","5.99","81.71","chickpea"
"20","71","81","17.28","15.4","6.54","70.24","chickpea"
"33","70","82","20.38","17.17","8.19","88.56","chickpea"
"25","65","82","20.32","17.05","8.35","70.12","chickpea"
"20","75","85","19.78","17.92","6.15","70.93","chickpea"
"33","68","80","17.96","15.97","7.09","76.93","chickpea"
"32","76","80","18","15.77","7.34","73.98","chickpea"
"60","59","80","18.82","17.89","6.5","88.83","chickpea"
"20","67","77","17.39","18.01","7.5","75.31","chickpea"
"39","74","85","18.79","19.97","6.84","76.74","chickpea"
"60","69","79","19.42","16.44","6.23","74.41","chickpea"
"36","78","81","18.72","15.75","8.3","76.93","chickpea"
"32","64","83","18.07","14.26","7.52","76.51","chickpea"
"53","67","79","18.18","16.37","7.14","81.6","chickpea"
"39","55","80","18.61","19.97","6.66","82.82","chickpea"
"38","72","85","18.56","16.09","5.99","74.27","chickpea"
"44","73","82","19.74","17.97","6.97","76.3","chickpea"
"44","71","83","19.4","18.58","6.91","71.09","chickpea"
"27","75","78","17.14","16","7.09","91.54","chickpea"
"33","69","75","18.98","18.78","7.25","81.9","chickpea"
"60","80","82","18.56","19.97","7.72","78.88","chickpea"
"39","75","79","19.67","16.28","6.87","75.29","chickpea"
"52","74","76","20.31","14.26","8.04","82.04","chickpea"
"34","80","79","19.85","16.13","7.78","83.54","chickpea"
"26","80","79","20.47","18.08","6.6","81.41","chickpea"
"45","80","79","19.1","17.11","8.6","89.05","chickpea"
"60","70","82","19.56","17.87","6.27","74.96","chickpea"
"30","64","82","20.7","17.61","6.87","84.27","chickpea"
"33","74","85","19.63","15.03","7.78","87.95","chickpea"
"27","66","82","20.33","17.43","7.14","91.71","chickpea"
"49","64","78","19.81","17.79","7.88","79.35","chickpea"
"21","61","81","19.24","17.47","6.17","76.03","chickpea"
"27","80","75","17.61","14.26","8.63","77.83","chickpea"
"20","80","79","18.71","14.26","6.93","74.31","chickpea"
"36","71","80","18.52","15.43","7.54","72.67","chickpea"
"60","70","83","17.38","16.5","7.22","80.94","chickpea"
"31","67","82","17.02","16.41","8.1","91.67","chickpea"
"40","71","79","20.35","14.26","5.99","73.93","chickpea"
"29","55","81","19.63","17.13","7.68","77.22","chickpea"
"35","61","83","18.92","15.82","6.99","83.21","chickpea"
"37","77","75","20.51","19.69","6.7","65.11","chickpea"
"38","67","84","17.02","15.55","8.57","71.57","chickpea"
"35","79","80","19.87","19.97","7.86","72.55","chickpea"
"50","60","85","21","14.57","6.89","81.69","chickpea"
"32","74","78","20.21","15.56","7.57","94.78","chickpea"
"20","68","83","17.66","17.18","7.42","84.28","chickpea"
"56","59","76","17.95","16.38","6.74","81.97","chickpea"
"33","61","84","19.69","16.01","7.21","78.92","chickpea"
"23","72","79","20.17","17.65","7.14","83.29","chickpea"
"33","56","80","17.02","19.92","7.76","78.89","chickpea"
"45","80","79","20.54","16.38","8.55","81.39","chickpea"
"49","77","84","19.89","15.1","7.34","82.08","chickpea"
"33","69","83","19.39","19.97","6.36","73.62","chickpea"
"60","69","80","17.87","19.97","6.86","65.11","chickpea"
"60","73","79","19.18","15.12","7.51","70.15","chickpea"
"35","71","79","18.76","17.93","8.34","80.24","chickpea"
"37","71","78","19.99","16.1","7.41","75.88","chickpea"
"31","58","83","18.42","16.11","7.7","76.26","chickpea"
"53","79","80","18.69","17.5","8.87","86.97","chickpea"
"60","66","75","17.16","17.73","7.76","70.97","chickpea"
"44","60","79","20.14","15.26","8.87","81.19","chickpea"
"53","70","82","19.18","16.34","6.6","82.67","chickpea"
"60","73","81","19.15","18.36","7.33","67.94","chickpea"
"47","78","82","19.66","19.41","7.63","66.01","chickpea"
"20","67","80","19.35","19","7.85","90.71","chickpea"
"29","69","81","19.63","14.76","7.62","79.16","chickpea"
"60","63","82","18.13","16.62","8.04","79.23","chickpea"
"32","68","80","19.46","17.79","7.76","70.14","chickpea"
"59","67","76","18.68","18.79","7.56","75.85","chickpea"
"55","67","83","17.89","15.8","8.06","81.55","chickpea"
"34","63","82","17.02","18.24","6.86","84.83","chickpea"
"47","62","81","20.4","15.85","7.43","85.49","chickpea"
"31","59","79","17.93","16.32","7.63","80.52","chickpea"
"50","80","77","17.94","15.36","7.55","86.56","chickpea"
"50","59","78","21","17.57","6.65","70.71","chickpea"
"40","79","77","20.32","17.17","8.49","70.01","chickpea"
"30","73","84","18.31","15.52","7.02","74.19","chickpea"
"54","65","79","17.24","18.4","8.25","88.95","chickpea"
"44","70","78","18.11","16.69","5.99","89.45","chickpea"
"49","74","80","17.88","18.48","6.46","78.5","chickpea"
"60","75","82","17.89","15.97","6.79","88.71","chickpea"
"40","78","79","20","16.13","6.01","71.57","chickpea"
"51","64","79","17.92","15.97","8.26","76.33","chickpea"
"47","63","79","17.63","16.91","8.12","78.73","chickpea"
"60","55","83","18.07","15.66","6.13","80.71","chickpea"
"60","65","84","19.7","16.49","5.99","87.22","chickpea"
"20","80","79","17.12","18.69","6.8","78.68","chickpea"
"48","69","80","20.07","15.73","7.94","89.42","chickpea"
"21","72","81","18.18","18.99","7.12","74.92","chickpea"
"36","61","81","19.24","18.97","7.26","88.32","chickpea"
"47","75","81","18.11","19.22","6.51","76.99","chickpea"
"26","70","84","17.31","18.41","6.75","83.87","chickpea"
"51","64","80","18.91","19.92","6.2","85.86","chickpea"
"43","64","81","20.01","17.59","6.81","76.42","chickpea"
"37","62","83","18.11","17.56","6.99","80.57","chickpea"
"51","58","81","17.61","16.52","6.52","89.79","chickpea"
"46","71","81","17.02","17.85","7.14","82.29","chickpea"
"39","77","81","17.02","18.16","5.99","85","chickpea"
"52","72","84","18.58","17.02","7.67","86.67","chickpea"
"54","63","78","17.02","17.76","6.59","93.12","chickpea"
"46","76","82","19.79","15.48","8.24","74.87","chickpea"
"29","75","82","19.68","16.43","7.37","87.9","chickpea"
"26","63","78","18.21","16.63","8.05","94.06","chickpea"
"60","61","79","20.52","17.5","7.97","73.42","chickpea"
"31","75","80","17.02","14.55","7.39","78.42","chickpea"
"47","76","85","17.2","18.84","6.91","65.11","chickpea"
"45","80","81","18.34","14.55","5.99","80.92","chickpea"
"38","59","82","19.68","16.69","7.86","88.18","chickpea"
"53","73","80","17.02","14.5","7.91","65.11","chickpea"
"37","80","77","18.29","17.36","7.59","87.26","chickpea"
"38","56","82","18.22","16.82","8.4","92.36","chickpea"
"48","67","80","20.55","16.13","7.44","70.96","chickpea"
"35","77","85","19.37","19.97","6.64","82.74","chickpea"
"51","66","80","20.23","15.13","6.74","69.51","chickpea"
"48","72","81","20.44","14.26","7.62","73.03","chickpea"
"37","65","80","18.7","17.96","7.31","74.86","chickpea"
"45","61","85","19.68","19.63","6.84","69.57","chickpea"
"20","55","76","19.04","14.26","7.43","77.25","chickpea"
"43","76","84","18.77","18.66","7.21","83.68","chickpea"
"41","64","80","20.03","16.48","7.14","72.39","chickpea"
"22","61","77","17.88","14.26","5.99","74.09","chickpea"
"36","75","79","19.99","19.91","7.32","69.18","chickpea"
"21","69","75","18.16","16.25","6.44","75.99","chickpea"
"39","60","85","18.47","18.37","7.14","83.07","chickpea"
"42","68","76","19.38","17.63","7.07","85.07","chickpea"
"42","66","81","20.01","15.56","7.43","75.66","chickpea"
"39","69","80","17.6","15.64","7.68","79.42","chickpea"
"45","62","79","18.86","16.28","7.34","91.23","chickpea"
"44","59","80","19.26","17.39","6.78","82.74","chickpea"
"34","56","76","19.32","18.68","7.9","79.49","chickpea"
"40","63","84","19.51","16.21","6.5","86.75","chickpea"
"36","70","75","19.71","16.38","7.01","77.74","chickpea"
"40","79","80","18.86","17.72","6.51","87.66","chickpea"
"49","68","79","18.37","17.2","7.75","86.55","chickpea"
"32","64","84","18.77","17.15","8.13","82.3","chickpea"
"34","60","83","17.21","15.82","7.88","87.44","chickpea"
"35","65","76","19.12","15.52","7.26","80.05","chickpea"
"52","80","83","19.29","16.43","7.39","72.95","chickpea"
"33","80","80","19.59","17.34","8.74","65.11","chickpea"
"21","62","85","18","14.44","7.5","69.67","chickpea"
"49","68","83","19.52","18.52","6.3","68.79","chickpea"
"36","77","85","18.94","15.45","7.36","82.76","chickpea"
"23","68","78","19.7","16.08","7.42","87.14","chickpea"
"49","59","81","18.7","15.17","7.25","94.4","chickpea"
"48","64","82","19.35","17.59","8.36","80.81","chickpea"
"24","75","76","20.83","15.44","5.99","75.35","chickpea"
"45","62","82","18.82","17.63","7.07","82.94","chickpea"
"36","58","85","18.51","19.46","8.22","78.96","chickpea"
"39","65","80","19.64","14.26","7.64","68.28","chickpea"
"20","76","75","17.94","17.54","7.93","86.23","chickpea"
"32","65","78","19.89","17.28","8.87","73.15","chickpea"
"45","71","83","21","15.38","7.58","80.89","chickpea"
"35","63","80","17.02","17.72","7.5","77.58","chickpea"
"46","61","75","17.76","17.35","6.75","84.15","chickpea"
"48","76","82","19.34","18.96","6.74","82.54","chickpea"
"49","71","83","20.7","16.08","8.04","75.27","chickpea"
"29","67","81","18.21","17.3","7.39","78.54","chickpea"
"38","68","78","20.78","18.19","7.53","83.22","chickpea"
"20","69","80","18.56","15.39","7.09","73.76","chickpea"
"32","60","83","19.61","17.03","6.28","76.66","chickpea"
"24","73","84","20.11","16.64","8.08","81.98","chickpea"
"42","66","79","19.21","14.94","6.81","85.48","chickpea"
"42","72","83","19.5","19.97","6.19","86.98","chickpea"
"32","72","79","19.61","18.7","6.7","89.08","chickpea"
"60","77","79","19.78","16.29","7.68","77.53","chickpea"
"41","68","78","19.04","19.89","7.36","75.13","chickpea"
"24","66","75","17.02","16.88","5.99","86.64","chickpea"
"32","56","82","20.75","16.14","6.56","65.36","chickpea"
"43","74","81","19.06","19.6","8.46","85.65","chickpea"
"31","57","82","18.8","16.28","7.65","79.39","chickpea"
"38","65","83","17.32","18.07","7.62","76.57","chickpea"
"52","64","82","18.65","15.31","6.6","79.03","chickpea"
"33","74","79","18.27","15.19","8.64","70.86","chickpea"
"49","77","84","18.26","18.15","6.66","86.98","chickpea"
"25","72","80","17.53","19.97","7.24","85.44","chickpea"
"32","66","83","20.55","14.26","8.02","70.83","chickpea"
"52","63","77","18.67","17.05","7.52","92.55","chickpea"
"57","58","80","18.46","16.4","8.56","81.48","chickpea"
"53","77","84","18.38","14.91","7.96","88.52","chickpea"
"20","65","82","18.25","18.57","8.07","72.29","chickpea"
"48","64","81","19.1","14.8","7.27","78.05","chickpea"
"33","75","76","18.97","16.99","5.99","72.19","chickpea"
"60","62","80","19.55","16.51","6.36","76.28","chickpea"
"27","80","78","19.63","18.04","6.69","93.45","chickpea"
"51","66","78","19.44","16.62","7.45","65.11","chickpea"
"31","71","77","19.49","16.91","7.65","82.54","chickpea"
"41","62","79","20.08","15.74","7.56","65.11","chickpea"
"32","67","76","18.12","17.59","7.51","87.25","chickpea"
"23","71","77","19.07","15.77","7.34","89.26","chickpea"
"57","80","77","18.47","15.73","6.47","91.79","chickpea"
"45","55","80","19.33","14.71","8.06","73.88","chickpea"
"38","78","75","18.22","15.19","8.87","84.96","chickpea"
"60","69","85","18.91","14.26","7.53","73.61","chickpea"
"42","76","82","17.2","15.48","6.95","83.3","chickpea"
"37","76","82","18.24","14.26","8.11","85.46","chickpea"
"50","78","83","17.82","17.14","6.55","76.69","chickpea"
"39","77","80","20.19","14.69","7.04","82.83","chickpea"
"50","70","79","17.02","18.63","6.06","87.3","chickpea"
"41","67","78","20.28","19.97","7.37","72.16","chickpea"
"38","70","78","21","17.52","8.41","82.52","chickpea"
"50","64","83","18.33","16.95","7.77","73.62","chickpea"
"34","72","85","18.23","18.34","6.87","68.03","chickpea"
"31","62","82","18.25","16.76","6.85","82.37","chickpea"
"24","69","78","20.54","17.1","7.5","85.82","chickpea"
"55","58","83","18.44","17.78","7.93","89.3","chickpea"
"30","61","78","20","16.09","8.74","76.05","chickpea"
"36","77","75","18.38","18.43","7.71","75.96","chickpea"
"42","55","85","18.84","19.55","8.58","81.86","chickpea"
"44","68","79","17.99","18.32","6.66","75.67","chickpea"
"41","58","82","17.02","16.29","6.78","85.69","chickpea"
"60","64","83","18.21","17.12","8.14","94.78","chickpea"
"43","77","83","17.19","15.12","7.53","78.63","chickpea"
"38","73","81","18.66","17.38","5.99","78.54","chickpea"
"57","64","84","17.7","16.58","8.7","78.59","chickpea"
"23","61","81","19.28","18.58","8.47","72.72","chickpea"
"50","66","77","17.4","15.04","7.66","70.96","chickpea"
"38","67","77","17.02","18.03","7.48","86.16","chickpea"
"51","58","84","19.35","16.67","6.62","77.31","chickpea"
"26","68","77","18.86","16.99","7.34","81.67","chickpea"
"44","57","80","18.42","14.94","7.32","73.69","chickpea"
"26","58","78","20.43","16.35","5.99","88.28","chickpea"
"60","71","81","18.33","15.55","6.97","83.06","chickpea"
"45","74","82","17.02","18.35","8.07","80.36","chickpea"
"52","75","75","17.33","18.15","6.55","66.77","chickpea"
"45","55","85","20.09","15.77","6.9","72.74","chickpea"
"51","69","82","17.02","19.97","7.72","86.89","chickpea"
"50","68","85","18.79","19.2","6.95","79.83","chickpea"
"20","64","81","21","16.27","7.1","73.81","chickpea"
"34","55","79","19.42","17.22","6.79","75.15","chickpea"
"43","75","85","18.63","14.26","8.22","88.49","chickpea"
"40","70","78","17.81","17.5","7.27","80.76","chickpea"
"23","76","82","18.19","15.35","7.57","76.72","chickpea"
"40","72","80","19.95","18.52","7.55","74.77","chickpea"
"51","64","83","18.59","17.97","6.93","71.64","chickpea"
"27","72","77","18.88","16.87","7.45","74.47","chickpea"
"47","68","80","17.09","18.16","8.58","74.76","chickpea"
"36","57","79","18.44","16.35","7.1","84.21","chickpea"
"30","55","77","19.51","16.56","6.58","94.78","chickpea"
"27","58","77","18.59","15.79","6.28","73.81","chickpea"
"60","56","81","18.67","17.35","7.37","67.41","chickpea"
"29","80","79","19.02","18.04","7.4","90.63","chickpea"
"60","55","85","18.22","15.58","7.07","92.56","chickpea"
"55","66","75","17.23","16.63","7.77","75.35","chickpea"
"53","72","82","19.09","17.51","7.33","77.52","chickpea"
"32","64","81","18.06","16.97","6.69","72.95","chickpea"
"38","65","81","17.19","17.49","7.21","74.21","chickpea"
"36","70","78","19.29","17.59","7.03","84.84","chickpea"
"47","64","80","17.78","18.49","7.12","77.75","chickpea"
"41","79","77","18.87","17.36","6.13","90.79","chickpea"
"43","58","80","19.72","17.07","7.15","75.09","chickpea"
"49","74","79","19.08","18.86","7.93","81.71","chickpea"
"20","75","76","18.84","16.95","7.42","75.47","chickpea"
"24","77","83","19.98","14.54","6.89","79","chickpea"
"51","59","82","17.46","18.57","7.36","74.44","chickpea"
"39","68","82","17.71","19.08","7.8","78.6","chickpea"
"31","56","80","18.04","16.14","7.63","65.11","chickpea"
"43","77","75","18.89","17.6","6.49","69.24","chickpea"
"42","73","84","18.79","17.75","7.61","88.64","chickpea"
"20","69","84","20.2","18.06","6.4","74.1","chickpea"
"55","70","80","18.32","18.09","8","65.11","chickpea"
"51","69","78","17.45","19.97","7.85","71.85","chickpea"
"24","70","83","20.98","15.8","7.84","83.99","chickpea"
"20","68","85","19.2","16.26","7.24","80.47","chickpea"
"41","66","76","19.62","19.49","8.87","77.32","chickpea"
"38","67","82","19.2","16.74","8.63","76.11","chickpea"
"48","55","79","19.68","15.65","6.01","86.2","chickpea"
"41","80","75","18.51","14.26","5.99","69.07","chickpea"
"46","67","75","19.63","15.49","7.27","84.44","chickpea"
"20","64","81","18.39","17.47","7.24","76.11","chickpea"
"45","66","80","19.42","15.77","6.43","80.04","chickpea"
"54","80","83","21","16.05","6.45","69.29","chickpea"
"35","72","82","17.54","15.66","8.46","73.58","chickpea"
"50","61","85","19.29","14.7","7.38","72.25","chickpea"
"45","74","80","20.13","19.31","6.21","82.9","chickpea"
"60","59","79","18.96","19.68","7.16","85.57","chickpea"
"56","55","78","17.74","16.04","7.67","70.37","chickpea"
"42","74","75","18.34","18.23","6.55","79.45","chickpea"
"37","58","85","18.27","15.04","7.62","93.95","chickpea"
"40","80","82","18.79","14.48","7.22","86.17","chickpea"
"52","63","82","18.88","18.57","6.86","92.92","chickpea"
"58","59","85","17.02","14.87","7.27","86.7","chickpea"
"26","72","77","18.7","15.71","7.66","94.78","chickpea"
"23","61","79","19.1","18.08","7.89","94.24","chickpea"
"23","67","85","18.52","19.97","7.13","90.01","chickpea"
"32","60","78","18.11","16.76","6.34","94.26","chickpea"
"34","55","80","17.66","17.87","7.11","68.81","chickpea"
"55","56","81","19.45","18.86","7.64","71.09","chickpea"
"59","68","80","17.02","15.82","7.88","79.23","chickpea"
"31","76","84","19.79","16.37","8.09","83.36","chickpea"
"45","69","75","19.32","15.8","6.14","85.42","chickpea"
"31","70","80","19.78","15.35","7.49","73.17","chickpea"
"44","64","78","18.34","19.63","6.28","93.4","chickpea"
"29","68","84","17.65","16.64","6.5","72.5","chickpea"
"39","72","79","20.22","14.26","8.05","82.15","chickpea"
"47","77","79","20.76","17.87","7.3","68.65","chickpea"
"55","63","77","20.19","16.77","7.27","78.74","chickpea"
"44","68","82","18.24","15.35","6.91","71.49","chickpea"
"60","56","82","18.64","17.36","6.08","76.85","chickpea"
"32","65","78","18.74","16.82","7.76","76.67","chickpea"
"52","69","79","19.87","16.68","7.91","72.24","chickpea"
"47","63","80","19.05","16.43","7.65","73.56","chickpea"
"40","80","81","20.07","14.26","8.03","77.74","chickpea"
"60","55","77","19.51","19.69","8.42","81.91","chickpea"
"31","79","79","18.87","17.25","7.66","77.38","chickpea"
"28","59","80","19.14","17.8","7.23","80.02","chickpea"
"20","80","83","19.5","16.63","7.19","87.07","chickpea"
"20","71","82","17.87","16.44","7.17","81.65","chickpea"
"29","55","85","18.4","15.37","6.69","72.47","chickpea"
"53","62","80","20.42","14.4","8.36","72.94","chickpea"
"38","59","77","18.2","14.72","7.33","88.85","chickpea"
"48","68","79","20.07","19.93","7.33","70.88","chickpea"
"39","68","81","17.2","15.65","7.93","79.68","chickpea"
"60","67","80","18.46","15.8","8.22","94.78","chickpea"
"60","64","84","18.01","18.9","7.5","69.34","chickpea"
"51","62","80","18.15","16.56","7.96","81.96","chickpea"
"45","76","84","19.34","14.26","7.45","70.56","chickpea"
"47","74","85","17.53","15.88","6.15","73.57","chickpea"
"37","67","85","18.3","14.26","6.69","74.44","chickpea"
"21","72","82","19.9","16.62","6.76","88.12","chickpea"
"38","68","77","19.95","19.2","7.15","71.99","chickpea"
"59","72","76","20.39","18.26","7.31","74.4","chickpea"
"20","66","76","19.32","16.19","7.65","69.92","chickpea"
"44","73","81","18.52","17.38","5.99","73.94","chickpea"
"38","76","76","20.58","17.21","7.24","71.86","chickpea"
"26","69","85","17.77","16.11","6.87","68.34","chickpea"
"40","60","78","17.53","17.59","7.35","74.89","chickpea"
"20","77","83","18.62","19.76","7.03","92.72","chickpea"
"43","61","81","19.24","18.08","6.52","87.41","chickpea"
"38","68","81","18.28","15.91","7.8","65.11","chickpea"
"30","59","75","19.84","16.93","7.28","93.48","chickpea"
"20","64","83","19.14","16.63","8.13","82.94","chickpea"
"48","70","81","18.82","18.42","7.21","87.1","chickpea"
"48","68","79","18.42","15.97","6.43","94.78","chickpea"
"43","65","78","17.02","18.19","7.57","92.33","chickpea"
"45","76","79","17.6","19.97","6.33","78.17","chickpea"
"47","66","83","17.02","19.74","7.38","79.6","chickpea"
"35","75","80","18.94","15.67","7.34","92.13","chickpea"
"48","62","78","18.58","18.6","7.56","66.55","chickpea"
"20","80","79","18.74","14.72","7","94.78","chickpea"
"60","73","75","17.69","15.6","6.47","85.14","chickpea"
"35","80","81","19.47","14.26","6.88","66.5","chickpea"
"46","66","79","21","17.14","6.6","75.23","chickpea"
"22","71","85","20.99","19.97","7.17","73.13","chickpea"
"50","68","82","17.02","16.83","6.79","94.78","chickpea"
"27","58","77","19.73","18.39","6.96","82.15","chickpea"
"21","80","85","19.22","16.28","8.62","83.61","chickpea"
"35","69","81","19.54","15.24","6.56","82.82","chickpea"
"60","71","81","17.33","16.99","7.99","77.88","chickpea"
"50","71","80","20.24","19.3","5.99","76.61","chickpea"
"29","71","79","19.74","17.71","7.67","84.64","chickpea"
"29","71","80","20.2","17.43","8.24","79.11","chickpea"
"52","70","81","19.17","15.99","6.8","68.77","chickpea"
"20","69","77","18.88","16.27","7.93","72.32","chickpea"
"28","64","80","19.18","15.33","6.57","72.87","chickpea"
"32","69","80","19.17","17.4","6.74","74.91","chickpea"
"27","62","75","21","14.26","6.28","77.37","chickpea"
"42","67","81","17.02","16.92","8.87","84.51","chickpea"
"49","76","84","19.65","16.89","7.43","81.59","chickpea"
"53","55","85","17.6","15.75","6.11","72.04","chickpea"
"21","55","76","18.03","17.69","5.99","87.91","chickpea"
"25","73","83","17.02","16.66","7.54","87.53","chickpea"
"31","68","80","20.02","14.62","8.07","78.93","chickpea"
"44","69","81","18.22","16.19","7.56","79.42","chickpea"
"49","73","76","18.47","15.09","7.4","81.52","chickpea"
"38","74","81","20.27","17.08","6.9","76.7","chickpea"
"29","62","80","19.65","17.33","6.49","72.6","chickpea"
"26","73","76","19.6","16.38","7.2","69.66","chickpea"
"20","61","78","18.49","17.24","5.99","80.37","chickpea"
"41","68","78","18.8","18.96","6.19","70.27","chickpea"
"36","70","75","17.82","14.94","7.45","80.13","chickpea"
"41","56","78","21","17.52","7.21","80.99","chickpea"
"52","77","76","18.35","15.13","8.87","80.92","chickpea"
"39","67","82","18.13","19.06","7.25","81.59","chickpea"
"40","66","78","19.37","19.71","8.87","77.49","chickpea"
"39","57","78","19.37","16.96","7.56","66.93","chickpea"
"51","55","75","18.26","17.98","6.32","84.92","chickpea"
"50","55","80","21","18","6.91","66.23","chickpea"
"35","72","79","20.58","16.13","7.36","80","chickpea"
"49","60","77","18.64","18.83","6.73","87.57","chickpea"
"51","62","80","19.84","19.97","7.93","93.87","chickpea"
"24","75","82","17.8","17.99","8.6","76.96","chickpea"
"20","80","82","18.01","16.01","6.73","84.42","chickpea"
"42","56","82","20.71","16.01","6.97","81.09","chickpea"
"36","68","80","17.25","16","6.06","76.71","chickpea"
"60","55","79","17.02","17.39","7.64","71.99","chickpea"
"26","59","80","19.28","15.26","7.63","90.85","chickpea"
"51","55","84","19.04","15.24","7.42","75.41","chickpea"
"40","72","81","19.71","17.17","6.29","88.32","chickpea"
"20","67","82","18.33","16.35","6.54","73.04","chickpea"
"29","65","78","18.75","18.61","7.4","71.5","chickpea"
"46","62","75","19.14","18.37","7.89","91.59","chickpea"
"20","74","81","20.59","17.29","7.18","94.78","chickpea"
"44","71","83","18.55","17.01","6.75","91.29","chickpea"
"32","71","78","18.29","17.89","7.5","74.59","chickpea"
"56","60","79","20.61","16.87","7.67","77.45","chickpea"
"48","68","85","20.57","18.6","8.06","78.62","chickpea"
"45","60","79","18.02","14.74","7.92","94.78","chickpea"
"45","64","80","19.34","16.52","7.13","79.18","chickpea"
"58","61","75","18.83","15.58","7.06","74.22","chickpea"
"54","80","75","17.86","14.26","7.5","77.74","chickpea"
"20","76","83","18.5","16.24","7.3","81.31","chickpea"
"42","70","85","20.87","16.15","7.57","73.53","chickpea"
"42","68","81","19.88","16.23","7.23","79.32","chickpea"
"20","66","82","17.86","15.54","8.14","94.78","chickpea"
"29","72","76","18.57","18.55","8.66","86.09","chickpea"
"51","70","79","18.39","17.45","7.08","76.92","chickpea"
"40","65","83","20.97","15.6","8.87","84.22","chickpea"
"60","61","83","20.89","16.34","7.69","65.11","chickpea"
"43","57","75","18.8","17.67","7.64","73.39","chickpea"
"38","72","78","19.11","16.01","7.08","81.1","chickpea"
"35","67","85","19.1","16.77","6.4","70.86","chickpea"
"60","63","78","17.02","17.91","6.09","75.87","chickpea"
"42","72","77","19.35","18","7.77","75.39","chickpea"
"59","65","80","20.31","15.91","6.79","73.16","chickpea"
"32","69","79","18.38","15.54","8","68.1","chickpea"
"46","72","83","18.39","18.83","6.79","67.28","chickpea"
"20","59","80","20.44","17.57","6.21","74.84","chickpea"
"50","55","75","18.64","19.06","6.4","80.17","chickpea"
"39","58","81","17.75","17.47","6.27","81.06","chickpea"
"30","75","76","18.98","15.17","6.68","87.07","chickpea"
"30","71","85","20.74","16.89","6.85","83.93","chickpea"
"44","74","85","19.68","16.87","7.57","83.74","chickpea"
"44","66","83","19.4","18.41","7.89","84.54","chickpea"
"60","70","75","20.97","16.11","7.29","87.59","chickpea"
"26","70","81","20.02","15.3","8.23","90.63","chickpea"
"29","65","84","19.49","18.18","7.5","84.48","chickpea"
"24","70","77","18.76","17.61","7.82","83.46","chickpea"
"34","60","78","18.91","18.18","6.15","81.62","chickpea"
"38","80","81","18.27","15.59","7.01","93.52","chickpea"
"39","75","85","19.28","17.26","7.62","81.23","chickpea"
"40","60","77","18.62","15.44","7.32","84.56","chickpea"
"39","65","80","18.91","16.35","7.3","82.31","chickpea"
"46","62","75","17.68","15.55","7.71","84.21","chickpea"
"59","71","85","19.25","18.98","7.74","73.93","chickpea"
"21","67","79","20.23","15.7","6.31","81.02","chickpea"
"31","72","81","20.17","16.51","6.59","75.69","chickpea"
"43","66","82","18.38","14.26","6.19","86.82","chickpea"
"33","71","80","18.52","18.02","7.06","77.19","chickpea"
"38","65","79","19.28","17.06","7.1","83.14","chickpea"
"28","55","80","18.52","16.19","6.64","81.16","chickpea"
"20","68","75","19.31","14.26","6.95","82.25","chickpea"
"52","67","79","18.23","15.67","7.56","83.23","chickpea"
"43","55","85","18.94","15.89","7.01","76.04","chickpea"
"30","68","81","17.54","15.71","7.54","79.97","chickpea"
"52","71","84","17.73","16.63","7.01","80.25","chickpea"
"60","56","76","20.17","16.96","6.61","70.1","chickpea"
"33","62","78","18.89","19.97","8.29","72.82","chickpea"
"44","72","80","21","16.49","5.99","81.13","chickpea"
"24","65","82","17.95","16.97","6.65","79.73","chickpea"
"20","70","76","17.02","17.38","7.97","81.15","chickpea"
"26","73","80","19.66","19.97","7.33","87.51","chickpea"
"46","59","82","20.45","15.13","8.87","77.01","chickpea"
"49","70","82","19.15","16.23","6.82","94.78","chickpea"
"31","69","83","17.62","18.65","8.06","87.3","chickpea"
"60","64","78","18.78","18.5","8.32","77.5","chickpea"
"38","61","82","18.69","19.97","8.47","82.09","chickpea"
"60","75","80","18.56","16.11","8.57","80.16","chickpea"
"45","66","82","20.4","15.45","7.22","82.31","chickpea"
"29","63","75","20.71","17.14","6.42","79.56","chickpea"
"27","80","75","20.96","19.5","6.69","73.21","chickpea"
"60","69","83","17.2","17.19","6.66","87.58","chickpea"
"60","69","84","17.21","19.96","7.58","66.22","chickpea"
"40","58","77","18.8","15.07","7.27","76.22","chickpea"
"26","75","80","20.31","15.98","7.14","75.14","chickpea"
"36","70","82","18.32","17.69","7.04","65.11","chickpea"
"33","62","75","17.63","16.39","7.82","69.92","chickpea"
"37","65","85","18.31","19.21","7.16","76.61","chickpea"
"28","73","76","18.34","17.58","6.77","75.22","chickpea"
"44","66","84","19.2","14.66","7.26","84.41","chickpea"
"20","60","78","17.02","18.98","7.31","80.54","chickpea"
"38","70","80","18.18","19.97","7.36","88.23","chickpea"
"44","65","82","18.51","19.79","7.5","74.17","chickpea"
"36","58","82","18.58","17.31","6.98","90.32","chickpea"
"48","70","80","19.46","19.56","7.74","80.08","chickpea"
"38","67","78","18.2","18.92","7.93","66.71","chickpea"
"48","74","79","18.32","15.59","7","65.11","chickpea"
"28","62","80","20.95","16.44","8.67","79.95","chickpea"
"37","73","75","17.09","17.52","7.54","86.22","chickpea"
"43","68","77","17.39","17.96","8.87","86.59","chickpea"
"45","70","78","20.6","17.01","7.58","90.38","chickpea"
"36","76","82","18.96","19.64","6.82","72.19","chickpea"
"20","59","85","18.26","16.45","7.01","82.17","chickpea"
"46","65","81","19.56","16.83","8.5","89.78","chickpea"
"35","68","83","18.7","18.68","8.16","81.38","chickpea"
"53","69","83","17.02","16.69","8.02","84.45","chickpea"
"35","62","75","19.21","16.48","7.38","73.54","chickpea"
"20","63","76","17.86","17.58","6.22","77.41","chickpea"
"33","74","81","18.52","16.04","6.38","77.86","chickpea"
"23","80","85","18.66","17.92","7.24","65.11","chickpea"
"30","65","75","20.08","16.48","5.99","85.69","chickpea"
"52","76","84","19.37","15.44","7.38","80.35","chickpea"
"33","71","79","19.9","17.33","5.99","78.35","chickpea"
"37","62","80","19.34","15.86","8.3","82.39","chickpea"
"28","73","84","17.02","16.18","7.19","79.66","chickpea"
"60","56","77","18.31","17.99","6.49","69.54","chickpea"
"44","74","79","17.43","14.68","7.06","70.17","chickpea"
"42","65","75","18.27","16.65","6.49","83.38","chickpea"
"38","76","78","18.47","16.18","8.14","65.11","chickpea"
"54","71","78","20.74","16.48","8.87","81.9","chickpea"
"43","59","84","18.77","14.98","6.85","77.47","chickpea"
"31","68","84","19.65","18.61","7.17","82.75","chickpea"
"47","71","80","19.69","18.16","7.33","69.3","chickpea"
"40","78","81","17.33","17.74","7.4","73.68","chickpea"
"36","64","81","18.62","19.97","8.41","79.69","chickpea"
"52","67","84","19.18","17.17","6.93","94.78","chickpea"
"20","74","84","18.01","18.94","8.28","66.26","chickpea"
"41","71","75","17.02","17.07","8.73","83.1","chickpea"
"39","58","80","19.15","16.78","6.6","93.06","chickpea"
"34","60","77","17.02","17.41","6.58","76.34","chickpea"
"34","76","78","17.02","19.16","8.21","77.66","chickpea"
"25","68","76","19.93","16.06","8.25","86.83","chickpea"
"60","64","75","19.36","14.26","8.56","65.11","chickpea"
"40","57","79","17.73","18.39","7.24","94.58","chickpea"
"39","60","82","18.79","15.86","6.33","78.93","chickpea"
"33","67","78","19.84","16.08","7.23","88.18","chickpea"
"20","76","81","17.39","19.97","7.09","67.96","chickpea"
"60","70","78","17.35","15.08","7.48","77.59","chickpea"
"54","67","82","18.39","15.27","6.51","80.39","chickpea"
"52","75","80","17.53","15.27","8.14","70.88","chickpea"
"49","60","80","17.02","16.27","6.93","78.92","chickpea"
"28","66","84","18.15","18.75","6.08","76.96","chickpea"
"43","69","81","19.49","18.88","6.56","79.04","chickpea"
"35","61","79","17.02","17.59","8.29","80.67","chickpea"
"41","70","79","18.51","17.46","7.46","77.64","chickpea"
"26","66","75","17.85","14.81","7.24","77.41","chickpea"
"54","55","78","19.9","18.67","8.33","76.96","chickpea"
"39","64","76","18.49","16.82","6.73","76.32","chickpea"
"58","75","76","18.99","16.96","7.83","72.73","chickpea"
"53","73","78","17.5","18.81","6.46","85.54","chickpea"
"28","68","84","17.4","15.29","6.58","80.54","chickpea"
"48","74","81","19.14","14.93","6.15","78.85","chickpea"
"42","57","77","18.6","18.7","6.64","77.92","chickpea"
"53","65","75","20.27","17.92","6.54","80.39","chickpea"
"43","77","78","18.64","19.97","6.54","91.65","chickpea"
"45","55","84","18.85","19.97","8.38","80.9","chickpea"
"47","64","78","19.33","18.54","6.98","90.88","chickpea"
"25","70","85","20.65","14.29","8.09","78.63","chickpea"
"54","68","82","18.06","15.8","8.87","65.11","chickpea"
"47","66","80","17.02","19.14","7.79","76.19","chickpea"
"39","68","81","19.62","19.97","7.32","75.29","chickpea"
"34","65","79","18.07","17.47","7.26","86.48","chickpea"
"47","80","81","19.27","19.97","6.55","90.35","chickpea"
"48","73","80","17.02","19.97","7.33","80.19","chickpea"
"30","69","85","17.58","14.26","7.66","81.6","chickpea"
"41","73","78","19.82","19.97","6.21","89.05","chickpea"
"37","75","75","18.24","14.42","6.83","67.6","chickpea"
"34","67","82","19.03","16.27","7.16","85.78","chickpea"
"20","74","79","17.02","15.46","7.82","81.37","chickpea"
"20","74","75","20.06","16.18","7.41","79.71","chickpea"
"24","72","80","19.35","18.91","7.02","71.04","chickpea"
"49","66","85","18.18","17.38","6.67","73.67","chickpea"
"46","58","77","18.74","16.65","6.21","77.69","chickpea"
"44","61","76","18","14.84","6.74","81.19","chickpea"
"45","78","75","17.17","18.99","5.99","86.15","chickpea"
"47","63","85","18.14","17.7","7.3","78.71","chickpea"
"50","77","78","19.21","18.36","8.02","76.75","chickpea"
"37","61","84","17.97","19.97","6.81","91.22","chickpea"
"46","73","82","19.18","14.26","8.14","76.44","chickpea"
"33","75","75","17.92","17.65","7.81","67.48","chickpea"
"27","56","85","17.45","18.03","7.74","86.84","chickpea"
"37","80","81","19.45","16.1","7.65","72.65","chickpea"
"43","76","78","18.53","18.54","7.85","88.2","chickpea"
"40","65","79","18.46","19.97","6.89","81.62","chickpea"
"47","72","84","17.28","14.69","6.76","71.68","chickpea"
"44","70","79","18.7","15.54","8.87","72.71","chickpea"
"40","69","81","18.41","18.27","6.52","76.04","chickpea"
"30","69","83","19.64","17.16","6.2","77.13","chickpea"
"42","70","79","21","18.64","8.69","72.29","chickpea"
"47","67","76","19.3","18.44","7.07","71.29","chickpea"
"20","64","78","18.9","18.2","7.13","80.49","chickpea"
"52","75","82","20.09","17.22","7.54","69.42","chickpea"
"59","65","80","17.76","14.26","7.83","84.91","chickpea"
"47","73","75","18.85","14.26","6.25","82.46","chickpea"
"44","65","85","17.49","17.62","5.99","88.58","chickpea"
"40","70","78","17.1","17.31","8.29","76.52","chickpea"
"38","80","77","20.15","16.68","7.89","81.72","chickpea"
"25","70","78","18.24","17.33","8.44","78.78","chickpea"
"50","80","82","17.18","14.89","6.29","69.56","chickpea"
"32","60","79","19.57","16.85","7.38","90.77","chickpea"
"51","76","75","17.89","16.66","7.5","67.02","chickpea"
"30","70","77","18.99","14.53","6.75","80.64","chickpea"
"47","55","78","19.54","14.26","8.02","87.16","chickpea"
"52","62","82","19.75","15.23","7.49","77.07","chickpea"
"45","76","84","18.42","17.36","8.6","79.72","chickpea"
"33","56","81","17.02","19.86","8.07","74.29","chickpea"
"30","76","77","18.38","15.93","6.69","82.05","chickpea"
"55","73","79","19.32","15.01","7.46","74.13","chickpea"
"42","67","85","19.52","16.58","8.53","79.25","chickpea"
"35","80","81","17.8","17.43","8.16","79.89","chickpea"
"37","69","75","17.98","15.31","6.19","84.6","chickpea"
"54","67","83","18.76","16.77","8.01","71.1","chickpea"
"55","66","80","18.66","18.11","7.85","85.19","chickpea"
"44","80","85","19.4","18.05","7.55","76.21","chickpea"
"49","66","80","17.97","17.64","6.43","67.85","chickpea"
"43","58","79","17.47","16.25","8.87","79.91","chickpea"
"37","68","77","18.29","15.88","6.96","86.01","chickpea"
"33","64","77","18.73","14.83","8.02","72.8","chickpea"
"52","62","83","18.69","14.9","6.68","65.68","chickpea"
"36","58","82","20.33","17.12","6.16","75.09","chickpea"
"37","68","77","18.08","17.18","8.15","75.88","chickpea"
"60","75","81","17.49","17.85","6.59","90.55","chickpea"
"48","63","83","19.39","17.04","7.4","69.38","chickpea"
"50","68","83","19.59","14.64","7.44","94.78","chickpea"
"56","61","80","19.64","19.15","7.21","82","chickpea"
"35","72","79","20.76","14.4","7.69","82.14","chickpea"
"39","76","75","18.89","19.97","6.3","77.38","chickpea"
"37","72","83","17.23","15.32","7.18","89.46","chickpea"
"42","80","76","19.96","16.93","6.79","82.12","chickpea"
"43","62","79","19.96","18.19","7.89","87.5","chickpea"
"44","69","79","18.25","19.65","7.37","83.66","chickpea"
"47","74","85","18.23","16.64","8.87","78.45","chickpea"
"60","75","81","20.77","16.2","6.86","85.06","chickpea"
"44","73","85","18.51","18.18","8.58","94.78","chickpea"
"51","55","81","17.79","16.89","6.57","86.69","chickpea"
"54","75","82","17.97","18.31","7.39","86.07","chickpea"
"26","56","78","18.68","18.49","7.9","82.5","chickpea"
"42","64","77","19.44","16.51","6.49","75.5","chickpea"
"51","68","83","17.02","15","7.31","94.78","chickpea"
"56","78","81","19.85","14.26","7.82","82.27","chickpea"
"46","78","76","19.7","16.14","7.54","77.53","chickpea"
"22","80","78","17.02","16.9","7.71","70.12","chickpea"
"37","62","78","18.67","19.23","5.99","82.12","chickpea"
"41","69","75","17.82","19.97","7.62","87.99","chickpea"
"36","73","83","18.91","19.1","7.3","74.54","chickpea"
"36","65","81","20.03","18.24","6.97","69.57","chickpea"
"53","71","79","18.01","16.88","6.57","78.37","chickpea"
"43","56","82","18.16","14.26","6.17","81.46","chickpea"
"20","64","82","17.02","17.57","8.77","68.62","chickpea"
"43","69","85","17.77","16.41","6.87","71.02","chickpea"
"39","68","75","19.87","14.26","7.53","81.29","chickpea"
"36","67","78","17.33","17.71","7.19","88.68","chickpea"
"48","66","84","19.88","16.01","7.9","78.21","chickpea"
"43","69","75","17.94","17.53","7.17","90.15","chickpea"
"46","74","80","19.29","17.47","7.03","75.85","chickpea"
"47","65","82","19.43","17.04","6.84","84.38","chickpea"
"60","72","81","18.48","19.97","8.42","92.36","chickpea"
"40","70","77","19.84","18.38","7.97","81.37","chickpea"
"45","57","79","20.44","17.38","7.82","75.31","chickpea"
"50","65","84","20.01","15.38","8.27","71.84","chickpea"
"56","62","85","19.69","14.98","7.43","76.91","chickpea"
"34","62","78","18.59","16.85","7.37","69.45","chickpea"
"31","80","80","19.98","14.6","8.19","80.96","chickpea"
"31","77","75","19.46","16.86","7.53","84.75","chickpea"
"17","64","17","27.24","60.91","6.82","47.62","lentil"
"21","76","22","18.72","65.99","7.03","39.72","lentil"
"32","73","19","20.39","69.6","7.1","44.11","lentil"
"16","69","18","25.33","65.44","7.05","54.63","lentil"
"38","64","20","25.16","69.92","7.84","38.47","lentil"
"20","80","15","24.14","69.92","7.84","46.25","lentil"
"25","77","16","21.45","64.12","6.64","46.76","lentil"
"25","64","20","23.89","69.6","6.79","51.99","lentil"
"24","64","23","23.98","66.41","6.86","52.46","lentil"
"3","70","15","25.73","63.62","7.16","45.76","lentil"
"2","67","22","18.55","68.13","7.84","49.96","lentil"
"20","69","18","26.31","69.92","6.72","48.94","lentil"
"17","72","19","25.55","63.54","7.38","41.38","lentil"
"40","61","19","24.1","68.87","7.28","46.87","lentil"
"19","79","21","25.46","64.85","7","40.64","lentil"
"30","66","24","24.13","63.96","6.44","50.35","lentil"
"0","69","23","26.82","64.76","6.5","51.45","lentil"
"6","59","17","26.58","69.92","7.23","46.32","lentil"
"2","70","16","26.89","63.9","7.04","43.28","lentil"
"13","56","19","25.57","65.11","6.64","38.58","lentil"
"20","73","19","25.68","63.02","6.99","47.45","lentil"
"34","80","17","23.75","64.52","5.98","42.84","lentil"
"18","75","18","18.69","64.23","7.2","45.46","lentil"
"21","58","24","27.71","60.98","6.59","37.53","lentil"
"5","60","16","20.55","66.68","7.49","53.74","lentil"
"16","80","18","29.94","64.14","7.84","49.77","lentil"
"14","75","15","24.98","66.14","6.94","51.02","lentil"
"15","69","19","22.98","65.93","6.37","39.13","lentil"
"3","59","16","29.94","66.16","6.53","39.4","lentil"
"20","74","20","24.21","64.55","6.47","49.31","lentil"
"13","63","20","18.06","62.17","6.44","39.82","lentil"
"30","79","18","24.78","61.87","7.41","44.29","lentil"
"11","76","17","27.63","61.13","6.52","43.6","lentil"
"6","76","21","24.96","66","7.83","54.94","lentil"
"9","79","25","22.49","69.92","7.02","35.75","lentil"
"40","80","24","29.94","66.68","7.68","39.63","lentil"
"14","64","17","24.04","67.7","5.92","52.97","lentil"
"13","72","22","18.97","68.56","6.26","40.92","lentil"
"19","67","19","27.6","64.91","6.99","40.86","lentil"
"19","72","23","26.21","69.11","7.68","42.75","lentil"
"18","58","18","18.38","62.58","7.05","40.82","lentil"
"28","67","22","24.64","63.48","6.29","47.34","lentil"
"2","60","18","23.77","66.42","7.02","43.77","lentil"
"40","70","19","21.25","64.59","7.15","43.17","lentil"
"8","71","25","25.3","63.58","7.84","36","lentil"
"21","59","18","26.34","65.82","6.49","50.23","lentil"
"4","69","15","26.78","69.92","6.07","44.36","lentil"
"0","70","25","18.06","65.26","7.69","41.67","lentil"
"27","77","22","25.53","65.2","6.65","41.8","lentil"
"10","70","20","28.32","63.42","7.26","42.94","lentil"
"14","61","19","28.04","66.78","7.09","46.38","lentil"
"18","70","21","27.27","68.24","6.74","48.76","lentil"
"13","69","17","26.37","63.13","6.27","46.12","lentil"
"39","67","21","29.08","64.53","6.31","37.51","lentil"
"33","80","23","24.08","62.16","7.11","42.34","lentil"
"9","69","19","26.09","63.19","6.5","44","lentil"
"0","78","18","25.98","61.68","6.39","35.03","lentil"
"35","73","18","27.15","65.22","6.62","41.19","lentil"
"20","61","19","25.74","68.9","6.51","35.03","lentil"
"29","80","18","27.54","63.55","7.3","45.76","lentil"
"22","73","22","24.43","67.13","7.73","50.03","lentil"
"8","68","23","21.78","61.31","6.71","37.83","lentil"
"16","80","17","27.32","67.84","6.69","49.08","lentil"
"1","66","18","25.42","61.91","6.3","49.98","lentil"
"32","67","15","24.25","62.11","6.94","43.43","lentil"
"4","72","21","21.9","60.53","6.35","46.74","lentil"
"17","74","15","28.01","69.72","6.67","51.12","lentil"
"29","80","17","21.63","64.52","6.3","51.63","lentil"
"33","64","22","27.99","66.48","7.18","54.45","lentil"
"29","74","21","24.55","65.55","6.95","50.42","lentil"
"27","75","18","24.41","63.68","7.83","46.06","lentil"
"9","68","25","26.14","67.04","7.73","50.52","lentil"
"36","64","15","22.98","64.04","6.92","52.58","lentil"
"34","65","15","29.66","60.09","7.26","50.13","lentil"
"20","55","16","23.35","60.36","7.04","48.59","lentil"
"26","59","23","23.78","66.2","6.83","52.9","lentil"
"0","63","19","22.03","63.09","6.4","51.22","lentil"
"8","68","19","24.97","69.92","6.27","45.29","lentil"
"4","60","16","26.07","60.09","6.73","41.39","lentil"
"36","55","15","25.99","65.11","7.84","45.27","lentil"
"8","67","16","29.94","68.85","6.08","44.82","lentil"
"17","64","21","23.22","66.65","6.44","44.65","lentil"
"33","72","20","26.56","65.24","5.92","47.29","lentil"
"15","66","19","20.5","68.15","7.58","42.13","lentil"
"17","76","15","18.78","62.35","7.84","45.43","lentil"
"34","80","18","29.58","61.88","6.87","45.27","lentil"
"29","55","16","26.91","68.67","7.34","40.57","lentil"
"22","68","17","21.83","64.87","6.92","39.4","lentil"
"17","69","22","25.46","60.15","6.07","46.82","lentil"
"18","56","22","21.85","62.38","6.84","46.84","lentil"
"27","67","17","18.06","64.52","6.46","54.94","lentil"
"28","68","22","22.13","60.09","6.38","53.84","lentil"
"24","80","19","22.56","60.09","6.34","44.27","lentil"
"7","55","18","22.51","66.71","7.53","45.12","lentil"
"22","72","22","24.46","69.92","6.17","53.61","lentil"
"19","61","21","21.99","66.71","7.26","42.88","lentil"
"15","62","20","19.46","63.66","7.65","45","lentil"
"20","74","24","25.04","65.9","6.93","39.45","lentil"
"23","69","18","24.48","66.34","7.82","49.13","lentil"
"16","80","16","20.46","65.77","7.59","39.23","lentil"
"0","79","17","24.93","60.92","6.87","36.78","lentil"
"15","61","22","26.01","68.08","6.99","35.03","lentil"
"0","73","24","25.68","67.11","7.69","50.39","lentil"
"8","58","20","22.88","64.11","7.51","46.67","lentil"
"13","68","21","22.47","69.92","7.01","35.63","lentil"
"20","71","15","29.94","67.02","7.84","39.31","lentil"
"29","70","23","23.39","68.48","6.32","38.83","lentil"
"27","67","20","24.8","66.07","6.68","48.18","lentil"
"20","58","21","29.94","67.97","6.97","45.12","lentil"
"28","64","17","27.68","64.85","7.66","46.61","lentil"
"25","55","18","26.68","66.86","6.79","53.47","lentil"
"25","71","20","19.78","65.52","7.38","49.56","lentil"
"31","58","21","23.5","63.99","6.72","36.71","lentil"
"11","64","15","18.06","65.36","7","43.9","lentil"
"25","80","20","20.77","64.16","6.69","47.64","lentil"
"15","69","22","24.44","64.78","6.77","45.42","lentil"
"0","74","18","29.49","61.96","6.36","48.36","lentil"
"25","80","16","20.34","69.61","6.4","46.85","lentil"
"30","68","15","29.94","64.83","5.92","50.3","lentil"
"38","59","19","25.46","61.96","5.92","47.45","lentil"
"10","66","25","24.24","64.11","7.27","39.6","lentil"
"10","80","19","23.04","69.92","6.62","45.62","lentil"
"10","68","19","26.16","63.24","7.84","43.88","lentil"
"12","72","20","21","68.16","6.43","46.27","lentil"
"29","71","23","28","62.02","7.47","44.71","lentil"
"36","60","18","24.59","69.92","7.15","49.45","lentil"
"25","69","19","28.83","62.02","6.16","40.17","lentil"
"15","69","19","23.99","62.21","6.43","47.98","lentil"
"26","61","25","28.16","63.16","7.31","52.71","lentil"
"10","64","17","25.9","60.09","7.33","39.84","lentil"
"39","59","21","24.83","69.35","6.22","54.94","lentil"
"28","57","24","20.85","61.17","6.45","54.94","lentil"
"19","79","18","26.37","64.83","6.87","49.34","lentil"
"4","65","22","24.77","68","6.1","40.08","lentil"
"17","77","17","20.54","64.14","6.54","45.14","lentil"
"20","72","25","26.27","62.36","6.36","49.01","lentil"
"11","68","24","22.16","68.31","6.69","42.27","lentil"
"3","67","15","24.6","62.12","7.56","39.55","lentil"
"0","76","17","25.49","66.88","6.59","46.64","lentil"
"36","69","15","18.81","65.06","6.87","42.25","lentil"
"19","80","21","25.41","68.85","6.48","46.88","lentil"
"4","66","21","23.99","66.44","6.97","48.07","lentil"
"20","76","15","24.16","64.01","6.75","51.46","lentil"
"22","73","19","24.9","69.92","6.9","42.19","lentil"
"0","70","18","25.55","69.92","7.58","44.27","lentil"
"19","60","17","23.76","65.51","7.39","40.66","lentil"
"8","70","19","25.14","67.37","6.88","51.6","lentil"
"0","77","21","29.71","65.1","7.84","47.95","lentil"
"31","69","17","26.13","67.99","7.26","38.45","lentil"
"34","70","19","25.95","63.45","7.11","43.94","lentil"
"20","65","18","19.91","66.24","6","54.94","lentil"
"31","65","21","22.57","66.56","7.79","35.03","lentil"
"31","59","19","25.22","69.92","5.92","45.6","lentil"
"11","62","23","22.2","65.23","7","47.41","lentil"
"29","66","18","22.3","65.39","7.37","45.39","lentil"
"9","74","16","24.37","69.22","7.18","40.7","lentil"
"33","75","20","24.66","65.29","6.51","42.24","lentil"
"5","55","25","21.04","62.87","6.58","43.05","lentil"
"18","72","20","22.02","62.39","6.85","45.98","lentil"
"32","66","23","24.78","66.32","6.9","35.03","lentil"
"22","78","19","25.58","63.53","7.36","54.94","lentil"
"21","77","17","21.46","68.02","6.55","47.79","lentil"
"26","64","16","22.53","65.84","6.82","36.37","lentil"
"9","58","20","21.17","63.28","5.96","42.27","lentil"
"29","70","19","26.3","68.81","7.1","46.11","lentil"
"19","68","20","27.24","68.46","6.56","46.18","lentil"
"3","63","20","18.06","64.14","7.77","54.94","lentil"
"21","67","20","24.34","68.31","6.78","46.11","lentil"
"25","64","18","27.5","67.37","5.92","46.35","lentil"
"12","70","17","24.21","68.28","7.33","39.81","lentil"
"24","78","18","26.21","65.17","6.54","54.94","lentil"
"27","73","20","26.01","64.27","6.53","42.65","lentil"
"21","71","25","23.14","67.77","6.18","49.8","lentil"
"14","69","21","20.02","66.85","6.93","46.66","lentil"
"8","77","15","20.69","69.7","7.36","47.72","lentil"
"11","58","18","19.41","62.03","5.92","44.96","lentil"
"23","80","18","22.69","66.07","5.92","42.47","lentil"
"29","58","19","23.2","64.47","7.01","48.02","lentil"
"26","70","24","26.68","67.45","6.13","49.89","lentil"
"20","79","22","23.49","62.99","6.16","36.24","lentil"
"11","61","19","26.98","62.6","7.84","50.66","lentil"
"19","67","24","21.34","67.39","6.51","47.95","lentil"
"24","80","23","26.84","62.52","7.3","38.52","lentil"
"30","63","16","26.84","63.53","7.13","43.28","lentil"
"32","58","25","26.81","69.91","6.73","35.03","lentil"
"23","64","16","20.1","68.85","6.9","47.94","lentil"
"26","80","25","18.06","60.09","6.51","44.55","lentil"
"21","70","20","25.13","64.98","7.62","48.38","lentil"
"26","70","20","19.36","64.92","7.14","47.49","lentil"
"0","71","16","22.6","65.1","7.56","43.83","lentil"
"17","78","19","24.43","61.41","7.58","45.51","lentil"
"37","58","22","21.92","65.33","6.86","44.87","lentil"
"15","56","21","25.26","68.13","7.84","50.31","lentil"
"31","66","20","18.06","65.31","7.84","50.1","lentil"
"18","67","15","28.66","67.86","6.79","41.57","lentil"
"21","72","17","20.04","62.27","6.79","54.94","lentil"
"12","75","18","25.85","69.92","7.17","49.51","lentil"
"15","67","18","19.14","63.65","6.31","52.1","lentil"
"0","71","19","24.36","66.54","6.88","54.94","lentil"
"40","72","16","22.66","65.31","5.92","39.52","lentil"
"22","55","15","21.66","60.62","6.8","41.63","lentil"
"35","78","17","23.18","61.59","7.81","41.03","lentil"
"0","70","16","24.45","69.92","7.15","39.72","lentil"
"31","67","15","23.14","66.17","6.98","43.41","lentil"
"15","71","18","21.03","61.5","6.39","48.35","lentil"
"26","60","22","23.7","69.61","7.21","54.7","lentil"
"21","58","18","24.34","62.52","6.05","44.13","lentil"
"0","55","20","19.38","63.9","6.79","44.29","lentil"
"3","69","15","29.94","69.02","6.98","47.19","lentil"
"0","77","24","26.68","60.09","6.35","49.38","lentil"
"0","65","16","23.06","64.62","6.99","54.34","lentil"
"0","59","18","25.31","63.61","7.39","47.23","lentil"
"11","80","20","23.44","66.57","7.48","46.64","lentil"
"24","80","20","29.94","60.41","7.35","52.06","lentil"
"8","61","17","27.75","62.6","6.72","47.56","lentil"
"16","74","18","23.18","68.47","6.3","42.94","lentil"
"6","55","16","21.77","69.92","6.16","52.24","lentil"
"32","77","21","22.56","64.26","7.66","47.04","lentil"
"22","62","17","23.63","61.74","7.12","39.79","lentil"
"27","64","15","22.03","63.83","6.72","50.28","lentil"
"17","77","17","20.99","66.73","7.49","46.88","lentil"
"21","74","16","23.98","62.86","6.79","42.15","lentil"
"20","58","21","22.27","65.56","7","48.11","lentil"
"37","76","20","29.94","69.3","6.7","54.94","lentil"
"26","75","19","27.36","61.77","7.62","35.76","lentil"
"25","75","22","29.94","67.93","7.3","48.84","lentil"
"26","75","24","22.27","60.09","5.92","40.52","lentil"
"8","65","18","28.87","63.5","7.07","43.81","lentil"
"8","56","22","18.06","64.66","6.66","54.94","lentil"
"18","69","20","24.3","63.81","6.77","39.9","lentil"
"35","65","19","21.41","66.48","6.42","54.07","lentil"
"0","75","25","24.4","64.31","7.36","47.28","lentil"
"19","64","15","25.41","69.05","7.06","52.45","lentil"
"22","61","17","26.91","67.27","7.7","51.19","lentil"
"23","66","23","20.38","64.84","7.49","45.6","lentil"
"33","68","19","21.72","65.52","6.25","46.19","lentil"
"5","72","16","25.8","69.92","6.3","38.6","lentil"
"40","64","19","24.09","65.62","6.37","41.37","lentil"
"21","55","15","23.79","61.52","7.84","51.99","lentil"
"13","60","20","24.58","63.27","7.42","44.6","lentil"
"13","80","17","20.35","65.16","6.59","48.47","lentil"
"24","65","19","25.65","67.29","6.21","35.15","lentil"
"32","67","23","28.23","69.92","7.61","37.31","lentil"
"18","59","21","29.68","68.37","6.91","54.94","lentil"
"10","55","18","24.93","64.2","7.37","45.86","lentil"
"7","74","18","23.25","65.95","6.44","48.93","lentil"
"7","78","18","24.43","62.23","7.29","46.53","lentil"
"26","74","18","29.25","64.39","6.62","38.32","lentil"
"14","65","19","28.37","68.12","7.17","43.58","lentil"
"13","74","17","23.62","60.84","6.62","54.94","lentil"
"21","73","16","26.74","63.48","7.08","43.72","lentil"
"9","78","23","24.98","64.37","7.84","35.97","lentil"
"20","67","17","21.63","65.63","7.78","49.35","lentil"
"19","63","16","29.94","69.92","6.09","43.03","lentil"
"15","55","15","22.7","64.98","6.55","45.5","lentil"
"5","62","20","27.23","68.4","7.3","52.53","lentil"
"11","75","21","27.81","68.27","7.16","43.98","lentil"
"40","73","25","18.41","68.53","7.45","53.26","lentil"
"30","62","15","29.94","63.77","7.35","53.27","lentil"
"35","59","20","21.47","65.53","6.6","35.03","lentil"
"25","70","21","25.48","64.86","6.84","47.06","lentil"
"29","68","17","24.85","69.86","6.71","42.24","lentil"
"33","61","24","25.72","61.29","6.62","50.66","lentil"
"30","80","21","28.86","69.35","5.92","46.32","lentil"
"20","77","19","20.11","63.37","6.34","38.09","lentil"
"18","69","20","25.08","67.45","7.44","54.94","lentil"
"37","80","23","24.75","62.22","6.94","48.33","lentil"
"25","68","16","20.15","61.02","7.22","48","lentil"
"19","58","16","26.03","67.18","6.55","43.21","lentil"
"28","66","19","25.46","66.84","7.8","39.93","lentil"
"12","65","21","24.58","60.78","6.15","51.96","lentil"
"23","59","19","28.28","65.68","6.24","35.64","lentil"
"0","78","20","21.44","61.03","6.29","40.09","lentil"
"4","77","19","23.8","65.01","7.11","47.36","lentil"
"40","76","17","23.63","65.53","7.08","40.39","lentil"
"16","63","20","25.76","64.36","6.85","51.2","lentil"
"12","80","24","22.51","65.39","7.84","43.58","lentil"
"40","68","23","29.94","65.13","6.79","44.68","lentil"
"27","60","20","23.23","69.85","7.56","51.42","lentil"
"34","75","17","29.56","69.81","6.65","40.22","lentil"
"27","61","20","20","62.75","6.67","43.07","lentil"
"26","80","19","27.75","67.51","6.74","51.69","lentil"
"13","64","21","26","67.59","7.2","40.01","lentil"
"19","72","21","26.23","66.54","7.84","38.2","lentil"
"4","80","25","22.81","67.44","6.46","45.48","lentil"
"14","66","15","22.49","62.35","7.56","47.88","lentil"
"12","62","18","20.84","61.21","7.34","45.76","lentil"
"4","64","23","25.09","63.23","7.02","49.56","lentil"
"12","79","21","20.02","63.29","5.92","47.15","lentil"
"0","56","20","21.73","60.1","7.84","48.11","lentil"
"18","70","24","22.03","60.09","7.08","54.94","lentil"
"0","63","20","25.84","63.75","6.87","40.33","lentil"
"6","80","21","26.17","62.64","7.06","50.81","lentil"
"0","63","19","23.29","64.91","6.88","49.34","lentil"
"18","70","16","29.94","69.92","6.74","47","lentil"
"32","70","24","29.94","65.97","7.3","35.57","lentil"
"21","70","21","24.43","61.92","7.27","44.74","lentil"
"18","80","15","28.38","60.45","7.84","48.6","lentil"
"28","80","19","25.95","63.59","7.23","39.47","lentil"
"19","71","23","24.48","65.72","6.45","49.43","lentil"
"23","71","25","29.94","68.63","7.72","51.39","lentil"
"19","73","20","20.6","64.09","6.05","46.58","lentil"
"22","70","22","26.32","63.57","6.21","51.2","lentil"
"12","65","18","25.19","64.62","7.84","47.63","lentil"
"12","75","21","29.55","65.72","6.77","54.94","lentil"
"8","58","15","23.71","67.52","7.27","38.3","lentil"
"0","60","22","26.62","66.69","6.62","41.98","lentil"
"10","55","20","28.63","67.09","6.8","47.81","lentil"
"3","73","23","25.71","61.51","7.61","46.55","lentil"
"4","79","18","22.65","61.7","7.07","54.2","lentil"
"13","63","21","21.03","64.37","7.1","39.76","lentil"
"8","73","25","19.36","66.63","7.84","48.39","lentil"
"17","80","15","25.08","65.12","6.48","42.91","lentil"
"17","66","22","24.35","69.92","6.48","52.63","lentil"
"24","74","15","24.54","66.03","6.43","49.2","lentil"
"26","66","16","25.08","61.78","7.72","43.3","lentil"
"9","73","20","21.67","61.28","6.07","45.78","lentil"
"11","68","20","24.54","64.16","6.35","43.04","lentil"
"17","65","19","26.94","67.78","7.14","45.76","lentil"
"16","69","19","26.31","60.09","7.84","52.65","lentil"
"38","70","23","24.65","65.44","7.29","46.42","lentil"
"26","75","24","27.51","68.2","7.53","50.8","lentil"
"6","69","21","26.95","63.33","7.07","36.65","lentil"
"32","63","17","22.23","66.93","7.47","44.42","lentil"
"27","80","19","27.43","67.41","7.61","40.49","lentil"
"33","57","20","22.62","67.26","6.63","41.08","lentil"
"20","74","18","26.58","62.19","7.36","46.48","lentil"
"28","77","21","27.48","67.6","7.28","47.73","lentil"
"17","67","19","25.33","63.78","7.65","44.59","lentil"
"22","62","25","23.36","67.7","7.19","45.59","lentil"
"31","65","18","21.37","65.73","7.84","47.65","lentil"
"14","57","21","27.08","67.04","6.63","43.43","lentil"
"26","68","20","24.11","60.09","6.95","39.63","lentil"
"15","64","19","28.24","66.1","7.36","47.26","lentil"
"19","56","19","25.9","65.67","7.48","48.05","lentil"
"7","65","17","25.26","69.83","7.46","41.23","lentil"
"9","64","22","26.43","68.47","7.1","54.94","lentil"
"24","67","20","24.38","63.59","6.6","46.36","lentil"
"0","55","19","19.76","61.96","5.92","36.06","lentil"
"39","62","15","19.59","64.77","6.3","48.26","lentil"
"5","80","20","29.94","60.09","6.23","49.03","lentil"
"22","76","25","18.82","69.92","6.87","47.13","lentil"
"20","69","17","25.76","64.02","7.04","48.76","lentil"
"36","65","19","20.73","64.97","6.41","54.94","lentil"
"18","61","16","27.89","64.86","6.39","48.7","lentil"
"17","60","21","21.17","65.51","7.18","43.59","lentil"
"7","70","15","27.33","63.68","6.7","41.53","lentil"
"6","68","24","22.48","62.31","6.55","44.68","lentil"
"24","55","20","20.82","60.73","7.04","37.17","lentil"
"12","74","17","22.62","60.09","7.25","41.11","lentil"
"34","78","18","24.94","65.76","6.94","46.9","lentil"
"13","67","19","25.64","69.92","6.02","49.56","lentil"
"6","68","18","23.49","66.94","6.88","42.6","lentil"
"27","63","17","19.97","61.35","6.98","39.07","lentil"
"20","64","19","29.94","65.95","7.48","54.94","lentil"
"18","60","22","25.22","67.44","6.94","50.33","lentil"
"15","71","24","23.97","67.42","7.79","49.05","lentil"
"4","65","18","24.87","65.53","7.52","50.94","lentil"
"16","68","17","22.63","69.92","7.1","43.11","lentil"
"10","68","18","24.89","69.92","6.97","49.48","lentil"
"40","77","18","28.92","60.09","7.39","50.18","lentil"
"16","69","17","22.74","67.62","7.39","46.6","lentil"
"27","61","21","22","61.04","6.55","46.67","lentil"
"24","66","25","27.36","68.36","7.84","39.91","lentil"
"13","60","15","26.31","65.32","7.12","42.75","lentil"
"10","71","17","26.69","67.87","7.84","40.86","lentil"
"14","66","22","23.56","60.09","6.26","49.13","lentil"
"0","55","17","28.82","62.49","7.22","49.34","lentil"
"19","57","18","23.96","60.09","7.29","43.06","lentil"
"14","78","21","24.46","60.51","7.25","50.63","lentil"
"7","66","24","18.06","65.57","6.12","45.6","lentil"
"40","64","19","25.62","63.17","6.92","54.94","lentil"
"0","68","15","25.24","61.71","6.63","35.61","lentil"
"5","78","23","23.38","64.02","6.03","49.88","lentil"
"19","58","19","24.3","68.95","7.13","51.87","lentil"
"22","65","17","25.18","66.04","6.88","46.62","lentil"
"33","61","21","26.39","61.87","6.13","46.9","lentil"
"20","55","23","26.98","64.74","7","50.41","lentil"
"22","71","19","25.04","64.09","6.6","48.55","lentil"
"32","65","17","24.26","65.09","5.92","49.16","lentil"
"23","79","18","27.89","68.26","6.78","45.45","lentil"
"21","76","21","28.33","68.16","5.92","52.37","lentil"
"28","74","16","19.85","67.48","6.82","54.94","lentil"
"11","63","19","22.69","61.66","6.9","42","lentil"
"12","69","15","19.7","66.31","6.99","47.25","lentil"
"16","72","15","24.66","60.91","7.13","50.67","lentil"
"16","70","15","22.97","68.15","6.09","53.25","lentil"
"10","74","24","19.76","68.03","6.98","38.36","lentil"
"9","61","15","24.75","61.03","6.86","47.48","lentil"
"14","80","21","29.94","64.65","6.53","47.53","lentil"
"18","67","18","24.27","63.35","6.92","47.85","lentil"
"30","62","22","18.07","61.8","6.17","41.53","lentil"
"25","70","16","28.19","65.5","6.7","48.67","lentil"
"20","58","23","27.84","66.85","7.03","35.03","lentil"
"11","59","19","23.47","62.76","6.77","50.88","lentil"
"27","70","22","20.14","62.75","6.5","42.51","lentil"
"38","65","22","25.92","65.85","6.5","42.65","lentil"
"14","71","18","22.83","69.92","7.3","54.94","lentil"
"12","77","21","27.01","61.54","7.08","49.06","lentil"
"20","55","20","26.68","61.19","7.66","48.99","lentil"
"18","58","16","21.88","62.92","7","52.42","lentil"
"26","64","18","27.35","60.09","6.6","46.54","lentil"
"20","66","22","25.63","65.69","7.61","38.36","lentil"
"10","71","24","27.65","68.07","7.13","37.42","lentil"
"17","62","18","28.68","62.92","7.62","54.94","lentil"
"39","74","17","25.29","60.09","7.68","47.47","lentil"
"15","61","23","24.2","64.25","7.29","40.16","lentil"
"25","55","23","22.05","62.54","6.78","45.85","lentil"
"0","62","16","18.17","62.33","7.32","43.8","lentil"
"28","55","15","29.11","68.16","7.84","41.96","lentil"
"16","71","24","27.28","61.14","7.84","45.72","lentil"
"5","66","25","23.86","65.4","6.91","41.52","lentil"
"40","59","15","29.2","68.75","6.76","53.79","lentil"
"28","68","20","25.01","63.53","7.35","46.43","lentil"
"31","55","21","20.75","66.15","6.59","38.86","lentil"
"19","66","20","26.37","65.24","7.22","49.51","lentil"
"20","67","17","29.94","63.64","7.16","44.71","lentil"
"11","66","21","23.86","63.49","7.54","40.28","lentil"
"23","61","15","27.63","61.63","6.4","45.89","lentil"
"0","71","17","24.27","65.21","6.52","50.81","lentil"
"8","69","18","25.5","68.69","7.84","36.1","lentil"
"38","67","19","22.65","63.68","7.49","43.29","lentil"
"0","57","17","21.39","65.33","7.42","41.47","lentil"
"29","78","22","21.26","64.63","6.4","37.94","lentil"
"33","59","17","18.06","60.68","6.74","44.16","lentil"
"16","68","21","25.32","69.51","6.26","49.19","lentil"
"5","67","22","23.95","64.15","6.92","49.1","lentil"
"16","80","17","22.14","65.66","6.98","52.98","lentil"
"16","66","18","22.02","60.12","7.26","45.35","lentil"
"31","67","17","23.49","67.28","7.84","40.43","lentil"
"15","65","15","27.31","60.39","7.26","47.04","lentil"
"26","68","22","22.43","66.39","6.17","35.47","lentil"
"11","63","16","25.13","64.09","6.9","44.32","lentil"
"40","70","17","27.57","62.81","6.79","38.35","lentil"
"11","63","18","25.26","62.29","5.92","41.83","lentil"
"18","62","18","18.95","65.6","6.29","41.9","lentil"
"19","74","20","28.93","62.51","7.07","44.97","lentil"
"24","80","21","21.71","66.2","6.97","38.09","lentil"
"20","71","15","26.41","62.98","6.46","51.49","lentil"
"18","70","18","25.33","64.29","6.43","41.55","lentil"
"26","69","15","20.23","62.89","7.09","45.07","lentil"
"3","68","20","26.65","68.67","7.39","54.94","lentil"
"13","73","22","20.07","62.22","7.6","39.26","lentil"
"25","73","21","25.34","67.54","6.53","41.16","lentil"
"40","71","18","23.92","67.23","7.41","47.73","lentil"
"24","78","21","25.43","68.52","7.06","41.59","lentil"
"24","80","16","22.95","63.18","7.19","41.17","lentil"
"0","65","24","26.71","65.38","5.92","54.94","lentil"
"17","69","16","25.32","67.98","6.61","40.9","lentil"
"3","62","21","20.3","63.59","7.08","50.34","lentil"
"10","56","25","26.62","63.01","6.5","44.36","lentil"
"2","70","25","22.29","62.67","6.91","49.51","lentil"
"15","69","15","26.8","63.16","7.29","45.75","lentil"
"18","76","18","19.03","63.69","7.27","52.26","lentil"
"5","60","19","21.38","64.57","7.25","51.12","lentil"
"23","62","24","23","62.66","6.76","51.96","lentil"
"23","79","15","25.95","66.34","5.92","52.53","lentil"
"23","74","18","28.01","63.74","6.87","50.72","lentil"
"1","67","16","23","62.07","7.12","39.96","lentil"
"4","60","18","21.9","63.17","6.59","43.22","lentil"
"27","63","19","26.1","67.36","5.92","35.96","lentil"
"40","70","24","20.83","66.65","6.93","46.55","lentil"
"26","63","17","22.53","65.78","7.34","49.93","lentil"
"40","64","24","24.98","66.74","7.06","46.48","lentil"
"1","71","17","26.4","62.25","7.33","51.34","lentil"
"40","66","20","29.94","69.48","6.16","54.26","lentil"
"13","69","17","23.7","63.09","6.85","48.05","lentil"
"22","62","17","29.94","62.79","6.55","35.03","lentil"
"12","68","21","26.52","63.86","6.35","43.48","lentil"
"7","80","15","24.32","66.62","6.68","46.02","lentil"
"25","77","21","23.96","69.92","6.47","42.42","lentil"
"27","74","23","22.04","67.51","6.72","49.47","lentil"
"21","61","18","22.42","63.28","6.39","37.37","lentil"
"20","67","15","26.96","62.94","5.98","52.08","lentil"
"24","58","20","25.12","63.99","7.19","35.03","lentil"
"9","75","21","24.92","67.67","7.84","46.59","lentil"
"18","72","23","29.94","63.8","6.65","53.26","lentil"
"17","75","21","26.52","67.8","7.84","41.44","lentil"
"30","71","18","24.4","64.84","5.92","38.61","lentil"
"1","67","20","25.62","69.08","5.92","50.44","lentil"
"13","67","22","24.37","65.64","6.32","35.03","lentil"
"23","72","24","27.76","63.39","6.68","42.99","lentil"
"17","70","25","29.94","61.27","6.91","48.68","lentil"
"4","76","18","24.53","64.17","6.91","48.16","lentil"
"18","70","16","23.64","64.91","7.38","47.59","lentil"
"3","63","18","26.28","60.09","6.58","42.35","lentil"
"6","69","20","28.28","62.96","6.77","45.33","lentil"
"25","64","17","20.99","66.36","7.84","43.33","lentil"
"34","66","15","23.72","63.9","7.84","51.29","lentil"
"11","62","23","26.06","65.46","6.7","44.23","lentil"
"12","66","15","27.59","63.88","6.98","47.53","lentil"
"13","70","23","20.36","61.5","7.14","45.43","lentil"
"28","59","23","23.48","66.45","6.9","41.22","lentil"
"20","55","21","27.9","60.74","7.22","46.32","lentil"
"15","55","18","19.25","60.09","7.36","52.63","lentil"
"30","70","20","22.71","61.65","7.53","46.21","lentil"
"24","63","25","27.95","67.59","7.14","37.45","lentil"
"2","66","20","27.04","68.41","7.3","38.24","lentil"
"7","60","22","28.64","64.32","7.84","37.8","lentil"
"15","58","18","23.54","69.72","6.61","43.51","lentil"
"8","72","18","27.22","66.34","6.27","42.91","lentil"
"17","66","23","26.29","61.41","7.06","48.91","lentil"
"22","76","21","29.94","64.54","7.41","46.96","lentil"
"19","73","21","22.39","62.96","6.88","35.03","lentil"
"31","75","21","23.95","68.3","7.55","41.15","lentil"
"15","67","19","28.88","62.95","5.92","54.94","lentil"
"11","70","17","29.94","68.29","6.46","45.08","lentil"
"23","65","20","27.34","65.29","6.19","46.98","lentil"
"32","65","19","26.06","67.65","6.77","53.86","lentil"
"33","65","18","21.82","62.94","7.27","40.78","lentil"
"24","60","19","26.25","66.45","6.95","46.47","lentil"
"15","70","22","28.2","68.26","5.96","36.88","lentil"
"22","70","19","26.89","67.27","7.51","36.03","lentil"
"18","71","21","26","61.94","7.22","36.12","lentil"
"6","80","17","26.48","61.63","5.97","39.62","lentil"
"28","80","17","28.07","65.57","6.19","40.21","lentil"
"19","64","15","23.05","66.33","7.24","42.27","lentil"
"15","75","19","26.15","63.96","6.13","51.69","lentil"
"0","70","16","22.57","62.92","6.69","39.38","lentil"
"23","72","20","24.18","64.24","6.67","39.53","lentil"
"26","65","20","25.19","65.76","7.4","45.84","lentil"
"2","80","18","18.06","67.8","6.77","51.86","lentil"
"38","69","22","24.89","65.11","6.27","44.45","lentil"
"32","66","17","19.65","66.7","6.69","43.57","lentil"
"13","60","23","24.03","69.92","6.71","46.16","lentil"
"0","80","20","25.65","62.87","7.54","53.97","lentil"
"9","70","21","21.36","62.51","7.84","51.46","lentil"
"37","55","17","20.26","69.92","5.92","43.01","lentil"
"13","80","17","24.5","66.87","7.33","48.54","lentil"
"31","75","15","24.36","60.09","6.58","45.71","lentil"
"17","76","21","29.94","60.49","6.24","35.03","lentil"
"35","73","22","24.54","66.56","6.62","41.81","lentil"
"29","65","19","25.1","68.64","6.78","42.99","lentil"
"8","68","20","28.65","64.82","6.84","40.93","lentil"
"39","72","19","23.74","64.51","7.48","36.76","lentil"
"38","66","17","29.94","66.68","7.5","42.96","lentil"
"8","72","25","25.16","60.6","7.04","49.7","lentil"
"31","80","16","18.53","69.31","6.09","41.44","lentil"
"29","62","21","26.62","62.89","7.84","47.42","lentil"
"30","68","19","25.13","69.92","6.29","43.01","lentil"
"0","77","15","22.84","65.69","7.84","50.76","lentil"
"17","69","22","29.47","63.89","7.11","43.58","lentil"
"37","79","19","24.31","69.12","6.36","53.83","lentil"
"28","75","16","25.46","68.91","7.4","44.48","lentil"
"14","75","19","24.9","66.72","7.28","49.44","lentil"
"12","59","18","24.63","63.33","6.49","47.94","lentil"
"15","62","16","25.13","69.92","7.78","46.33","lentil"
"9","60","15","21.62","64.19","7.29","46.44","lentil"
"6","69","24","21.24","67.37","6.76","48.87","lentil"
"0","64","20","29.38","65.18","6.29","41.95","lentil"
"23","68","21","24.28","63.4","7.84","40.54","lentil"
"11","66","15","26.93","61.48","6.52","48.94","lentil"
"27","57","19","25.91","66.9","7.23","51.93","lentil"
"13","65","16","20.19","62.84","7.12","47.31","lentil"
"9","70","22","20.68","66.6","7.52","37.23","lentil"
"40","62","20","18.2","66.58","7.02","40.66","lentil"
"18","72","21","21.94","65.33","6.66","35.03","lentil"
"2","72","16","25.23","63.86","6.19","48.03","lentil"
"26","72","20","27.19","65.66","6.58","40.94","lentil"
"18","76","20","27.06","67.81","6.06","45.66","lentil"
"13","75","19","22.8","65.57","6.83","49.98","lentil"
"30","60","20","29.94","68.92","5.92","44.57","lentil"
"1","78","23","22.58","66.87","7.23","44.91","lentil"
"16","71","19","24.7","65.18","7.33","41.95","lentil"
"29","72","23","18.06","61.89","7.3","35.03","lentil"
"15","63","19","23.25","60.54","6.27","45.67","lentil"
"2","72","19","27.4","63.88","6.51","49.88","lentil"
"25","71","16","22.83","66.21","6.86","54.78","lentil"
"34","65","21","24.76","63.58","6.59","45.39","lentil"
"23","71","18","22.93","65.03","6.38","35.03","lentil"
"30","63","18","18.06","66.87","7.21","35.03","lentil"
"25","65","22","21.57","60.86","6.53","50.84","lentil"
"33","80","25","26.21","62.29","7.52","38.89","lentil"
"30","68","20","29.94","62.89","6.61","48.08","lentil"
"24","59","15","18.06","62.21","6.74","53.11","lentil"
"21","61","20","27.42","64.26","7.79","51.78","lentil"
"31","80","20","29.94","65.69","6.96","45.02","lentil"
"40","80","20","29.37","67.02","6.54","42.82","lentil"
"12","70","15","25.94","64.76","7.06","43.71","lentil"
"32","75","25","26.89","60.97","7.52","39.92","lentil"
"6","67","21","25.09","60.65","6.35","44.8","lentil"
"36","79","22","25.82","66.5","6.47","51.73","lentil"
"3","70","18","22.01","64.46","7.19","50.11","lentil"
"19","68","19","19.44","69.92","6.36","54.94","lentil"
"5","66","17","27.01","60.09","6.6","48.05","lentil"
"6","77","15","22.06","64.95","6.57","44.56","lentil"
"21","80","24","27.13","69.92","6.1","49.75","lentil"
"21","70","16","26.79","68.17","7","48.62","lentil"
"27","66","21","24.65","60.09","6.69","51.36","lentil"
"0","75","19","23.02","65.28","7.46","41.91","lentil"
"26","66","17","25.44","68.66","6.35","54.94","lentil"
"40","67","19","29.79","65.32","7.42","35.03","lentil"
"6","69","16","22.36","65.95","6.77","54.01","lentil"
"8","72","18","28.51","61.39","6.81","44.16","lentil"
"12","66","23","22.95","68.32","6.8","48.24","lentil"
"12","61","20","29.94","63.35","6.8","44.69","lentil"
"15","62","23","18.06","67.53","6.34","43.57","lentil"
"6","55","22","20","60.09","6.32","40.25","lentil"
"8","63","16","20.27","67.9","6.7","52.65","lentil"
"26","55","19","25.07","61.72","6.4","38.05","lentil"
"16","66","24","21.04","66.42","6.55","46.61","lentil"
"10","67","18","23.9","66.27","6.14","46.08","lentil"
"27","67","20","21.66","61.7","6.92","43.42","lentil"
"27","68","20","18.34","65.48","7.33","40.88","lentil"
"6","69","17","28.71","63.42","6.84","48.33","lentil"
"36","71","21","21.79","65.46","6.98","43.43","lentil"
"19","62","15","27.55","60.38","7.72","44.12","lentil"
"27","63","23","21.49","67.86","6.93","49.29","lentil"
"19","61","21","28.03","68.75","7.18","38.57","lentil"
"18","61","22","29.94","66.14","7.16","42.95","lentil"
"22","76","17","24.23","69.21","7.53","41.01","lentil"
"6","62","23","28.3","63.8","6.83","43.78","lentil"
"31","69","17","26.25","69.92","6.86","42.6","lentil"
"17","55","17","19.39","68.95","6.91","50.56","lentil"
"37","80","17","25.76","69.62","7.74","53.48","lentil"
"4","68","20","23.34","65","6.64","37.99","lentil"
"17","69","19","25.81","69.35","6.75","48.92","lentil"
"21","76","19","18.83","65.88","7.84","41.19","lentil"
"3","75","17","28.15","63.23","6.63","39.29","lentil"
"17","66","17","20.49","63.29","5.92","47.05","lentil"
"21","77","18","25.92","62.59","6.67","35.03","lentil"
"40","70","22","21.93","63.31","6.36","51.18","lentil"
"16","71","16","29.94","64.18","7.44","43.23","lentil"
"3","62","22","22.63","67.53","6","47.95","lentil"
"34","59","21","20.3","68.68","7.23","43.57","lentil"
"5","63","20","21.77","62.18","7.19","50.05","lentil"
"20","63","21","21.2","66.84","7.13","44.69","lentil"
"11","72","20","22.95","69.09","6.98","54.94","lentil"
"0","57","17","20.72","62.92","7.37","45.57","lentil"
"30","78","17","25.07","63.67","6.99","54.17","lentil"
"16","58","22","23.61","60.88","7.54","44.38","lentil"
"21","68","19","24.83","67.52","7.25","40.99","lentil"
"28","62","15","21.15","62.72","7.81","52.3","lentil"
"36","79","19","20.76","60.09","6.04","42.76","lentil"
"13","61","23","18.06","65.21","7.15","54.94","lentil"
"26","70","21","25.66","63.75","6.89","38.76","lentil"
"16","72","25","26.51","61.84","7.14","43.14","lentil"
"20","73","20","22.02","63.05","7.01","50.71","lentil"
"37","78","18","24.62","63.49","6.86","49.57","lentil"
"16","62","20","28.49","61.79","6.32","35.03","lentil"
"25","67","21","22.06","66.07","6.29","47.82","lentil"
"40","77","22","29.31","62.11","7.84","39.22","lentil"
"0","65","17","23.36","62.03","6.9","53.23","lentil"
"34","74","24","29.88","60.41","6.99","43.9","lentil"
"15","56","20","26.43","68.36","6.58","36.24","lentil"
"0","71","18","26.29","66.75","7.84","39.45","lentil"
"37","73","15","29.25","65.87","6.51","45.65","lentil"
"24","56","19","29.94","65.37","6.45","47.29","lentil"
"38","63","16","18.89","69.92","7.61","44.8","lentil"
"2","62","17","22.34","69.89","6.34","54.94","lentil"
"25","65","15","23.09","68.53","6.75","38.74","lentil"
"15","73","21","25.66","65.36","7.16","48.53","lentil"
"14","67","17","24.68","63.8","6.82","45.05","lentil"
"11","63","17","19.72","65.12","6.95","52.12","lentil"
"27","73","23","28.04","66.06","6.12","38.9","lentil"
"32","69","17","21.53","64.91","7.45","48.05","lentil"
"40","69","23","28.77","65.74","6.41","39.36","lentil"
"25","61","20","20.23","63.84","5.92","50.29","lentil"
"23","80","18","22.87","67.14","6.51","38.07","lentil"
"4","63","18","22.91","60.09","7.09","47.69","lentil"
"8","65","15","23.35","67.02","7.11","40.24","lentil"
"23","71","20","27.09","60.09","7.33","54.94","lentil"
"12","68","17","27.73","67.23","7.84","50.4","lentil"
"14","69","19","23.32","67.12","6.06","47.31","lentil"
"36","73","17","18.06","60.09","7.16","43.62","lentil"
"6","62","20","23.48","62.65","6.79","48.51","lentil"
"5","75","18","23.13","67.58","6.98","54.94","lentil"
"6","64","16","22.59","60.09","7.84","54.94","lentil"
"40","80","20","28.99","62.83","6.92","49.78","lentil"
"20","71","18","29.01","65.84","5.97","50.46","lentil"
"6","73","20","20.77","65.44","6.66","42.85","lentil"
"5","59","15","18.69","63.22","7.84","45.36","lentil"
"0","58","23","25.06","64.89","7.84","35.42","lentil"
"0","60","21","29.16","63.62","7.71","47.96","lentil"
"23","64","21","23.63","63.66","6.74","44.57","lentil"
"34","55","22","27.3","65.87","7.55","37.06","lentil"
"14","59","18","23.68","67.48","6.89","49.35","lentil"
"6","57","17","23.87","60.6","6.43","40.32","lentil"
"20","67","18","24.43","68.68","6.57","39.16","lentil"
"34","55","15","21.1","68.23","7.58","42.99","lentil"
"18","61","22","26.49","65.16","7.17","43.85","lentil"
"15","74","21","20.93","66.3","6.92","40.82","lentil"
"32","64","19","23.41","65.76","7.59","54.94","lentil"
"27","67","23","22.74","62.87","6.53","49.06","lentil"
"8","68","19","27.05","68.56","7.44","42.17","lentil"
"8","66","17","22.25","60.96","6.48","35.03","lentil"
"6","69","20","26.71","62.85","7.44","52.62","lentil"
"6","63","21","23.48","67.26","6.48","39.5","lentil"
"25","64","21","19.66","60.44","7.32","41.64","lentil"
"23","59","19","21.66","63.98","5.92","54.7","lentil"
"6","80","24","23.74","67.97","7.44","36.72","lentil"
"25","74","23","23.54","65.38","7.42","54.39","lentil"
"0","71","18","24.85","65.37","6.69","40.69","lentil"
"17","80","20","21.72","65.64","7.65","39.22","lentil"
"9","72","25","23.44","67.01","7.39","51.53","lentil"
"17","75","25","20.88","63.64","7.49","35.73","lentil"
"0","55","15","23.8","68.51","7.75","48.76","lentil"
"14","61","22","27.53","64.81","7.27","46.5","lentil"
"7","60","18","23.45","60.34","7.63","48.99","lentil"
"19","72","17","23.26","66.73","6.92","49.83","lentil"
"1","74","15","24.97","66.03","6.8","39.62","lentil"
"19","71","24","29.94","64.83","6.99","45.7","lentil"
"27","80","20","25.79","64.77","6.73","47.86","lentil"
"8","63","21","18.06","60.5","7.37","44.8","lentil"
"11","69","20","23.7","62.53","7.73","45.73","lentil"
"0","62","20","29.94","61.97","7.84","39.33","lentil"
"32","64","23","29.41","68.15","7.07","51.09","lentil"
"12","61","17","23.28","69.92","6.37","43.8","lentil"
"15","67","22","26.61","64.64","6.27","43.13","lentil"
"11","63","16","26.33","61.59","7.47","50.61","lentil"
"16","72","18","27.14","65.03","6.09","45.51","lentil"
"15","73","18","26.51","66.1","7.44","41.41","lentil"
"40","65","24","26.61","66.91","6.62","40.68","lentil"
"14","80","17","28.07","60.09","7.2","42.72","lentil"
"22","74","15","22.01","69.06","6.58","53.08","lentil"
"18","69","18","22.2","64.73","7.82","42.33","lentil"
"7","71","21","19.26","67.65","6.9","47.83","lentil"
"13","62","19","29.15","66.8","5.92","49.64","lentil"
"40","73","15","25.48","68.5","7.73","46.81","lentil"
"15","62","23","29.04","68","5.92","49.19","lentil"
"7","66","23","25.31","65.99","6.42","38.46","lentil"
"33","57","23","22.77","63.34","5.92","38.04","lentil"
"8","60","20","27.82","64.91","7.43","49.9","lentil"
"15","68","18","22.28","64.11","7.77","42.65","lentil"
"18","59","19","25.93","61.83","6.7","51.03","lentil"
"0","78","17","26.9","69.75","7.84","48.97","lentil"
"23","60","24","18.22","62.78","6.84","43.74","lentil"
"10","76","18","23.05","69.92","6.11","40.2","lentil"
"25","80","15","20.24","65.01","7.01","50.29","lentil"
"28","71","20","18.8","68.45","6.57","39.06","lentil"
"17","63","21","25.06","66.61","7.43","54.94","lentil"
"11","63","22","27.1","66.68","6.97","46.04","lentil"
"0","62","16","29.94","62.37","6.96","47.84","lentil"
"8","72","20","26.93","61.23","7.67","45.55","lentil"
"24","73","18","26.27","64.77","6.1","42.32","lentil"
"31","68","22","26.21","68.55","6.27","46.95","lentil"
"13","70","19","18.48","66.15","6.84","37.35","lentil"
"25","63","17","25.34","63.37","7.09","42.9","lentil"
"18","68","22","23.71","65.92","7.48","46.82","lentil"
"34","70","16","21.6","63.83","6.94","47.97","lentil"
"35","66","15","22.45","65.38","7.53","46.75","lentil"
"20","80","18","20.39","67.6","6.83","39.25","lentil"
"15","69","21","23.83","65.16","7.7","54.94","lentil"
"6","69","20","22.84","65.39","6.9","48.39","lentil"
"21","67","21","28.29","62.7","7.52","39.33","lentil"
"28","64","15","23.04","64.83","7.27","49.76","lentil"
"27","57","25","20.8","65.24","6.73","42.24","lentil"
"35","60","24","22.07","62.6","7.46","38.93","lentil"
"7","72","15","26.78","60.32","6.89","47.81","lentil"
"18","71","19","22.16","68.67","7.22","48.59","lentil"
"15","55","21","27.73","63.21","6.72","54.94","lentil"
"31","66","19","25.01","62.45","7.64","49.7","lentil"
"13","64","19","27.16","61.71","6.45","50.35","lentil"
"18","77","15","22.07","63.39","7.42","49.72","lentil"
"15","69","23","26.87","67.23","7.7","44.24","lentil"
"25","80","22","23.87","66.65","6.34","54.94","lentil"
"22","68","16","26.68","65.48","7.23","54.94","lentil"
"7","75","22","25.95","67.11","6.8","43.41","lentil"
"29","64","18","28.58","66.53","6.81","53.33","lentil"
"38","67","16","24.01","66.53","6.51","36.97","lentil"
"32","63","18","23.58","60.82","6.9","43.42","lentil"
"8","62","23","26.52","69.63","6.51","54.94","lentil"
"33","70","22","28.39","67.25","6.86","45.67","lentil"
"27","72","17","26.06","69.14","5.92","47.1","lentil"
"7","66","25","27.41","66.38","7.43","46.68","lentil"
"7","65","15","23.43","66.58","7.44","48.13","lentil"
"37","64","21","29.94","62.23","7.16","48.31","lentil"
"5","63","20","26.67","61.45","7.02","40.31","lentil"
"25","67","15","27.46","65.14","7.38","36.73","lentil"
"24","75","25","18.06","63.09","6.5","38.55","lentil"
"26","64","17","24.56","68.2","6.34","50.67","lentil"
"33","68","23","26.94","61.38","6.9","54.94","lentil"
"0","62","17","20.79","64.24","6.18","54.94","lentil"
"22","70","17","24.91","63.9","6.48","46.67","lentil"
"21","68","15","20.06","69.92","7.58","37.8","lentil"
"35","79","24","28.45","68.9","7.59","44.75","lentil"
"24","76","21","23.12","65.95","7.44","52.04","lentil"
"31","64","24","24.21","62.54","6.93","42.16","lentil"
"34","76","17","23.2","64.35","6.58","40.97","lentil"
"31","69","20","25.97","66.06","6.15","47.03","lentil"
"4","80","20","29.73","66.18","7.47","45.76","lentil"
"33","67","18","24.75","63.57","6.74","46.01","lentil"
"14","60","18","26.26","63.41","6.8","52.58","lentil"
"17","68","19","19.5","67.62","7.14","42.74","lentil"
"2","69","20","23.95","67.58","6.13","49.97","lentil"
"30","72","15","21.19","66.75","7.7","52.15","lentil"
"28","63","20","27.57","69.92","7.13","54.94","lentil"
"11","80","15","23.66","63.69","7.31","54.94","lentil"
"28","55","19","22.61","64.5","6.05","52.6","lentil"
"11","65","19","25.17","65.38","6.83","42.88","lentil"
"34","75","20","25.87","66.68","7.14","39.97","lentil"
"28","68","18","25.23","63.53","7.52","35.37","lentil"
"18","71","16","29.94","66.87","7.84","48.63","lentil"
"13","66","17","24.33","64.36","7.09","44.15","lentil"
"5","75","17","23.27","66.4","6.9","41.57","lentil"
"12","63","15","21.83","66.38","7.33","39.92","lentil"
"23","68","18","18.06","65.35","5.92","44.99","lentil"
"13","67","22","24.89","63.31","6.14","43.61","lentil"
"28","67","16","25.67","63.88","7.09","47.65","lentil"
"1","64","19","25.85","63.13","6.97","54.57","lentil"
"13","73","15","20.07","60.09","7.68","47.95","lentil"
"28","75","17","29.94","69.92","6.65","47.79","lentil"
"27","67","20","28.11","66.39","6.54","37.04","lentil"
"14","73","25","23.12","65.16","7.14","40.98","lentil"
"14","77","20","22.45","63.51","7.33","49.01","lentil"
"6","70","18","22.1","69.06","6.39","46.26","lentil"
"13","61","19","23.18","69.16","6.56","50.62","lentil"
"39","80","15","24.55","69.92","5.94","50.64","lentil"
"26","72","15","27.44","65.89","5.92","47.1","lentil"
"18","62","20","22.13","69.72","7.74","50.13","lentil"
"33","68","21","22.55","66.35","7.17","45.83","lentil"
"13","78","15","26.47","64.9","6.9","50.2","lentil"
"19","60","22","25.95","65.96","6.91","41.53","lentil"
"6","76","21","20.71","66.72","5.94","35.56","lentil"
"18","67","22","25.06","68.58","7.2","39.32","lentil"
"21","69","16","20.03","67.38","7.64","46.65","lentil"
"1","64","21","23.67","66.03","6.88","42.22","lentil"
"3","59","21","26.11","60.76","6.36","43.28","lentil"
"27","64","21","19.48","63.42","6.34","44.54","lentil"
"22","71","17","25.63","64.39","7.05","43.64","lentil"
"21","75","22","21.83","60.09","7.18","37.54","lentil"
"7","79","17","26.44","60.09","7.3","50.46","lentil"
"21","59","24","26.41","67.62","7.29","45.43","lentil"
"11","65","17","27.11","65.75","7.48","53.03","lentil"
"2","61","22","21.47","65.06","6.34","54.94","lentil"
"19","69","19","28.77","67.47","6.66","40.76","lentil"
"40","70","18","23.52","69.11","7.4","46.92","lentil"
"21","67","21","26.12","65.5","6.52","43.2","lentil"
"27","77","16","23.57","66.32","6.79","47.85","lentil"
"24","72","15","29.94","66.57","7.56","49.28","lentil"
"40","58","19","24.27","69.92","7.27","45.22","lentil"
"26","55","19","23.4","60.84","7.83","42.38","lentil"
"16","71","25","26.52","62.67","7.2","38.46","lentil"
"10","73","16","23.27","67.55","6.57","41.4","lentil"
"0","68","25","19.42","69.03","6.53","50.86","lentil"
"11","62","22","26.13","69.92","7.04","45.87","lentil"
"17","75","21","28.25","67.68","6.78","45.32","lentil"
"32","73","18","25.65","66.45","5.93","50.94","lentil"
"40","65","25","28.6","68.03","7.48","51.87","lentil"
"16","62","21","20.85","66.84","7.02","51.35","lentil"
"17","72","20","19","62.51","7.84","54.36","lentil"
"20","56","18","29.94","67.1","6.66","44.93","lentil"
"40","77","17","24.21","60.87","7.01","39.42","lentil"
"14","76","21","24.35","64.7","7.5","40.22","lentil"
"0","63","15","24.99","60.55","6.96","51.27","lentil"
"34","56","17","22.88","65.04","5.92","48.1","lentil"
"34","68","18","19.87","60.09","6.29","40.88","lentil"
"0","67","18","23.4","65.26","6.96","49.28","lentil"
"27","60","19","22.79","66.66","7.02","35.03","lentil"
"40","75","24","20.62","61.06","6.81","40.39","lentil"
"4","61","18","26.24","69.59","6.51","42.91","lentil"
"13","73","17","24.46","61.41","7.18","51.52","lentil"
"40","78","20","20.3","66.24","6.99","49.96","lentil"
"18","65","22","25.17","61.41","6.68","54.94","lentil"
"18","68","18","18.06","66.92","5.92","37.99","lentil"
"0","74","24","22.91","61.75","7.09","41.25","lentil"
"16","63","17","22.83","67.12","6.95","48.72","lentil"
"22","59","19","23.01","69.92","6.99","54","lentil"
"5","72","18","19.24","66.46","6.35","48.04","lentil"
"7","63","25","25.9","60.09","7.57","35.03","lentil"
"18","71","19","26.69","60.09","6.66","46.83","lentil"
"33","80","16","23.29","62.29","7.24","46.11","lentil"
"32","65","18","24.31","62.21","6.35","47.92","lentil"
"15","67","15","28.77","62.73","7.13","53.87","lentil"
"18","67","15","18.06","65.97","6.99","44.61","lentil"
"20","72","18","29.94","63.72","6.92","54.94","lentil"
"0","76","24","28.85","64.87","7.73","43.59","lentil"
"10","78","17","29.94","63","6.88","43.46","lentil"
"32","57","20","20.97","64.33","6.46","44.72","lentil"
"26","59","15","28.7","63.17","7.21","40.63","lentil"
"18","61","19","28.03","66.27","6.73","53.12","lentil"
"16","73","21","25.36","66.01","6.36","43.17","lentil"
"29","64","23","28.21","60.09","6.06","52.66","lentil"
"25","69","17","23.11","64.36","7.13","40.28","lentil"
"7","80","22","23.48","63.23","7.84","44.8","lentil"
"15","67","15","24.35","62.75","7.56","47.86","lentil"
"26","61","17","25.46","67.73","6.49","45.94","lentil"
"33","67","23","20.67","65.03","6.7","38.42","lentil"
"0","74","22","21.06","66.53","7","39.13","lentil"
"8","65","19","26.53","63.18","7.21","49.61","lentil"
"25","74","18","23.61","60.09","6.89","44.68","lentil"
"19","68","20","26.39","60.09","5.92","52.1","lentil"
"0","62","15","26.76","62.92","6.8","52.53","lentil"
"11","68","17","20.18","63.12","7.84","41.92","lentil"
"21","62","15","24.3","62.37","6.68","35.05","lentil"
"9","68","18","19.53","69.75","6.93","40.09","lentil"
"25","77","24","20.35","65.54","6.62","45.86","lentil"
"13","75","21","21.13","67.38","6.86","44.32","lentil"
"14","62","17","24.14","65.77","7.84","46.37","lentil"
"6","67","18","23.72","65.01","7.09","45.69","lentil"
"6","61","21","25.29","63.59","6.83","43.33","lentil"
"21","62","22","24.22","63.36","7.57","40.2","lentil"
"16","67","19","24.94","61.02","7.24","47.32","lentil"
"28","64","21","25.08","65.48","7.84","48.79","lentil"
"27","70","17","28.5","63.16","6.77","46.44","lentil"
"17","66","22","23.91","63.11","7.63","46.56","lentil"
"28","65","15","23.44","62.29","6.66","38.23","lentil"
"26","73","19","25.81","65.55","6.87","54.24","lentil"
"28","73","20","20.52","65.8","7.84","51.5","lentil"
"0","62","24","29.62","65.31","7.68","46.06","lentil"
"37","63","22","26.03","66.9","6.81","50.22","lentil"
"36","60","20","27.43","68.12","5.92","45.78","lentil"
"10","68","18","29.14","66.76","7.32","39.99","lentil"
"1","65","15","23.22","66.64","6.46","52.49","lentil"
"15","66","21","22.43","66.11","6.63","44.93","lentil"
"23","62","15","25.69","64.25","7.84","46.48","lentil"
"5","61","20","26.76","64.72","6.7","47.34","lentil"
"13","71","18","29.88","60.09","6.6","50.07","lentil"
"19","70","16","20.27","62.82","6.79","54.13","lentil"
"11","60","15","20.82","65.62","6.53","47.42","lentil"
"32","68","17","24.32","69.92","7.43","50.56","lentil"
"17","78","19","25.48","65.22","7.13","41.18","lentil"
"29","66","18","27.68","63.81","5.92","47.07","lentil"
"22","66","21","29.01","64.4","7.01","35.03","lentil"
"0","80","20","22.83","65.01","6.51","44.66","lentil"
"16","65","22","18.34","68.11","7.2","53.24","lentil"
"14","74","20","26.5","67.4","6.75","42.37","lentil"
"27","75","18","21.62","67.46","6.87","45.3","lentil"
"16","80","17","29.36","66.38","6.34","41.69","lentil"
"28","60","15","25.19","61.9","6.91","47.54","lentil"
"16","65","23","26","63.89","7.58","45.83","lentil"
"27","66","16","27.7","61.64","7.17","47.92","lentil"
"6","58","22","27.54","62.07","6.61","49.35","lentil"
"21","78","25","23.89","64.02","7.32","54.61","lentil"
"9","72","21","24.17","60.09","6.8","43.59","lentil"
"12","69","21","29.33","64.81","6.93","46.6","lentil"
"31","58","23","18.51","65.73","6.56","38.43","lentil"
"13","72","15","25.67","66.28","6.87","48.1","lentil"
"23","59","17","29.02","69.92","7.12","41.51","lentil"
"40","75","22","23.88","63.62","6.89","45.42","lentil"
"34","80","25","22.42","61.59","6.94","41.81","lentil"
"39","61","21","20.9","66.01","7.56","42.88","lentil"
"19","68","16","27.29","60.64","6.17","40.57","lentil"
"13","55","19","23.05","62.82","6.44","35.03","lentil"
"1","72","24","21.17","63.89","6.83","52.02","lentil"
"13","73","17","27.77","64.33","7.23","46.19","lentil"
"40","74","18","29.94","64.45","7.54","54.94","lentil"
"13","65","16","23","64.54","7.84","46.89","lentil"
"16","77","19","18.86","63.91","7.44","38.79","lentil"
"13","58","15","21.25","69.53","7.09","49.17","lentil"
"27","65","20","18.06","60.09","7.76","45.21","lentil"
"26","70","23","28.52","63.1","6.85","38.44","lentil"
"25","79","16","26.26","68.03","7.44","50.49","lentil"
"30","64","25","21.13","63.94","7.19","48.94","lentil"
"34","64","15","23.37","63.76","7.32","48.14","lentil"
"25","73","19","18.78","64.81","6.84","43.52","lentil"
"14","68","22","24.36","63.49","7.09","53.34","lentil"
"0","74","23","21.99","63.14","7.82","54.94","lentil"
"34","67","21","22.3","64.39","7.09","44.65","lentil"
"24","77","23","25.11","61.75","7.45","50.15","lentil"
"25","66","23","28.02","65.72","6.16","54.94","lentil"
"23","66","20","27.97","63.49","7.18","54.94","lentil"
"19","76","18","24.64","65.1","7.52","49.79","lentil"
"28","73","20","25.77","60.09","7.4","44.4","lentil"
"18","71","23","29.5","61.56","7.37","47.66","lentil"
"4","75","18","22.14","69.71","6.27","39.46","lentil"
"15","65","19","26.91","69.7","6.31","50.32","lentil"
"11","63","17","24.73","62.42","6.98","43.68","lentil"
"31","79","19","23.28","63.46","6.69","35.03","lentil"
"19","74","19","25.38","69.92","7.15","43.27","lentil"
"22","59","25","27.58","66.57","5.98","54.94","lentil"
"26","66","19","19.86","68.07","6.95","49.84","lentil"
"15","72","15","23.8","66.71","6.97","46.45","lentil"
"17","80","15","26.1","63.42","6.62","46.99","lentil"
"6","72","22","27.85","66.24","7.08","54.94","lentil"
"40","67","21","26.8","60.5","7.1","49.94","lentil"
"13","66","22","27.48","66.32","7.22","51.81","lentil"
"7","59","15","20.1","67.09","6.92","49.69","lentil"
"27","80","15","23.8","68.71","7.13","40.7","lentil"
"40","74","22","24.73","67.66","7.31","40.94","lentil"
"7","55","25","21.89","60.71","7.13","38.24","lentil"
"18","74","16","27.92","67.4","7.57","54.94","lentil"
"27","68","19","27.73","62.49","7.84","52.79","lentil"
"32","60","20","24.9","66.55","6.43","50.58","lentil"
"5","67","22","21.68","61.56","6.28","54.5","lentil"
"15","70","25","25.51","65.73","6.49","50.88","lentil"
"9","60","21","24.47","63.7","7.13","54.94","lentil"
"29","70","18","22.78","60.09","6.54","47.76","lentil"
"30","64","19","25.32","67.95","7.01","44.19","lentil"
"9","75","18","23.41","61.85","6.68","42.87","lentil"
"40","78","17","26.07","62.87","7.03","54.94","lentil"
"19","79","22","21.91","66.33","7.38","50.51","lentil"
"1","70","20","27.81","65.7","6.66","49.09","lentil"
"8","66","17","19.76","60.69","7.37","37.2","lentil"
"6","55","17","21.53","64.85","7.32","35.03","lentil"
"16","56","15","19.85","64.43","7.62","47.76","lentil"
"23","55","23","24.41","63.41","6.49","38.94","lentil"
"29","73","24","24.6","64.41","6.76","39.55","lentil"
"9","65","19","21.91","62.18","7.36","44.82","lentil"
"14","80","17","27.82","60.62","6.65","48.63","lentil"
"9","73","18","24.38","62.3","7.66","49.66","lentil"
"22","65","17","28.53","64.45","7.33","50.23","lentil"
"17","75","18","29.06","67.05","6.91","35.03","lentil"
"16","59","20","27.68","68.53","6.23","54.94","lentil"
"39","63","20","28.51","63.87","7.54","39.16","lentil"
"23","62","24","27.28","67.46","6.19","49.59","lentil"
"40","70","24","18.29","65.7","6.11","51.53","lentil"
"12","76","22","29.74","67.31","6.44","46.18","lentil"
"14","79","15","28.81","64.78","6.73","48.46","lentil"
"17","62","22","29.94","68.78","6.96","48.71","lentil"
"20","57","20","28.71","88.26","7.2","46.87","mungbean"
"19","40","22","28.69","84.42","6.83","54.98","mungbean"
"25","43","19","28.62","83.24","7","48.26","mungbean"
"26","35","15","28.64","82.72","6.53","56.73","mungbean"
"11","40","22","28.85","86.46","6.7","56.52","mungbean"
"27","37","23","28.09","87.03","6.57","41.2","mungbean"
"33","51","16","28.83","87.63","6.29","50.93","mungbean"
"21","51","19","29.12","87.11","6.51","50.7","mungbean"
"28","51","19","29.91","85.88","6.97","52.82","mungbean"
"12","42","23","27.28","85.17","6.84","59.87","mungbean"
"13","37","16","27.34","87.14","6.79","44.31","mungbean"
"18","59","23","28.19","89.85","7.14","49.31","mungbean"
"14","40","23","27.76","80.64","6.63","45.02","mungbean"
"20","35","25","29.8","87.97","6.82","54.08","mungbean"
"29","46","25","28.95","86.86","6.93","59.28","mungbean"
"34","35","17","28.39","81.55","7.09","52.38","mungbean"
"23","49","22","29.25","87.23","6.81","45.24","mungbean"
"20","40","18","29.21","81.33","6.64","36.12","mungbean"
"17","46","25","29.91","85.72","6.7","45.08","mungbean"
"40","37","24","28.77","88.39","6.83","41.76","mungbean"
"32","41","19","29.09","86.62","7.01","49.24","mungbean"
"35","49","19","28.59","86.66","6.61","51.8","mungbean"
"12","54","22","28.15","84.41","6.92","38.82","mungbean"
"4","35","17","29.13","90","7.17","47.44","mungbean"
"13","35","17","28.93","83.48","6.59","50.96","mungbean"
"20","37","22","27.62","81.7","6.6","58.23","mungbean"
"26","60","19","27.98","87.22","6.84","44.29","mungbean"
"23","48","18","28.72","90","7.16","45.13","mungbean"
"18","42","25","28.86","82.05","6.76","59.87","mungbean"
"17","50","17","27.3","85.42","6.65","57.32","mungbean"
"25","47","18","27.01","90","6.36","45.33","mungbean"
"35","35","20","28.54","89.94","6.22","55.59","mungbean"
"19","45","19","27.85","82.23","6.98","42.19","mungbean"
"22","39","20","27.34","86.5","6.89","59.87","mungbean"
"26","40","21","27.85","87.48","7.2","40.62","mungbean"
"14","50","19","29.75","87.64","7.07","59.87","mungbean"
"19","35","21","27.01","90","6.61","49.33","mungbean"
"27","41","17","28.09","90","7.1","48.39","mungbean"
"30","53","17","28.06","85.51","6.6","37.58","mungbean"
"35","36","15","27.98","85.23","6.91","56.79","mungbean"
"31","58","20","29.06","88.17","6.56","59.87","mungbean"
"38","37","22","28.02","81.51","6.86","49.03","mungbean"
"39","46","21","28.94","87.63","6.36","45.35","mungbean"
"14","43","24","29.27","81.25","6.74","58.22","mungbean"
"17","56","25","27.96","89.34","6.43","48.76","mungbean"
"8","56","15","28.4","82.58","7.07","43.41","mungbean"
"14","53","16","29.1","84.76","6.49","46.79","mungbean"
"38","40","22","27.01","85.92","6.74","48.93","mungbean"
"27","43","20","27.64","86.23","6.58","57.13","mungbean"
"0","43","17","28.32","88.37","7.14","54.43","mungbean"
"6","50","16","28.83","87.07","6.3","47.48","mungbean"
"17","35","21","27.22","81.66","6.97","59.87","mungbean"
"4","43","22","29.51","83.67","6.82","45.6","mungbean"
"1","45","15","28.62","80.04","6.58","47.53","mungbean"
"9","49","25","27.44","84.27","6.85","43.02","mungbean"
"12","46","19","28.82","88.58","6.54","42.21","mungbean"
"8","38","22","28.53","87.43","6.88","48.49","mungbean"
"18","46","24","29.82","85.06","6.68","55","mungbean"
"3","45","19","28.67","88.51","6.65","45.61","mungbean"
"24","39","19","28.83","86.54","6.65","41.44","mungbean"
"11","39","23","29.29","87.85","6.76","48.52","mungbean"
"21","52","23","28.39","85.68","6.7","45.86","mungbean"
"11","45","25","28.68","85.22","6.69","46.02","mungbean"
"24","51","25","27.57","85.69","6.77","42.46","mungbean"
"21","40","17","27.67","86.7","7.2","44.3","mungbean"
"5","48","21","28.18","84.69","6.22","44.06","mungbean"
"24","57","20","28.77","84.41","6.5","36.12","mungbean"
"40","53","18","29.75","81.29","6.8","36.12","mungbean"
"12","54","17","28.23","83.83","6.51","49","mungbean"
"7","35","21","28.08","84.89","6.56","52.73","mungbean"
"22","46","17","29.91","83.49","6.82","47.92","mungbean"
"19","41","19","27.62","86.4","6.71","56.07","mungbean"
"14","49","19","27.47","89.52","7.03","54.38","mungbean"
"31","55","20","28.04","88.27","7.2","43.39","mungbean"
"27","37","24","28.91","80.1","6.65","45.53","mungbean"
"19","47","17","29.21","80.03","6.75","53.47","mungbean"
"19","48","19","28.83","85.67","6.65","53.85","mungbean"
"15","46","16","29.12","85.06","6.22","55.87","mungbean"
"22","46","20","27.11","85.79","6.94","48.33","mungbean"
"5","35","22","28.43","89.48","7.12","36.12","mungbean"
"0","46","22","27.53","86.57","6.82","48.09","mungbean"
"23","56","23","29.53","83.23","6.93","54.8","mungbean"
"33","58","22","27.01","88.09","6.78","42.45","mungbean"
"35","43","19","28.55","87.18","6.73","44.13","mungbean"
"6","43","21","28.7","86.78","6.96","56.09","mungbean"
"33","39","24","27.64","85.64","7","44.5","mungbean"
"8","50","18","27.69","86.4","7.03","49.63","mungbean"
"29","56","17","28.34","80.2","6.64","43","mungbean"
"26","56","25","29.87","86.95","6.86","50.32","mungbean"
"30","48","25","28.36","88.34","7.2","39.33","mungbean"
"39","52","20","29.31","83.88","6.8","52.32","mungbean"
"9","50","15","29.2","80.03","6.96","59.87","mungbean"
"23","57","22","29.28","84.99","6.84","41.92","mungbean"
"22","46","18","27.01","83.64","6.95","36.26","mungbean"
"18","36","21","29.01","84.76","6.41","36.12","mungbean"
"27","48","19","27.36","81.74","6.68","56.67","mungbean"
"1","59","21","27.55","88.83","6.54","51.34","mungbean"
"33","51","17","29.91","82.41","6.76","55.54","mungbean"
"22","35","23","28.65","89.37","6.53","40.93","mungbean"
"7","35","16","28.25","86.53","7.06","39.43","mungbean"
"10","53","17","29.91","82.39","6.48","52.82","mungbean"
"27","48","25","28.62","81.29","6.94","46.62","mungbean"
"21","43","17","27.46","82.06","7.04","36.12","mungbean"
"25","51","15","29.56","84.5","6.59","51.21","mungbean"
"36","56","20","28.34","87.75","6.65","41.99","mungbean"
"16","35","15","27.89","90","6.69","46.59","mungbean"
"0","46","16","28.55","90","6.81","53.36","mungbean"
"11","56","18","28.69","85.32","6.77","54.31","mungbean"
"32","54","20","27.59","84.87","6.49","54.45","mungbean"
"9","53","25","29.75","86.65","6.85","46.57","mungbean"
"21","46","25","29.7","89.09","6.47","48.26","mungbean"
"34","44","20","28.18","88.3","6.68","48.87","mungbean"
"36","54","25","27.01","81.76","6.84","39.24","mungbean"
"1","43","17","28.33","84.33","7.06","49.29","mungbean"
"11","46","16","29.11","89.53","7","46.38","mungbean"
"21","54","23","27.01","83.73","6.65","57.1","mungbean"
"23","37","21","28.09","90","6.22","43.1","mungbean"
"33","59","18","29.7","83.74","6.48","44.64","mungbean"
"9","57","15","29.15","87.36","6.22","49.77","mungbean"
"29","40","25","28.84","86.81","6.62","48.39","mungbean"
"21","38","17","29.16","80.74","6.51","45.7","mungbean"
"35","52","19","27.78","87.37","6.77","49.04","mungbean"
"14","52","22","27.21","81.6","6.39","52.89","mungbean"
"20","35","22","28.56","86.48","6.32","47.72","mungbean"
"22","51","16","29.39","84.38","6.4","57.1","mungbean"
"12","35","22","27.26","82.74","7.02","43.97","mungbean"
"25","35","19","28.17","80.03","7.08","59.87","mungbean"
"7","57","19","29.18","85.45","6.75","53.84","mungbean"
"40","39","25","27.42","85.3","6.86","48.04","mungbean"
"13","60","21","29.62","85.48","6.86","55.64","mungbean"
"27","48","22","28.24","86.45","6.51","49.18","mungbean"
"8","35","16","27.28","85.04","6.83","48.78","mungbean"
"22","51","25","29.08","84.11","6.71","51.78","mungbean"
"0","35","16","28.89","90","6.7","38.48","mungbean"
"16","56","17","28.23","83.98","6.86","52.16","mungbean"
"5","49","20","29.91","84.16","6.53","39.09","mungbean"
"16","41","20","27.34","86.89","6.81","52.72","mungbean"
"5","52","17","27.01","82.26","6.53","40.7","mungbean"
"20","37","18","28.84","87.76","7.04","39.09","mungbean"
"17","38","15","29.91","88.13","6.22","44.19","mungbean"
"16","37","18","28.99","85.94","6.65","56.25","mungbean"
"31","43","22","28.62","83.67","6.47","50.86","mungbean"
"30","39","17","27.88","86.18","6.44","49.31","mungbean"
"31","41","16","29","84.15","7.2","47.06","mungbean"
"18","35","18","29.91","88.84","6.81","47.02","mungbean"
"12","35","16","28.44","83.76","6.44","38.42","mungbean"
"11","44","18","28.94","86.25","7.03","38.02","mungbean"
"15","41","24","29.36","87.33","6.95","58.14","mungbean"
"13","35","22","27.06","85.42","6.68","54.03","mungbean"
"31","60","25","28.23","87.73","6.22","47.51","mungbean"
"13","44","15","27.91","84.56","7.2","44.32","mungbean"
"1","54","19","29.91","81.94","6.57","50.58","mungbean"
"12","46","17","28.84","82.06","6.65","51.53","mungbean"
"31","47","15","29.02","84.57","6.26","43.15","mungbean"
"29","44","17","28.46","88.84","6.61","50.27","mungbean"
"33","37","18","28.49","90","6.31","52.25","mungbean"
"0","44","19","28.82","84.09","6.65","48.56","mungbean"
"13","43","24","28.2","90","6.98","41.79","mungbean"
"5","57","18","29.61","88.34","7.11","54.77","mungbean"
"24","54","22","29.46","83.01","6.3","47.94","mungbean"
"26","41","18","28.24","90","6.51","52.74","mungbean"
"22","43","20","28.35","87.51","6.39","51.87","mungbean"
"28","45","25","29.23","81.5","7.2","51.06","mungbean"
"25","45","18","27.8","83.41","6.37","44.64","mungbean"
"34","54","20","29.28","84.2","6.79","43.42","mungbean"
"16","58","21","29.05","82.74","6.56","39.57","mungbean"
"7","47","20","29.41","86.27","6.66","46.03","mungbean"
"18","46","18","27.81","87.21","6.42","42.88","mungbean"
"40","51","19","28.26","80.08","6.78","48.95","mungbean"
"17","40","20","28.47","84.82","7.02","52.17","mungbean"
"25","46","17","27.33","82.67","6.56","55.27","mungbean"
"14","50","18","29.54","88.29","6.7","47.46","mungbean"
"23","49","18","29.44","86.19","6.75","47.84","mungbean"
"21","60","21","29.91","83.87","6.22","42.28","mungbean"
"18","35","23","28.97","90","6.22","55.17","mungbean"
"33","45","18","29.75","81.72","6.74","58.81","mungbean"
"24","47","17","28.44","87.21","6.82","53.4","mungbean"
"21","56","17","29.57","88.37","6.69","45.3","mungbean"
"26","59","21","28.46","90","6.64","46.74","mungbean"
"30","48","23","27.14","85.34","6.54","52.44","mungbean"
"40","47","21","28.65","88.66","6.95","36.12","mungbean"
"19","47","16","29.91","86.06","7.11","44.77","mungbean"
"29","53","18","28.45","90","6.63","44.25","mungbean"
"20","47","19","29.34","90","6.7","49.56","mungbean"
"4","44","15","29.36","87.64","6.43","48.03","mungbean"
"5","48","22","29.13","84.74","6.54","40.36","mungbean"
"28","40","15","29.91","88.68","6.75","46.02","mungbean"
"40","46","21","28.67","86.48","6.22","43.84","mungbean"
"26","35","18","29.83","83.13","6.3","47.94","mungbean"
"21","58","24","29.73","90","6.78","46.09","mungbean"
"35","52","17","29.63","80.68","6.72","50.61","mungbean"
"8","40","23","27.01","88.82","6.94","58.92","mungbean"
"10","43","23","27.4","88.97","6.5","56.49","mungbean"
"40","38","19","27.7","86.91","6.58","59.48","mungbean"
"20","60","17","28.22","86.03","7.05","58.15","mungbean"
"17","44","19","27.38","90","6.93","59.72","mungbean"
"4","50","18","28.01","89.03","6.85","55.83","mungbean"
"24","49","25","27.71","87.17","6.87","45.35","mungbean"
"12","55","17","28.24","87.47","6.37","53.31","mungbean"
"18","54","19","27.8","82.79","6.62","47.25","mungbean"
"36","60","23","28.32","82.64","7.09","59.87","mungbean"
"13","45","25","28.32","88.49","6.9","43.35","mungbean"
"17","43","17","29.87","90","6.77","53.44","mungbean"
"11","49","17","29.36","82.01","6.58","47.62","mungbean"
"38","48","21","28.87","89.52","6.48","41.2","mungbean"
"33","60","17","28.03","85.91","6.59","41.22","mungbean"
"28","45","24","28.09","85.84","6.61","36.92","mungbean"
"17","44","23","27.48","82.63","6.25","48.33","mungbean"
"30","51","20","27.7","86.58","6.68","59.87","mungbean"
"4","36","23","28.08","82.71","6.53","49.27","mungbean"
"31","53","21","28.54","84.67","6.29","44.73","mungbean"
"17","45","25","28.84","86.38","6.99","43.6","mungbean"
"10","36","18","28.84","90","6.33","44.12","mungbean"
"4","40","21","29.46","90","6.69","52.5","mungbean"
"40","38","20","28.89","83.83","6.45","43.17","mungbean"
"9","39","23","29.91","84.56","6.71","49.61","mungbean"
"22","53","21","27.47","84.78","6.96","50.78","mungbean"
"16","39","19","29.71","90","6.22","56.07","mungbean"
"11","35","20","28.89","83.54","6.58","48.48","mungbean"
"10","42","18","29.78","85.82","6.22","43.59","mungbean"
"20","51","19","29.02","84.69","7.01","42.64","mungbean"
"13","39","20","27.85","86.96","6.3","36.91","mungbean"
"5","37","25","28.18","85.89","6.22","45.06","mungbean"
"21","51","23","27.63","84.89","6.33","52.71","mungbean"
"19","43","22","27.56","81.53","6.41","42.26","mungbean"
"12","35","18","27.26","87.75","6.78","52.17","mungbean"
"17","45","20","27.64","80.03","6.83","49.57","mungbean"
"10","50","18","29.21","88.59","6.61","40.88","mungbean"
"15","55","24","29.03","86.47","7.18","50.73","mungbean"
"28","37","15","29.37","82.69","6.24","45.02","mungbean"
"11","51","17","28.37","83.62","6.86","55.73","mungbean"
"11","41","20","29.04","82.62","6.22","42.92","mungbean"
"12","40","19","29.54","83.26","6.77","54.82","mungbean"
"35","52","22","27.43","82.99","6.52","36.12","mungbean"
"23","44","21","28.11","82.05","7.11","52.36","mungbean"
"32","43","20","29","80.54","6.64","49.28","mungbean"
"29","56","25","27.83","83.61","6.68","46.33","mungbean"
"38","37","15","27.06","90","7.1","37.15","mungbean"
"40","41","22","27.01","80.55","6.22","52.02","mungbean"
"28","46","25","29.58","88.52","7.09","59.87","mungbean"
"19","57","16","28.19","87.59","7.2","57.02","mungbean"
"17","53","25","29.91","81.88","6.82","53.9","mungbean"
"12","53","18","29.3","83.88","6.34","54.07","mungbean"
"35","54","18","28.9","85.23","6.31","46.95","mungbean"
"22","52","22","28.47","83.06","6.47","54.27","mungbean"
"12","51","21","28.39","88.55","6.98","54.69","mungbean"
"40","46","22","28.97","81.59","6.84","59.87","mungbean"
"22","47","17","29.12","81.19","6.91","55.31","mungbean"
"33","35","19","29.36","88.96","7.2","42.53","mungbean"
"19","57","22","28.57","90","6.95","58.98","mungbean"
"8","53","18","29.07","88.6","6.79","58.63","mungbean"
"32","35","25","28.68","84.39","6.77","41.57","mungbean"
"20","44","21","28.96","80.03","7.2","43.11","mungbean"
"21","54","16","27.75","85.01","7.2","52.57","mungbean"
"29","52","21","29.48","85.29","6.67","59.87","mungbean"
"40","44","17","28.63","85.51","6.67","47.67","mungbean"
"40","46","18","28.35","82.47","6.65","53.18","mungbean"
"12","50","23","29.16","84.91","6.54","54.73","mungbean"
"24","53","19","27.76","89.08","6.49","48","mungbean"
"21","55","25","29.91","85.29","6.6","45.53","mungbean"
"21","45","22","28.56","86","6.34","41.46","mungbean"
"37","52","21","27.71","89.71","6.38","53.71","mungbean"
"23","50","18","29.34","86.96","7.03","52.55","mungbean"
"10","43","23","28.22","83.3","6.82","53.53","mungbean"
"5","36","17","28.12","81.23","6.4","59.87","mungbean"
"11","60","18","29.74","87.4","6.48","47.16","mungbean"
"29","40","22","27.01","82.54","6.86","47.5","mungbean"
"19","42","18","29.06","85.41","6.71","49.36","mungbean"
"15","58","24","28.56","90","7.04","40.02","mungbean"
"15","59","19","27.65","82.46","6.9","59.05","mungbean"
"20","51","23","29.46","84.87","6.71","51.28","mungbean"
"32","60","20","27.06","85.08","6.83","39.89","mungbean"
"25","57","23","29.2","84.09","6.36","59.87","mungbean"
"28","38","23","28.81","84","6.22","39.65","mungbean"
"20","51","20","27.81","84.29","7.12","51.13","mungbean"
"23","52","22","28.56","90","6.52","44.15","mungbean"
"8","42","15","28.28","85.29","6.42","56.9","mungbean"
"22","39","18","28.82","85.4","6.74","36.41","mungbean"
"13","53","24","28.12","86.2","6.59","52.09","mungbean"
"27","43","19","29.66","84.83","6.65","39.29","mungbean"
"10","49","22","27.8","86.24","6.29","36.12","mungbean"
"9","38","19","29.58","87.49","6.62","39.36","mungbean"
"27","37","20","28.07","86.02","6.57","44.76","mungbean"
"18","60","22","28.12","85.6","7.2","48.79","mungbean"
"26","54","23","29.18","87.27","6.5","40.34","mungbean"
"20","45","21","29.42","83.31","6.49","39.93","mungbean"
"27","50","19","28.36","88.51","6.61","37.18","mungbean"
"9","53","20","27.73","84.83","6.48","49.58","mungbean"
"21","46","15","27.72","87.58","6.7","59.87","mungbean"
"23","54","18","29.5","87.33","7.02","36.12","mungbean"
"40","58","19","29.56","83.9","6.92","49.73","mungbean"
"25","49","19","28.15","88.05","6.27","38.84","mungbean"
"27","50","16","29.19","87.92","6.55","46.94","mungbean"
"27","52","20","27.08","85.79","6.55","53.95","mungbean"
"27","52","21","29.45","84.1","6.89","59.87","mungbean"
"20","56","22","28.4","80.26","6.37","48.78","mungbean"
"9","48","15","28.02","87.39","6.36","44.41","mungbean"
"13","59","17","28.58","89.93","6.29","50.86","mungbean"
"26","36","21","28.08","83.56","6.92","51.6","mungbean"
"40","48","20","27.6","84.61","6.32","59.22","mungbean"
"26","35","23","28.22","84.12","6.76","48.6","mungbean"
"19","41","15","29.22","88.38","6.4","48.54","mungbean"
"25","35","23","28.89","84.81","6.65","52.04","mungbean"
"40","51","25","28.52","80.03","6.22","58.45","mungbean"
"12","41","15","29.91","89.14","6.45","50.35","mungbean"
"34","44","16","28.75","86.24","7.06","50.75","mungbean"
"29","47","23","29.65","85.17","6.86","45.29","mungbean"
"10","49","20","28.98","85.37","6.72","44.84","mungbean"
"0","50","22","29.91","81.54","6.71","38.57","mungbean"
"0","40","19","28.31","86.39","7.15","40.6","mungbean"
"17","57","20","28.97","84.97","6.94","59.87","mungbean"
"12","49","19","27.46","85.41","6.44","44.46","mungbean"
"10","52","19","27.77","87.32","6.8","50.79","mungbean"
"36","52","17","29.63","88.61","6.75","41.2","mungbean"
"25","60","16","27.01","86.99","7.06","43.7","mungbean"
"37","54","16","28.66","86.65","6.22","59.87","mungbean"
"31","40","23","29.47","86.76","7.11","38.8","mungbean"
"19","51","21","28.74","86.72","6.91","47.49","mungbean"
"16","45","22","28.36","85.03","6.81","43.86","mungbean"
"27","41","22","28.59","88.18","6.44","51.24","mungbean"
"23","56","19","28.9","87.92","7","43.76","mungbean"
"38","36","19","29.58","85.21","6.72","37.67","mungbean"
"3","49","21","28.76","87.79","7.03","46.54","mungbean"
"19","45","20","28.39","83.8","6.98","53.77","mungbean"
"33","42","19","28.43","84.17","6.73","47.82","mungbean"
"3","57","25","29.52","86.23","7.04","44.18","mungbean"
"27","49","23","28.86","84.1","6.74","49.66","mungbean"
"38","45","22","28.97","80.04","6.92","54.94","mungbean"
"26","35","18","28.52","82.24","6.79","38.92","mungbean"
"14","35","16","29.38","83.92","6.4","36.12","mungbean"
"19","48","23","28.93","85.63","6.99","49.19","mungbean"
"23","57","20","29.11","80.37","6.79","59.87","mungbean"
"40","60","19","29.07","87.7","6.68","47.62","mungbean"
"29","35","15","29","84.54","7.13","43.52","mungbean"
"17","44","22","28.76","84.44","6.53","52.07","mungbean"
"16","47","17","28.35","84.96","6.63","51.25","mungbean"
"0","54","17","29.27","84.63","7.2","39.1","mungbean"
"37","38","18","28.84","86.57","6.6","41.01","mungbean"
"40","47","19","29.65","85.27","6.53","55.38","mungbean"
"0","50","19","28.56","85.83","6.55","46.05","mungbean"
"22","53","22","28.6","90","6.54","41.03","mungbean"
"32","35","16","27.97","83.86","6.64","55.38","mungbean"
"18","39","22","27.97","88.12","7.2","56.87","mungbean"
"40","36","21","28.09","84.89","6.42","36.12","mungbean"
"24","50","18","29.06","89.86","6.64","59.87","mungbean"
"4","60","19","28.08","86.38","6.81","59.87","mungbean"
"1","45","19","27.36","81.3","6.54","38.11","mungbean"
"21","54","18","27.8","84.89","6.66","52.39","mungbean"
"22","47","21","27.72","88.61","6.41","46.73","mungbean"
"10","51","19","28.24","87.04","6.48","51.19","mungbean"
"27","45","23","28.6","80.03","7.01","56.44","mungbean"
"0","43","23","27.54","82.09","6.84","44.27","mungbean"
"20","60","24","28.9","81.57","6.57","49.86","mungbean"
"17","51","21","27.01","80.03","7.14","38.67","mungbean"
"34","44","18","28.47","85.77","6.46","37.65","mungbean"
"8","41","20","28.66","82.56","6.88","46.89","mungbean"
"28","56","16","28.59","83.75","6.97","42.47","mungbean"
"28","41","25","29.91","84.39","6.57","45.84","mungbean"
"27","57","19","27.25","85.43","6.95","36.12","mungbean"
"29","51","20","28.67","87.34","7.14","46.38","mungbean"
"11","51","20","29.14","89.46","6.56","46.18","mungbean"
"14","48","20","28.62","89.14","6.61","50.5","mungbean"
"31","39","17","28.48","83.81","6.49","54.53","mungbean"
"24","49","22","29.24","89.6","6.26","54.22","mungbean"
"13","60","21","27.8","83.16","6.43","39.57","mungbean"
"18","44","21","27.33","87.56","6.22","38.1","mungbean"
"30","42","19","27.99","87.35","6.7","50.25","mungbean"
"20","49","21","29.26","86.11","6.38","50.49","mungbean"
"12","55","15","29.54","88.1","6.69","43.6","mungbean"
"32","46","16","28.63","83.86","6.81","52.03","mungbean"
"26","50","19","28.04","86.77","6.9","53.02","mungbean"
"34","60","19","28.34","82.63","6.9","36.12","mungbean"
"3","50","19","29.54","87.02","7.2","40.06","mungbean"
"27","47","22","27.74","84.51","6.45","43.36","mungbean"
"18","41","18","28.42","86.65","7.2","50.45","mungbean"
"17","38","25","27.69","87.8","6.54","44.87","mungbean"
"13","48","22","28.39","82.86","7.03","48.75","mungbean"
"30","43","21","28.92","87.61","6.69","57.36","mungbean"
"29","59","18","29.91","86.71","6.43","36.12","mungbean"
"17","42","19","28.22","83.01","6.8","50.91","mungbean"
"19","58","24","29.11","85.17","6.32","45.41","mungbean"
"26","35","15","27.67","90","6.31","45.16","mungbean"
"18","40","22","28.47","90","6.25","57.41","mungbean"
"19","35","17","28.65","85.98","7.05","47.64","mungbean"
"33","45","20","29.53","84.29","7.04","36.12","mungbean"
"2","57","16","29.61","87.85","6.72","36.82","mungbean"
"8","60","19","28.85","85.36","6.75","52.26","mungbean"
"12","45","21","28.73","90","7.2","45.09","mungbean"
"40","54","19","27.88","82.23","6.87","44.45","mungbean"
"20","46","23","28.04","84.23","7.2","50.12","mungbean"
"22","41","21","28.58","88.47","6.43","54.57","mungbean"
"5","39","18","27.42","86.04","6.33","53.2","mungbean"
"27","35","19","28.08","85.9","7.12","53.75","mungbean"
"9","42","18","28.41","88.88","6.81","38.6","mungbean"
"2","60","21","29.56","80.03","6.6","43.2","mungbean"
"27","41","21","28.53","85.87","6.67","53.04","mungbean"
"14","60","23","28.88","88.59","6.39","36.12","mungbean"
"14","39","18","29.24","87.54","6.52","43.13","mungbean"
"13","44","20","28.89","86.23","6.63","43.53","mungbean"
"35","58","17","27.35","85.67","6.62","45.58","mungbean"
"19","43","20","27.83","89.27","6.81","36.51","mungbean"
"31","39","20","29.75","80.03","7.03","47.08","mungbean"
"25","39","21","29.54","85.34","7.07","37.16","mungbean"
"32","49","19","28.2","86.39","6.99","41.49","mungbean"
"22","60","15","29.38","90","6.7","46.23","mungbean"
"12","40","17","27.17","84.19","7.14","49.79","mungbean"
"34","54","15","29.17","85.76","7.18","54.64","mungbean"
"9","51","23","28.26","87.16","6.55","52.05","mungbean"
"23","35","16","27.58","85.54","6.54","41.28","mungbean"
"38","55","25","28.99","85.97","6.71","42.61","mungbean"
"21","44","16","28.38","85.59","7.17","44.64","mungbean"
"33","52","22","28.8","87.35","6.52","40.07","mungbean"
"5","45","21","27.87","87.42","6.57","45.71","mungbean"
"32","41","15","27.98","90","7.2","47.87","mungbean"
"22","49","24","28.35","85.51","6.61","39.89","mungbean"
"0","54","21","28.61","87.41","6.71","51.58","mungbean"
"14","52","19","28.64","90","6.99","51.74","mungbean"
"27","44","21","27.73","86.27","6.81","49.93","mungbean"
"5","35","20","29.19","83.64","6.49","55.49","mungbean"
"0","52","23","28.44","83.73","6.94","53.12","mungbean"
"12","40","23","28.35","86.57","6.45","41.85","mungbean"
"38","45","23","28.28","86.52","6.22","50.42","mungbean"
"2","53","18","29.33","86.29","7.2","51.38","mungbean"
"32","40","18","27.65","83.01","6.93","48.18","mungbean"
"25","51","21","29.39","87.2","6.77","45.93","mungbean"
"12","35","16","29.37","86.62","6.36","46.88","mungbean"
"31","40","17","28.75","80.03","6.49","44.51","mungbean"
"20","47","20","28.01","83.49","6.94","43.23","mungbean"
"31","56","20","27.97","88.82","6.55","36.12","mungbean"
"22","53","19","27.4","82.25","6.97","43.19","mungbean"
"26","46","24","28.17","82.53","6.78","53.02","mungbean"
"11","54","18","28.62","83.41","6.9","47.91","mungbean"
"35","39","19","27.24","85.8","7.2","47.69","mungbean"
"13","39","15","28.49","85.44","6.32","52.99","mungbean"
"20","45","17","27.43","83.75","6.6","45.74","mungbean"
"18","57","24","28.07","84.06","6.22","39.74","mungbean"
"35","49","15","27.81","85.68","6.27","48.79","mungbean"
"20","51","16","28.92","83.46","6.81","51.74","mungbean"
"28","53","15","28.44","85.92","6.86","41.83","mungbean"
"12","49","19","28.68","82.24","7.2","49.78","mungbean"
"9","41","20","27.58","84","6.82","54.05","mungbean"
"22","35","19","28.26","84.62","6.68","50.83","mungbean"
"26","48","20","29.91","89.79","6.73","42.1","mungbean"
"27","35","16","28.46","80.03","6.58","59.87","mungbean"
"15","55","23","29.14","80.03","6.24","43.34","mungbean"
"14","53","19","27.14","84.68","6.24","59.87","mungbean"
"18","46","22","28.85","85.86","6.58","45.77","mungbean"
"21","47","19","27.73","83.86","6.67","54.08","mungbean"
"0","42","21","27.43","83.18","6.58","51.55","mungbean"
"20","57","19","29.07","88.32","6.71","45.1","mungbean"
"36","40","16","29.02","82.84","6.81","43.52","mungbean"
"25","47","22","28.74","86.6","6.43","54.71","mungbean"
"28","38","16","27.09","85.28","6.67","45.67","mungbean"
"24","41","17","28.7","86.88","6.29","43.52","mungbean"
"9","42","17","28.79","87.37","6.92","45.42","mungbean"
"17","37","25","28.33","87.94","6.96","45.06","mungbean"
"5","35","24","28.71","87.7","6.62","42.43","mungbean"
"14","44","20","28.62","85.1","6.5","50.8","mungbean"
"12","49","23","29.45","88.87","6.29","56.78","mungbean"
"32","40","19","27.83","85.27","6.62","51.95","mungbean"
"18","49","25","27.26","85.69","6.46","49.56","mungbean"
"7","50","21","27.9","88.3","7.07","47.9","mungbean"
"11","48","21","29.72","82.06","6.81","46.07","mungbean"
"31","52","18","28.87","88.93","6.33","53.66","mungbean"
"30","55","19","29.09","87.9","7","59.3","mungbean"
"40","40","20","27.77","84.93","6.85","47.26","mungbean"
"21","51","18","28.41","84.01","7.13","51.34","mungbean"
"19","36","25","27.53","85.18","6.87","50.44","mungbean"
"5","38","21","28.65","84.91","6.58","37.44","mungbean"
"12","42","18","29.04","85.36","7.2","46.55","mungbean"
"37","38","17","28.42","82.36","6.31","59.87","mungbean"
"18","56","20","28.17","85.88","6.72","53.44","mungbean"
"28","51","25","29.91","89.49","6.82","54.77","mungbean"
"0","56","19","27.88","87.94","6.95","51.03","mungbean"
"9","53","19","28.28","87.52","6.48","55.05","mungbean"
"38","59","19","28.93","86.67","7.06","46.35","mungbean"
"23","47","22","28.75","84.47","6.68","39.87","mungbean"
"28","49","24","27.72","83.53","7.16","57.67","mungbean"
"18","35","17","28.17","83.6","6.85","47.88","mungbean"
"29","46","19","28.22","82.03","6.73","45.91","mungbean"
"1","36","20","29.31","83.88","7.18","49.44","mungbean"
"4","35","19","28.2","82.93","6.41","55.91","mungbean"
"9","36","19","29.85","83.96","7.06","58.67","mungbean"
"10","57","20","27.77","83.47","6.39","47.15","mungbean"
"7","38","20","28.88","82.79","6.48","38.64","mungbean"
"0","47","18","29.05","87.11","6.3","39.91","mungbean"
"17","45","16","28.98","89.52","6.6","40.37","mungbean"
"40","41","22","27.88","90","6.22","51.29","mungbean"
"30","38","19","27.9","83.93","6.57","51.37","mungbean"
"40","44","18","28.25","86.67","6.48","58.52","mungbean"
"19","49","22","28.76","84.54","7.2","49.8","mungbean"
"34","35","20","27.63","87.04","6.46","52.25","mungbean"
"39","42","19","28.69","83.26","7.2","47.86","mungbean"
"15","35","17","28.35","85.68","6.53","46.43","mungbean"
"27","47","18","27.21","87.63","6.79","46.94","mungbean"
"16","52","25","27.26","87.13","6.96","49.91","mungbean"
"26","50","25","28.41","84.04","7.01","55.08","mungbean"
"11","57","21","27.01","87.52","6.72","42.25","mungbean"
"15","51","19","28.1","82.46","6.78","58.83","mungbean"
"13","48","20","28.67","85.69","6.32","54.54","mungbean"
"29","51","15","27.33","86.56","6.92","37","mungbean"
"22","60","17","29.49","85.38","6.48","50.53","mungbean"
"14","37","19","29.49","86.56","6.24","48.12","mungbean"
"24","46","18","29.2","87.35","6.77","40.39","mungbean"
"23","45","18","28.84","80.03","6.99","36.85","mungbean"
"11","47","15","29.41","82.88","6.85","50.3","mungbean"
"30","35","21","27.8","84.57","6.81","52.35","mungbean"
"16","39","18","27.09","90","6.78","44.04","mungbean"
"8","50","21","27.33","83.1","6.83","47.98","mungbean"
"22","35","23","28.45","85.34","6.57","48.26","mungbean"
"13","35","25","28.39","87.1","6.54","49.64","mungbean"
"25","60","19","28.95","87.71","6.63","55.68","mungbean"
"3","43","18","28.75","80.03","6.65","51.29","mungbean"
"36","49","20","29.34","85.96","6.97","48.99","mungbean"
"14","59","21","29.04","89.65","6.77","42.07","mungbean"
"38","45","19","28.39","84.35","6.68","53.43","mungbean"
"21","54","18","28.64","84.82","6.71","39.91","mungbean"
"14","54","15","27.92","87.72","7.07","59.87","mungbean"
"23","59","19","28.85","89.55","6.65","36.12","mungbean"
"29","44","25","28.01","87.08","6.89","44.42","mungbean"
"22","46","19","29.31","80.97","6.51","52.05","mungbean"
"32","49","23","28.02","84.23","6.62","47.57","mungbean"
"36","48","22","27.55","89.88","6.34","45.34","mungbean"
"5","37","21","28.6","83.29","6.52","46.69","mungbean"
"24","45","19","29.91","87.22","6.55","54.55","mungbean"
"12","38","25","28.81","80.03","6.7","36.91","mungbean"
"4","43","19","29.81","84.38","6.38","43.11","mungbean"
"17","54","20","28.14","86.83","6.8","58.53","mungbean"
"16","43","25","27.6","82.42","6.35","51.76","mungbean"
"32","39","16","28.61","86.77","6.28","40.63","mungbean"
"24","46","17","29.06","83.55","6.66","39.83","mungbean"
"0","40","22","29.41","83.68","6.93","52.54","mungbean"
"28","47","19","28.87","86.68","6.42","55.87","mungbean"
"28","50","18","29.07","82.11","6.56","37.16","mungbean"
"23","58","17","28.88","87.11","7.01","40.14","mungbean"
"18","56","17","28.6","86.77","6.89","42.56","mungbean"
"40","58","17","28.13","81.38","6.62","42.11","mungbean"
"16","40","20","29.26","86.24","6.33","58.78","mungbean"
"0","55","19","27.15","84.86","6.82","45.99","mungbean"
"32","41","21","28.66","80.42","6.64","39.28","mungbean"
"37","40","18","28.15","84.74","6.4","58.13","mungbean"
"15","48","19","28.27","80.03","6.74","51.47","mungbean"
"14","54","16","28.54","86.62","6.73","40.91","mungbean"
"18","46","23","28.09","89.77","6.94","50.22","mungbean"
"23","46","23","27.9","88.12","6.22","44.44","mungbean"
"25","45","17","28.22","85.76","6.89","52.09","mungbean"
"21","46","19","29.91","83.08","6.56","49.62","mungbean"
"18","53","18","29.21","83.68","7.01","52.74","mungbean"
"17","40","17","28.63","82.71","6.94","49.99","mungbean"
"36","50","18","28.77","85.27","6.61","41.84","mungbean"
"16","41","23","28.64","83.88","6.72","45.72","mungbean"
"23","56","19","28.28","87.12","6.26","51.85","mungbean"
"38","43","21","29.91","84.17","6.7","46.28","mungbean"
"18","41","25","29.56","83.2","6.88","49.35","mungbean"
"7","54","15","28.15","86.08","6.32","45.38","mungbean"
"0","45","19","28.19","88.48","6.75","36.12","mungbean"
"27","40","19","28.59","83.94","7.14","47.23","mungbean"
"0","54","20","28.48","90","6.51","47.44","mungbean"
"19","60","16","27.72","84.59","6.49","42.95","mungbean"
"33","49","20","27.64","81.08","7.19","40.65","mungbean"
"29","47","19","29.51","83.71","6.74","50.01","mungbean"
"32","46","20","28.98","83.05","7.2","36.12","mungbean"
"25","51","18","29.46","89.09","6.66","51.33","mungbean"
"21","54","18","27.45","86.52","6.9","36.12","mungbean"
"26","47","20","29.76","87.77","7.03","53.5","mungbean"
"13","35","21","28.22","85.88","6.47","59.42","mungbean"
"13","38","22","27.98","88.4","6.55","55.39","mungbean"
"37","42","22","28.85","80.99","6.85","48.46","mungbean"
"21","35","24","27.65","82.54","6.46","37.65","mungbean"
"16","36","23","29.18","83.72","7.1","46.91","mungbean"
"7","49","21","27.01","85.37","6.4","49.16","mungbean"
"34","60","22","27.01","82.05","6.85","47.96","mungbean"
"29","48","25","27.01","84.27","6.47","51.61","mungbean"
"30","45","19","27.76","85.37","6.74","44.56","mungbean"
"26","54","20","28.11","85.47","6.82","50.87","mungbean"
"13","56","20","27.01","87.45","6.76","56.07","mungbean"
"13","43","19","27.19","83.05","6.91","41.54","mungbean"
"16","49","15","29.91","82.87","6.77","52.06","mungbean"
"14","60","24","28.64","86.39","6.7","50.88","mungbean"
"9","41","24","28.46","85.95","6.68","48.1","mungbean"
"8","52","17","28.79","81.62","6.22","41.82","mungbean"
"7","44","19","28.16","84.46","7.04","56.3","mungbean"
"26","57","25","29.43","82.76","6.88","46.18","mungbean"
"18","48","18","28.47","82.34","6.59","43.88","mungbean"
"6","40","19","28.95","85.08","6.92","48.96","mungbean"
"23","42","25","28.75","86.58","6.8","50.23","mungbean"
"25","51","19","27.01","84.16","6.52","56.59","mungbean"
"13","50","17","28","80.03","6.77","41.56","mungbean"
"35","54","21","28.18","90","6.66","41.01","mungbean"
"36","52","15","29.44","82.58","6.71","56.98","mungbean"
"6","49","21","28.64","90","7.2","39.95","mungbean"
"23","45","19","29.73","87.01","6.66","48.24","mungbean"
"26","52","22","27.03","85.79","7.1","44.14","mungbean"
"17","35","23","29.21","83.28","6.52","57.75","mungbean"
"14","53","15","29.4","87.22","6.83","52.52","mungbean"
"3","55","18","28.04","88.88","6.45","59.87","mungbean"
"13","44","23","29.05","80.03","6.6","44.99","mungbean"
"7","41","19","27.53","87.63","6.85","42.62","mungbean"
"23","45","21","28.99","84.14","6.64","48.5","mungbean"
"25","50","17","28.96","82.26","6.55","36.12","mungbean"
"26","41","24","27.25","87.07","6.44","48.26","mungbean"
"21","37","19","28.48","87.27","6.79","51.56","mungbean"
"6","49","25","28.18","83.89","6.46","48.32","mungbean"
"2","43","22","29.91","83.49","6.49","49.05","mungbean"
"14","55","18","29.91","86.62","6.36","59.09","mungbean"
"20","43","25","29.06","87.06","6.79","43.4","mungbean"
"28","41","24","28.58","82.88","6.22","45.87","mungbean"
"16","52","16","28.31","86.37","6.84","50.24","mungbean"
"0","56","16","28.1","87.58","7.03","54.07","mungbean"
"4","56","15","28.71","89.14","6.69","47.51","mungbean"
"36","53","24","29.03","84.29","6.89","47.53","mungbean"
"18","44","18","29.27","89.78","6.6","53.61","mungbean"
"30","43","22","29.11","87.06","6.97","37.71","mungbean"
"30","48","22","28.88","81.16","6.71","53.46","mungbean"
"15","41","24","28.48","80.82","6.91","37.18","mungbean"
"0","53","19","29.14","80.03","6.43","59.87","mungbean"
"40","38","22","28.42","80.19","6.57","49.81","mungbean"
"12","47","19","28.89","80.03","7.14","36.12","mungbean"
"0","44","18","28.97","82.72","6.45","43.08","mungbean"
"11","46","25","29.25","84.65","6.42","49.73","mungbean"
"16","45","20","27.01","87.7","7.04","59.87","mungbean"
"14","51","22","28.03","82.2","6.73","55.64","mungbean"
"5","52","19","28.51","85.84","6.75","48.2","mungbean"
"38","45","18","29.18","84.78","6.4","47.63","mungbean"
"0","49","17","27.6","83.46","6.91","58.24","mungbean"
"27","49","20","29.09","83.1","6.85","49.06","mungbean"
"23","53","24","29.35","84.17","6.8","54.61","mungbean"
"14","56","20","28.91","88.7","6.72","50.23","mungbean"
"25","51","22","29","84.36","6.91","49.45","mungbean"
"20","48","17","28.79","90","6.68","59.87","mungbean"
"14","47","16","29.01","85.31","6.57","44.55","mungbean"
"24","48","21","27.01","90","6.75","56.4","mungbean"
"9","38","22","28.12","83.19","6.44","50.74","mungbean"
"40","46","23","28.44","83.94","6.35","41.8","mungbean"
"29","53","24","28.87","87.6","6.4","46.24","mungbean"
"24","45","15","28.74","88.43","6.75","47.79","mungbean"
"19","46","17","28.17","84.66","7.04","38.77","mungbean"
"18","49","20","28.47","82.71","6.96","45.16","mungbean"
"0","52","17","29.69","86","6.58","41.3","mungbean"
"7","43","18","29.91","87.81","6.84","54.68","mungbean"
"22","49","20","28.12","83.95","6.39","40.18","mungbean"
"11","35","24","29.45","89.1","6.62","37.25","mungbean"
"40","54","18","28.98","85.5","6.58","56.53","mungbean"
"27","43","15","28.13","87.57","6.9","59.87","mungbean"
"25","40","20","29.02","84.55","6.91","38.99","mungbean"
"25","50","20","29.91","83.29","7.14","40.85","mungbean"
"13","48","21","27.02","85.56","6.65","47.82","mungbean"
"16","46","16","28.89","85.6","6.7","54.25","mungbean"
"4","42","25","27.76","86.78","6.22","59.87","mungbean"
"25","59","22","27.63","89.35","6.53","51.65","mungbean"
"25","47","25","27.76","85.28","6.52","55.27","mungbean"
"4","60","19","28.47","87.09","7.2","44.48","mungbean"
"31","60","25","28.27","83.22","6.59","36.12","mungbean"
"11","39","21","29.91","83.76","6.23","50.15","mungbean"
"23","38","19","28.64","87.51","6.61","46.45","mungbean"
"24","45","15","29.57","81.1","6.66","54.04","mungbean"
"34","58","18","28.42","84","6.55","49.46","mungbean"
"1","43","22","27.01","85.4","6.98","54.8","mungbean"
"2","46","24","29.6","84.66","6.41","50.25","mungbean"
"23","42","22","28.06","88.38","7.2","50.89","mungbean"
"28","56","15","28.79","83.64","6.4","43.01","mungbean"
"11","48","20","29.44","89.04","6.9","42.19","mungbean"
"18","43","22","28.64","84.6","7.05","59.1","mungbean"
"10","51","19","29.19","82.66","6.22","55.03","mungbean"
"29","60","16","28.41","87.82","7.04","46.3","mungbean"
"13","43","15","28.62","85.96","6.38","48.51","mungbean"
"29","56","17","27.42","88.05","6.56","54.19","mungbean"
"9","57","25","28.97","88.17","6.57","58.2","mungbean"
"6","44","18","28.25","84.27","6.58","44.79","mungbean"
"39","40","25","29.11","82.11","6.99","50.7","mungbean"
"40","35","22","29.46","83.99","6.48","42.2","mungbean"
"22","46","21","29.75","85.9","7","50.18","mungbean"
"22","48","23","29.14","85.76","6.97","51.94","mungbean"
"0","41","21","27.77","84.25","6.54","46.89","mungbean"
"21","52","24","28.42","80.03","6.67","59.87","mungbean"
"31","45","23","28.76","85.43","6.6","59.87","mungbean"
"25","45","24","29.22","85.85","6.6","50.41","mungbean"
"3","38","21","28.66","86.62","6.58","50","mungbean"
"40","47","18","29.39","87.92","6.76","54.73","mungbean"
"13","58","15","29.55","90","7.17","49.32","mungbean"
"30","36","22","29.05","86.14","6.38","45.59","mungbean"
"28","43","25","29.09","88.75","6.56","47.29","mungbean"
"29","40","17","29.4","85.56","7.2","49.73","mungbean"
"13","57","18","28.54","83.22","6.74","59.87","mungbean"
"23","40","23","29.74","86.38","6.47","45.84","mungbean"
"24","60","22","27.9","86.98","6.44","50.27","mungbean"
"0","50","15","28.64","81.9","6.63","55.7","mungbean"
"20","35","15","28.47","86.24","6.73","49.78","mungbean"
"27","46","19","28.72","87.01","7.01","59.87","mungbean"
"30","40","20","28.59","86.35","6.28","43.58","mungbean"
"10","52","15","28.36","88.77","6.78","52.4","mungbean"
"21","49","18","28.07","84.56","6.66","39.41","mungbean"
"10","57","24","27.38","83.58","7.09","46.66","mungbean"
"11","45","20","27.36","80.03","7.03","47.14","mungbean"
"0","53","15","29.91","84.76","6.23","45.08","mungbean"
"24","48","17","28.99","88.22","6.67","36.12","mungbean"
"17","43","22","29.09","84.84","6.91","52.12","mungbean"
"22","35","18","28.98","82.42","6.47","56.05","mungbean"
"32","60","21","28.69","85.82","6.96","55.33","mungbean"
"8","39","23","29.75","85.02","7.11","59.87","mungbean"
"27","37","21","27.01","83.91","6.36","48.85","mungbean"
"10","36","18","28.16","89.51","6.47","58.57","mungbean"
"38","41","20","29.6","83.61","6.67","49.93","mungbean"
"31","44","20","27.85","85.16","6.22","48.83","mungbean"
"27","53","18","28.87","83.06","6.68","38.88","mungbean"
"24","51","18","28.59","90","6.71","55.19","mungbean"
"29","50","21","29.59","80.47","6.33","46.13","mungbean"
"18","48","20","28.01","87.11","6.27","54.71","mungbean"
"19","41","21","29.54","83.9","6.95","44.15","mungbean"
"37","49","15","27.27","84.74","6.44","50.19","mungbean"
"40","44","22","29.57","87.52","6.71","54.43","mungbean"
"7","50","24","29.39","88.65","6.85","49.39","mungbean"
"21","44","21","29.91","85.64","7.17","47.59","mungbean"
"28","39","20","28.31","83.48","7.2","39.03","mungbean"
"14","53","25","28.79","81.98","6.66","48.36","mungbean"
"32","41","20","28.02","87.01","7.13","40.72","mungbean"
"9","60","20","28.52","81.03","6.79","42.86","mungbean"
"39","53","25","28.58","84.17","7.19","45.69","mungbean"
"34","55","22","28.66","86.23","6.22","50.62","mungbean"
"0","52","20","28.8","86.9","6.69","49.15","mungbean"
"12","44","16","28.23","82.73","6.61","36.12","mungbean"
"23","52","21","28.01","84.09","6.59","45.93","mungbean"
"18","43","20","27.11","83.61","6.76","36.12","mungbean"
"3","53","21","27.64","84.88","6.36","47.89","mungbean"
"12","38","25","28.62","80.03","6.39","57.53","mungbean"
"0","44","17","27.86","88.19","6.99","42.14","mungbean"
"7","58","23","28.73","89.37","6.37","48.01","mungbean"
"11","54","15","29.34","86.33","7.15","49.64","mungbean"
"6","43","25","27.63","81.59","6.41","36.12","mungbean"
"8","43","21","28.48","81.01","6.75","44.44","mungbean"
"10","35","17","29.21","85.18","6.29","47.64","mungbean"
"36","50","18","28.85","81.67","6.39","51.14","mungbean"
"26","48","23","28.08","87.86","6.51","36.12","mungbean"
"26","60","20","27.54","80.88","6.55","59.87","mungbean"
"32","43","18","28.54","84.17","7.2","51.06","mungbean"
"12","36","24","28.13","84.81","6.77","51.48","mungbean"
"34","60","18","27.3","85.31","7.2","37.31","mungbean"
"7","54","20","28.72","86.32","6.84","44.99","mungbean"
"28","57","21","27.27","86.21","6.88","51.68","mungbean"
"27","38","22","28.68","85.48","6.62","46.63","mungbean"
"13","45","22","29.36","83.69","6.42","38.79","mungbean"
"0","39","21","29.23","88.67","6.54","43.16","mungbean"
"27","46","18","28.3","83.5","6.85","36.12","mungbean"
"12","38","15","29.91","83.8","6.73","48.98","mungbean"
"0","38","18","29.15","85.4","6.49","43.18","mungbean"
"23","42","23","27.78","86.44","6.66","52.57","mungbean"
"9","60","23","29.2","87.63","7.01","43.8","mungbean"
"31","49","17","28.42","81.65","6.68","42.03","mungbean"
"24","46","20","27.01","85.26","6.4","45.03","mungbean"
"36","35","20","28.62","86.33","6.22","46.28","mungbean"
"25","54","21","27.39","88.91","6.55","44.21","mungbean"
"6","56","19","28.68","85.13","6.5","47.4","mungbean"
"19","50","18","28.56","85.97","6.87","49.48","mungbean"
"16","52","15","28.55","85.05","6.32","46.16","mungbean"
"5","46","21","28.86","86.16","6.91","41.59","mungbean"
"7","44","17","27.01","85.42","7.2","42.14","mungbean"
"21","35","20","28.05","85.13","6.62","49.16","mungbean"
"24","52","17","28.79","86.52","7.04","58.51","mungbean"
"11","45","20","27.84","83.59","7.02","44.81","mungbean"
"12","38","24","27.43","89.58","6.88","37.08","mungbean"
"31","43","15","29.05","86.17","6.35","56.42","mungbean"
"25","52","25","28.96","84.21","6.76","45.88","mungbean"
"36","56","21","27.96","88.66","6.92","43.8","mungbean"
"18","56","18","28.57","85.76","6.75","36.43","mungbean"
"0","41","19","29.35","90","6.68","40.99","mungbean"
"14","60","21","27.88","90","6.71","59.87","mungbean"
"21","60","17","27.64","88.86","6.76","58.72","mungbean"
"28","46","18","29.05","83.72","6.38","41.98","mungbean"
"12","45","21","28.16","84.24","6.67","52.75","mungbean"
"23","44","18","28.33","82.86","6.81","51.95","mungbean"
"22","42","22","29.87","82.79","6.78","54.71","mungbean"
"9","49","22","28.07","83.74","7.08","36.96","mungbean"
"4","55","15","29.91","86.01","7.13","43.6","mungbean"
"2","54","20","28.25","90","6.52","54.77","mungbean"
"24","35","20","27.65","88.97","6.85","39.9","mungbean"
"9","51","25","27.97","84.99","7.2","55.82","mungbean"
"40","47","22","27.87","84.88","6.86","46.74","mungbean"
"24","43","25","27.74","90","6.9","53.57","mungbean"
"5","45","20","28.57","80.52","6.93","55.84","mungbean"
"40","40","23","27.01","82.73","6.72","51.19","mungbean"
"1","37","20","28.17","87.56","6.35","51.35","mungbean"
"17","46","16","28.27","81.98","6.33","45.52","mungbean"
"28","51","21","29.53","90","6.69","47.56","mungbean"
"12","48","22","29.29","87.79","6.4","54.14","mungbean"
"31","46","17","28.33","80.03","6.25","55.29","mungbean"
"8","37","19","28.47","81.94","6.9","44.05","mungbean"
"16","48","17","27.55","86.71","6.48","51.53","mungbean"
"19","47","16","28.01","88.99","6.86","50.34","mungbean"
"37","40","24","28.07","85.97","7.2","52.59","mungbean"
"21","57","19","28.16","86.6","6.42","54.82","mungbean"
"26","49","18","28.23","80.03","6.64","43.86","mungbean"
"18","36","15","29.05","80.03","6.32","49.99","mungbean"
"7","52","21","27.24","83.66","6.22","43.31","mungbean"
"0","49","17","28.91","81.75","6.81","59.87","mungbean"
"23","47","20","28.63","80.03","6.86","49.64","mungbean"
"38","52","21","27.22","87.97","6.59","46.58","mungbean"
"2","56","18","28.48","85.88","6.82","48.23","mungbean"
"27","56","23","28.29","85.48","6.22","37.76","mungbean"
"0","43","18","27.68","87.36","6.57","58.38","mungbean"
"40","50","22","28.28","84.05","6.25","49.46","mungbean"
"18","36","18","29.51","90","7.2","47.17","mungbean"
"23","54","25","28.05","84.41","6.76","57.64","mungbean"
"0","47","20","27.75","83.52","7","52.63","mungbean"
"22","35","21","28.66","80.03","6.51","46.82","mungbean"
"22","42","18","27.86","85.39","6.53","43.48","mungbean"
"33","54","18","28.14","89.42","6.72","46.42","mungbean"
"19","38","25","27.85","88.01","6.45","43.66","mungbean"
"32","46","20","29.36","87.12","6.82","38.04","mungbean"
"26","50","21","28.03","84.01","6.99","43.7","mungbean"
"12","44","23","28.93","86.76","6.93","54.49","mungbean"
"30","48","18","29.5","88.74","6.4","50.11","mungbean"
"32","37","17","28.4","86.13","6.43","52.47","mungbean"
"33","46","18","28.15","83.53","6.77","36.12","mungbean"
"18","56","21","28.04","85.93","7.05","42.36","mungbean"
"7","54","21","29.56","87.27","6.77","49.52","mungbean"
"26","48","15","28.48","85.06","6.62","39.13","mungbean"
"29","48","25","29.21","87.62","6.4","51.15","mungbean"
"21","44","15","28.03","86.01","6.3","48.82","mungbean"
"10","49","22","27.86","86.3","7.1","43.67","mungbean"
"13","42","19","27.53","89.9","6.76","50.98","mungbean"
"22","52","17","27.01","84.61","6.82","55.07","mungbean"
"15","46","22","28.83","84.66","6.37","56.48","mungbean"
"7","35","17","27.93","86.63","6.67","45.72","mungbean"
"19","47","19","28.62","84.53","6.58","36.12","mungbean"
"31","49","23","29.09","84.61","6.43","59.87","mungbean"
"33","60","22","29.1","82.73","6.85","43.54","mungbean"
"31","44","23","28.39","85.13","6.79","44.4","mungbean"
"19","35","22","28.83","83.69","6.79","41.81","mungbean"
"32","46","15","28.74","85.8","6.96","49.11","mungbean"
"8","48","23","29.16","85.91","6.61","48.62","mungbean"
"17","39","21","28.55","84.05","7.12","48.79","mungbean"
"29","55","23","27.09","88.36","6.95","48.42","mungbean"
"0","60","20","29.91","83.37","6.53","50.01","mungbean"
"13","40","17","27.89","80.03","6.96","46.79","mungbean"
"7","42","25","28.56","83.4","6.3","52.19","mungbean"
"6","40","21","29.91","85.32","7.09","46.28","mungbean"
"6","43","23","28.54","89.25","6.5","54.44","mungbean"
"31","42","21","28.36","86.22","6.63","54.37","mungbean"
"12","59","20","28.96","90","6.82","56.16","mungbean"
"40","41","21","29.32","88.37","6.36","55.76","mungbean"
"12","56","22","28.92","87.89","6.22","56.07","mungbean"
"29","49","21","28.49","83.65","6.8","36.12","mungbean"
"12","44","21","28.22","82.7","6.58","51.09","mungbean"
"33","46","17","28.38","81.17","6.48","38.34","mungbean"
"7","41","21","27.23","90","6.74","53.98","mungbean"
"6","44","24","29.18","84.6","6.75","54.15","mungbean"
"17","54","25","29.52","88.71","7.2","39.91","mungbean"
"10","50","16","27.31","85.13","6.51","52.97","mungbean"
"19","52","18","29.32","84.56","6.22","36.88","mungbean"
"16","43","20","27.48","82.05","6.52","44.63","mungbean"
"6","59","20","29.35","87.4","6.65","45.41","mungbean"
"40","44","20","27.5","82.62","7.01","46.59","mungbean"
"13","42","17","28.45","90","6.84","47.02","mungbean"
"40","50","19","28.4","87.2","6.55","50.71","mungbean"
"12","47","15","28.65","85.41","7.19","45.53","mungbean"
"14","47","15","29.79","86.73","6.22","44.1","mungbean"
"38","53","17","28.31","85.7","7.2","36.12","mungbean"
"26","57","18","28.87","84.01","6.35","59.87","mungbean"
"10","50","22","28.2","86.21","6.58","53.08","mungbean"
"6","42","25","27.28","87","6.77","42.21","mungbean"
"21","50","18","29.24","85.48","6.22","51.07","mungbean"
"11","55","18","29.42","82.28","7.04","44.58","mungbean"
"5","45","21","29.85","84.19","6.49","55.69","mungbean"
"40","38","17","29.62","87.92","6.83","47.32","mungbean"
"24","56","22","27.01","85.98","7.06","48.6","mungbean"
"26","55","21","29.91","88.49","6.56","42.3","mungbean"
"13","46","20","28.62","85.33","6.88","42.85","mungbean"
"5","48","25","28.35","84.45","6.53","50.32","mungbean"
"40","35","22","28.66","83.69","6.47","46.39","mungbean"
"39","58","17","29.91","86.65","6.29","36.12","mungbean"
"10","45","19","29.52","88.55","6.99","47.75","mungbean"
"0","47","15","28.59","84.88","7.07","45.38","mungbean"
"6","49","20","28.86","90","6.78","55.04","mungbean"
"12","43","15","29.91","82.86","6.55","38.52","mungbean"
"10","44","16","28.04","86.17","6.74","49.29","mungbean"
"0","48","15","28.65","89.86","7.2","52.2","mungbean"
"20","58","22","27.31","83.51","7.2","49.23","mungbean"
"5","46","20","27.98","83.64","6.7","49.53","mungbean"
"2","44","19","28.61","84.87","6.62","50.67","mungbean"
"13","55","18","28.47","90","6.57","47.29","mungbean"
"0","46","25","27.03","83.03","6.29","45.02","mungbean"
"19","55","15","27.01","90","6.69","43.22","mungbean"
"21","47","20","28.91","83.56","6.71","46.51","mungbean"
"21","42","15","29.76","86.63","6.71","45.51","mungbean"
"25","39","23","28.61","86.4","6.88","52.11","mungbean"
"24","46","16","29.77","87.05","7.03","47.32","mungbean"
"33","47","15","28.27","90","6.26","42.86","mungbean"
"10","52","19","28.82","83.77","6.88","52.21","mungbean"
"4","37","15","28.52","84.91","6.33","49.66","mungbean"
"29","44","24","28.52","84.84","6.97","43.48","mungbean"
"26","54","22","29.91","85.44","6.63","43.91","mungbean"
"0","42","25","29.14","85.61","6.9","49.5","mungbean"
"23","58","21","29.16","90","6.28","52.05","mungbean"
"23","60","25","28.24","86.31","6.88","54.46","mungbean"
"27","42","21","28.79","85.8","6.98","45.14","mungbean"
"0","42","20","29.91","81.2","6.72","42.62","mungbean"
"34","47","15","27.67","85.56","6.43","45.43","mungbean"
"17","55","18","27.83","84.39","7.13","59.87","mungbean"
"17","56","18","29.08","81.51","6.53","43.04","mungbean"
"24","55","20","29.41","83.79","6.69","57.28","mungbean"
"25","43","24","29.41","86.85","6.76","51.81","mungbean"
"25","41","20","29.22","80.81","6.7","46.7","mungbean"
"16","50","20","29.27","89.41","6.89","47.19","mungbean"
"10","41","15","28.99","84.62","7.17","45.02","mungbean"
"39","46","19","29.07","82.21","6.88","48.81","mungbean"
"31","48","17","28.67","82.61","6.49","46.4","mungbean"
"23","55","16","28.38","83.06","6.53","44.53","mungbean"
"34","54","15","28.28","84.45","6.71","53.85","mungbean"
"14","45","15","28.21","88.55","6.82","36.12","mungbean"
"11","43","20","27.01","86.57","6.87","53.93","mungbean"
"40","38","15","29.8","87.18","6.98","40.81","mungbean"
"15","37","22","29.91","86.91","6.44","50.01","mungbean"
"32","44","19","28.46","82.09","6.72","51.67","mungbean"
"23","44","25","28.22","84.4","6.53","41.39","mungbean"
"40","57","22","29.91","84.05","6.22","43.77","mungbean"
"22","35","20","27.76","83.63","6.87","50.22","mungbean"
"13","60","18","29.15","86.54","6.55","48.47","mungbean"
"22","53","24","29.18","80.94","7.2","52.83","mungbean"
"12","54","22","28.81","87.17","6.27","36.12","mungbean"
"18","57","23","27.01","85.22","6.86","44.61","mungbean"
"31","55","20","27.56","82.34","6.55","40.75","mungbean"
"12","58","21","27.51","89.73","6.85","48.08","mungbean"
"36","57","21","28.88","84.91","6.45","49.51","mungbean"
"0","40","23","28.33","83.22","7.2","44.15","mungbean"
"34","42","24","29.63","80.65","6.82","53.22","mungbean"
"13","60","24","28.48","80.77","7.06","42.28","mungbean"
"9","40","16","29.53","89.8","6.62","42.09","mungbean"
"22","52","20","29.15","84.28","7.06","54.53","mungbean"
"18","44","23","27.89","80.03","6.63","46.97","mungbean"
"19","47","20","28.01","86.04","6.54","58.61","mungbean"
"13","60","15","29.91","84.07","6.28","46.23","mungbean"
"11","37","21","29.09","88.11","6.52","50.95","mungbean"
"21","48","19","27.85","89.48","6.66","59.87","mungbean"
"18","56","16","27.94","81.87","6.62","42.44","mungbean"
"40","48","20","28.78","89.91","6.43","41.01","mungbean"
"1","40","23","27.01","82.66","7.04","59.87","mungbean"
"40","44","21","29.91","87.2","6.62","47.17","mungbean"
"11","43","22","27.84","82.59","6.34","51.69","mungbean"
"40","41","25","29.53","84.34","7.2","59.87","mungbean"
"21","47","18","29.82","86.14","6.74","56.63","mungbean"
"21","53","15","28.93","84.74","6.26","40.04","mungbean"
"13","48","22","28.37","86.38","7.2","47.99","mungbean"
"35","46","19","27.14","86.63","6.71","40.29","mungbean"
"40","42","23","28.94","86.67","6.82","50.14","mungbean"
"34","44","25","28.03","84.69","7.2","57.32","mungbean"
"40","39","21","27.64","86.12","6.52","44.62","mungbean"
"12","35","21","28.49","85.11","6.37","51.79","mungbean"
"19","40","18","28.51","83.74","6.5","37.72","mungbean"
"31","48","25","29.59","80.03","7.02","54.08","mungbean"
"33","55","15","28.89","85.42","6.6","58.66","mungbean"
"14","48","23","28.22","86.86","6.42","44.83","mungbean"
"24","58","19","28.53","83.94","6.3","46.31","mungbean"
"18","60","24","28.67","80.03","6.83","37.42","mungbean"
"4","35","23","29.57","83","6.44","57.78","mungbean"
"16","40","23","27.75","85.73","7.05","57.6","mungbean"
"40","60","22","28.88","84.37","6.75","54.67","mungbean"
"30","45","21","29.64","82.01","6.87","53.07","mungbean"
"19","53","20","28.22","88.55","6.76","39.65","mungbean"
"28","49","17","27.76","82.38","6.95","49.5","mungbean"
"33","44","25","27.01","81.63","6.92","42.24","mungbean"
"22","58","20","28.85","85.75","6.91","43.3","mungbean"
"17","42","20","29.78","84.75","7.03","53.89","mungbean"
"16","46","23","28.2","83.19","6.22","59.87","mungbean"
"22","60","17","28.74","82.34","6.5","40.49","mungbean"
"15","45","25","29.52","86.46","7.09","41.21","mungbean"
"39","57","21","27.01","81.18","7.2","46.62","mungbean"
"29","43","21","27.88","86.73","6.62","43.82","mungbean"
"20","46","17","27.3","88.02","6.3","43.65","mungbean"
"13","58","15","27.95","86.7","6.65","44.88","mungbean"
"0","41","22","27.01","83.28","7.2","45.85","mungbean"
"6","37","22","29.88","88.42","7.2","52.3","mungbean"
"22","55","23","29.23","85.23","7.06","51.67","mungbean"
"40","48","19","28.82","82.29","6.79","40.2","mungbean"
"24","35","15","27.01","87.2","7.04","51.14","mungbean"
"15","47","15","28.67","84.26","6.89","59.87","mungbean"
"40","38","21","28.93","83.89","6.22","45.03","mungbean"
"8","53","21","29.25","85.2","6.7","47.28","mungbean"
"34","45","22","28.98","83.44","6.81","41.84","mungbean"
"1","55","15","27.56","87.72","6.77","57.2","mungbean"
"12","60","18","28.75","90","6.6","56.7","mungbean"
"21","40","24","29.15","83.94","7.19","36.12","mungbean"
"23","46","22","29.8","86.56","6.88","54.93","mungbean"
"15","40","18","28.84","84.33","6.61","56.39","mungbean"
"10","44","19","29.36","84.37","6.81","47.97","mungbean"
"25","60","17","28.62","83.68","6.82","57.99","mungbean"
"12","52","18","27.21","87.1","7.15","49.53","mungbean"
"39","43","21","28.89","81.91","6.69","49.91","mungbean"
"11","42","21","28.01","82.3","6.7","55.64","mungbean"
"14","36","22","28.18","83.12","7.03","55.18","mungbean"
"21","60","22","28.38","86.58","6.43","49.34","mungbean"
"31","44","17","28.45","85.78","6.9","36.17","mungbean"
"19","41","25","28.23","90","6.76","53.58","mungbean"
"36","39","24","28.06","85.53","6.57","59.87","mungbean"
"39","46","24","29.88","87.97","6.67","44.18","mungbean"
"1","44","23","28.07","84.64","6.63","42.41","mungbean"
"19","51","25","28.88","83.52","6.94","41.45","mungbean"
"39","35","19","29.2","82.91","6.47","45.21","mungbean"
"38","49","22","29.91","90","6.51","59.87","mungbean"
"34","47","16","27.72","85.3","6.54","56.75","mungbean"
"0","54","16","28.79","86.18","6.55","48.94","mungbean"
"54","56","20","34.5","65.1","7.28","61.68","blackgram"
"60","75","19","27.48","63","7.25","68.32","blackgram"
"20","76","18","30.51","62.2","6.5","68.03","blackgram"
"45","77","20","32.28","65.2","7.06","70.99","blackgram"
"39","71","23","28.43","63.77","7.24","63.32","blackgram"
"51","64","16","31.47","67.18","6.96","69.96","blackgram"
"45","72","23","27.56","65.58","6.9","71.02","blackgram"
"44","67","18","28.08","62.02","6.55","74.83","blackgram"
"29","66","21","28.82","67.31","7.78","69.07","blackgram"
"35","67","20","29.86","60.07","7.39","70.59","blackgram"
"22","63","16","30.63","62.54","7.78","61.27","blackgram"
"32","70","21","30.05","66.5","6.62","65.89","blackgram"
"36","80","18","28.24","66.2","7.54","70.6","blackgram"
"27","75","19","29.63","64.53","6.84","69.74","blackgram"
"40","69","17","30.08","64.99","7.2","66.31","blackgram"
"48","80","15","29.88","66.05","6.73","66.31","blackgram"
"20","67","16","28.2","65.7","6.64","68.97","blackgram"
"38","60","22","28.4","63.58","7.78","69.71","blackgram"
"40","67","24","33.09","60.81","7.16","66.99","blackgram"
"55","75","19","28.51","64.29","7.3","74.92","blackgram"
"20","67","21","30.14","62.11","7.3","66.76","blackgram"
"53","72","16","30.13","63.88","6.56","68.53","blackgram"
"53","76","21","25.33","62.88","6.78","66.72","blackgram"
"34","62","15","32.09","69.01","7.22","68.99","blackgram"
"49","80","19","25.1","60.92","7.25","74.92","blackgram"
"27","66","17","29.66","66.11","6.82","68.5","blackgram"
"29","61","15","29.63","60.19","6.58","66.85","blackgram"
"38","80","15","27.96","65.62","7.18","72.2","blackgram"
"47","67","25","31.51","63.41","7.11","69.2","blackgram"
"30","59","20","30.27","62.64","7.22","74.92","blackgram"
"43","70","20","30.52","60.74","6.61","65.45","blackgram"
"59","55","23","31.16","65.09","7.13","68.6","blackgram"
"38","67","22","34.64","62.33","7.25","63.27","blackgram"
"36","75","22","31.26","69.86","7.28","67.81","blackgram"
"36","72","19","27.37","67.52","7.08","69.62","blackgram"
"56","65","15","34.24","66.07","7.44","72.83","blackgram"
"46","65","16","29.33","61","7.06","68.46","blackgram"
"57","66","16","30.02","65.58","6.94","68.56","blackgram"
"43","73","20","29.35","63.46","7.01","74.92","blackgram"
"48","76","15","31.13","60.44","6.8","61.11","blackgram"
"23","68","20","27.73","65.27","7.47","74.92","blackgram"
"29","64","18","31.76","66.81","6.84","69.57","blackgram"
"55","66","17","31.64","68.93","6.75","65.43","blackgram"
"42","71","19","32.38","63.33","7.44","60.48","blackgram"
"32","61","22","26.68","65.57","7.03","63","blackgram"
"38","63","15","29.44","69.55","7.32","69.26","blackgram"
"37","73","22","28.04","66.41","7.21","69.25","blackgram"
"44","66","15","26.95","67.87","7.38","71.81","blackgram"
"50","57","15","31.5","62.96","6.83","67.17","blackgram"
"44","58","20","30.64","66.9","6.99","68.65","blackgram"
"35","68","18","26.19","62.77","6.81","70.92","blackgram"
"27","67","20","25.1","65.64","7.33","71.87","blackgram"
"51","75","19","32.14","60.82","7.19","65.23","blackgram"
"41","70","24","29.63","68.26","6.9","70.98","blackgram"
"43","70","21","27.32","66","7.01","71.46","blackgram"
"25","71","17","29.64","66.78","6.66","62.82","blackgram"
"45","73","23","31.89","64.74","7.23","69.47","blackgram"
"56","80","17","32.73","66.15","7.1","67.44","blackgram"
"36","55","15","34.95","68.51","7.12","64.84","blackgram"
"42","64","15","32.77","68.28","6.5","65.33","blackgram"
"60","79","15","31.77","64.95","7.42","74.08","blackgram"
"49","73","16","28.21","69.92","6.78","61.07","blackgram"
"43","56","19","29.27","65.6","7.06","61.83","blackgram"
"46","71","20","26.71","65.41","7.24","60.42","blackgram"
"40","59","23","31.17","66.22","7.23","64.39","blackgram"
"41","70","18","25.63","61.85","6.59","65.43","blackgram"
"50","73","17","29.47","69.76","6.5","71.44","blackgram"
"24","64","17","30.63","60.97","6.65","65.85","blackgram"
"48","65","20","30.8","68.61","7.29","73.21","blackgram"
"52","68","25","28.93","67.49","7.63","74.42","blackgram"
"29","62","21","30.27","64.93","6.61","68.01","blackgram"
"28","78","18","31.55","67.8","6.98","67.89","blackgram"
"49","80","20","30.29","65.48","6.5","65.17","blackgram"
"38","66","21","29.75","64.94","7.11","64.04","blackgram"
"46","60","22","27.06","66.56","7.78","66.04","blackgram"
"24","70","20","27.83","67.75","6.73","66.83","blackgram"
"40","76","16","29.69","65.41","7.42","67.66","blackgram"
"47","79","15","25.1","62.65","7.26","61.58","blackgram"
"29","80","15","30.66","63.85","6.86","69.4","blackgram"
"42","67","21","32.61","67.84","7.15","64.49","blackgram"
"48","77","16","25.75","69.55","7.04","70.86","blackgram"
"41","59","20","30.21","67.97","6.92","62.91","blackgram"
"58","72","18","28.39","66.63","7.03","72.17","blackgram"
"29","65","25","34.95","65.21","7.02","67.48","blackgram"
"49","71","22","25.1","61.81","7.78","68.28","blackgram"
"37","80","20","29.41","63.65","6.97","71.84","blackgram"
"25","59","17","33.84","64.76","7.15","61.51","blackgram"
"42","57","17","30.77","62.67","6.75","73.33","blackgram"
"51","55","20","30.72","63.81","7.21","70.34","blackgram"
"30","73","25","31.59","68.48","6.89","66.92","blackgram"
"35","55","18","32.95","62.54","7.4","68.27","blackgram"
"29","74","23","25.1","65.63","6.71","66.65","blackgram"
"43","67","23","29.1","66.66","7.31","71.69","blackgram"
"20","60","17","25.5","63.22","7.42","62.86","blackgram"
"35","73","15","28.17","64.95","6.54","74.92","blackgram"
"20","63","23","26.37","68.19","7.49","68.75","blackgram"
"27","55","15","27.88","63.51","7.27","66.18","blackgram"
"37","67","19","33.36","64.74","7.18","67.52","blackgram"
"29","79","25","25.7","69.96","7.51","71.28","blackgram"
"38","62","19","32.87","68.17","7.66","69.12","blackgram"
"37","58","15","34.52","64.31","7.78","66.52","blackgram"
"60","65","17","27.96","62.59","7.51","61.47","blackgram"
"20","55","19","29.3","67.38","6.96","72.89","blackgram"
"58","73","20","31.96","61.8","6.88","65.55","blackgram"
"20","63","24","26.66","63.19","7.02","66.85","blackgram"
"51","73","18","33.9","62.22","7.13","66.5","blackgram"
"40","75","18","33.63","66.95","7.78","61.27","blackgram"
"39","74","15","29.99","68.38","7.15","71.01","blackgram"
"39","71","17","30.73","64.14","7.17","74.92","blackgram"
"49","65","22","31.73","65.46","7.03","63.92","blackgram"
"60","65","20","30.14","65.17","7.77","69.88","blackgram"
"53","64","17","33.14","66.99","6.62","67.79","blackgram"
"52","70","16","30.14","62.38","7.26","66.16","blackgram"
"35","73","25","29.07","63.91","7.16","65.08","blackgram"
"34","73","17","33.24","67.09","6.88","63.58","blackgram"
"60","60","21","31.19","65.16","6.67","68.34","blackgram"
"32","65","17","28.62","66.87","7.49","74.48","blackgram"
"47","67","20","32.18","62.7","6.79","71.17","blackgram"
"22","65","18","31.61","62.72","7.23","67.84","blackgram"
"41","62","20","27.44","61.5","6.5","74.23","blackgram"
"38","56","19","28.3","63.57","7.09","60.42","blackgram"
"38","73","25","29.34","69.66","7.42","68.54","blackgram"
"20","71","18","25.1","61.47","6.74","72.94","blackgram"
"42","75","15","28.67","66.9","7.27","66.9","blackgram"
"40","61","24","31.55","64.55","6.78","60.42","blackgram"
"50","55","21","25.74","60.07","7.16","63.27","blackgram"
"33","66","22","29.02","68.34","7.78","62.67","blackgram"
"28","72","16","34.95","63.51","7.34","64.25","blackgram"
"36","71","15","29.16","62.86","7.1","70.2","blackgram"
"44","76","19","31.47","64.89","6.93","72.19","blackgram"
"36","68","18","34.95","60.07","6.5","68.43","blackgram"
"39","69","24","30.74","65.37","6.99","74.92","blackgram"
"41","73","18","27.63","63.73","6.55","74.92","blackgram"
"35","58","23","29.67","67.37","6.83","64.84","blackgram"
"32","73","23","28","62.93","7.36","66.43","blackgram"
"45","80","18","30.59","63.92","6.85","68.1","blackgram"
"48","80","20","28.9","63.37","7.17","66.62","blackgram"
"28","69","21","34.95","64.04","6.5","68.26","blackgram"
"53","68","15","31.99","63.8","7.02","64.23","blackgram"
"51","73","22","29.61","66.03","6.92","72.23","blackgram"
"20","74","17","30.91","66.17","6.92","64.47","blackgram"
"30","70","17","30.34","65.62","7.18","65.54","blackgram"
"48","73","25","30.88","63.56","6.5","64.66","blackgram"
"41","65","23","32.47","63.18","7.19","69.08","blackgram"
"35","71","15","33.74","65.68","7.51","73.28","blackgram"
"21","74","22","28.2","65.48","7.31","65.27","blackgram"
"30","57","16","29.53","69.12","6.59","70.96","blackgram"
"29","59","20","33.19","67.05","6.94","70.12","blackgram"
"46","74","20","29.37","61.59","6.68","74.92","blackgram"
"28","58","17","26.71","61.41","7.15","73.9","blackgram"
"34","56","18","32.76","63.48","7.45","73.5","blackgram"
"40","60","24","30.09","64.4","6.85","74.92","blackgram"
"52","69","21","28.48","64.75","7.11","69.08","blackgram"
"43","66","20","28.9","66.17","6.81","73.75","blackgram"
"29","66","15","30.54","60.07","7.34","64","blackgram"
"31","68","19","25.1","62.21","6.97","67.53","blackgram"
"59","62","18","28.98","64.68","6.94","72.95","blackgram"
"35","71","15","30.1","69.68","7.03","62.61","blackgram"
"42","72","19","32.83","66.14","7.13","60.42","blackgram"
"51","55","20","30.2","63.02","7.47","67.91","blackgram"
"53","55","16","32.17","65.76","6.59","63.14","blackgram"
"42","68","16","29.88","61.74","7.38","66.36","blackgram"
"33","67","17","29.85","66.9","7.76","70.71","blackgram"
"59","55","21","30.86","69.96","7.64","69.28","blackgram"
"20","76","17","33.77","68.59","7.57","69.23","blackgram"
"22","72","18","29.77","65.74","7.17","67","blackgram"
"46","64","18","26.93","60.26","7.14","61.85","blackgram"
"49","68","22","30.56","63.93","6.82","70.3","blackgram"
"36","69","25","29.5","66.24","7.19","71.94","blackgram"
"56","66","22","28.04","62.15","7.78","62.23","blackgram"
"45","60","20","28.99","64.16","6.98","66.9","blackgram"
"27","80","16","28.39","62.73","6.73","66.81","blackgram"
"39","61","19","30.3","66.06","6.84","74.92","blackgram"
"28","73","17","26.37","66.4","6.5","65.81","blackgram"
"40","66","20","28.8","66.47","7.53","65.45","blackgram"
"46","70","25","30.88","63.51","7.02","67.59","blackgram"
"40","65","21","28.33","68.85","7.04","74.92","blackgram"
"35","68","20","30.64","64.96","7.32","68.28","blackgram"
"58","70","15","31.71","60.4","7.41","67.71","blackgram"
"28","80","24","28.73","68.48","7.22","67.03","blackgram"
"20","65","16","26.01","65.36","7.63","73.33","blackgram"
"35","72","21","29.58","62.47","7.48","71.67","blackgram"
"40","63","18","32.99","68.99","6.71","71.95","blackgram"
"56","77","16","30.5","68.38","7.59","60.42","blackgram"
"38","66","18","32.87","69.68","7.5","71.77","blackgram"
"24","71","25","31.43","65.75","6.62","65.85","blackgram"
"33","62","25","27.88","65.79","6.96","68.02","blackgram"
"26","73","18","29.42","63.79","6.83","64.19","blackgram"
"24","66","17","28.94","60.44","7.21","61.48","blackgram"
"47","80","17","33.68","67.33","7.38","64.22","blackgram"
"46","72","23","33.28","65.81","7.2","65.19","blackgram"
"23","66","15","28.9","62.31","7.3","71.08","blackgram"
"24","65","15","27.32","65.22","7.69","72.03","blackgram"
"46","71","19","25.38","62.05","7.28","73.21","blackgram"
"23","80","22","26.8","64.04","7.28","69.1","blackgram"
"59","69","19","32.01","63.49","7.26","63.66","blackgram"
"33","64","18","30.97","64.25","7.17","66.69","blackgram"
"43","77","16","29.36","63.08","6.62","70.77","blackgram"
"33","70","18","26.27","65.24","6.74","70.08","blackgram"
"57","73","19","28.33","66.82","7.07","74.92","blackgram"
"41","75","15","31.3","69.96","7.04","67.7","blackgram"
"20","63","19","28.29","64.29","7.23","64.59","blackgram"
"36","66","15","32.51","68.06","6.76","67.15","blackgram"
"60","55","15","30.84","66.95","6.96","69.62","blackgram"
"43","66","25","30.44","66.92","6.91","71.22","blackgram"
"40","70","25","27.35","60.23","6.83","71.31","blackgram"
"58","59","17","25.36","63.07","7.78","60.42","blackgram"
"43","79","22","25.67","65.31","7.31","63.35","blackgram"
"59","57","15","32.3","65.17","6.5","70.52","blackgram"
"41","67","18","29.72","67.78","6.98","71.91","blackgram"
"59","67","17","32.88","69.59","6.55","70.29","blackgram"
"22","70","19","25.1","63","6.91","60.42","blackgram"
"49","77","22","29.04","65.82","7.48","69.03","blackgram"
"36","80","18","29.06","63.89","7.74","60.42","blackgram"
"37","65","16","29.88","69.58","7.31","66.78","blackgram"
"25","65","16","30.25","63.79","6.87","74.92","blackgram"
"40","65","16","27.03","68.57","6.6","69.51","blackgram"
"46","60","15","26.87","60.07","7","60.42","blackgram"
"46","73","19","32.59","65.42","7.38","71.64","blackgram"
"50","70","23","28.95","64.24","6.7","68.73","blackgram"
"59","55","17","25.43","62.12","7.18","68.86","blackgram"
"42","66","15","31.18","65.94","7.37","66.39","blackgram"
"39","55","22","34.88","66.45","7.49","68.28","blackgram"
"47","74","25","27.12","64.43","7.43","74.92","blackgram"
"28","69","21","31.15","61.85","7.23","71.54","blackgram"
"41","73","15","29.27","60.07","7.53","73.11","blackgram"
"50","70","18","30.3","63.37","7.15","61.91","blackgram"
"46","63","17","34.5","64.09","6.5","71.08","blackgram"
"60","70","20","29.94","68.31","6.5","68.67","blackgram"
"31","70","16","26.25","67.09","7.28","72.38","blackgram"
"46","55","17","29.84","67.83","6.72","68.67","blackgram"
"45","72","21","30","69.4","7.78","62.03","blackgram"
"33","70","18","33.19","67.29","7.78","66.47","blackgram"
"59","74","20","32.23","60.93","6.78","67.95","blackgram"
"40","66","21","27.56","61.74","7.25","70.79","blackgram"
"24","60","19","34.58","62.64","6.63","69.09","blackgram"
"54","61","22","32.86","65.92","7.05","62.56","blackgram"
"54","80","15","33.68","68.48","7.45","71.63","blackgram"
"42","80","23","27.1","63.3","6.74","69.23","blackgram"
"28","73","20","31.12","69.96","6.67","66.98","blackgram"
"47","80","20","30.66","63.65","6.73","69.45","blackgram"
"41","63","16","31.05","64.52","7.13","69.27","blackgram"
"49","80","24","28.35","66.53","6.86","73.55","blackgram"
"39","64","22","31.72","69.62","7.37","70.1","blackgram"
"40","65","23","31.18","69.96","7.04","67.57","blackgram"
"45","59","18","31.95","65.75","6.58","72.54","blackgram"
"20","80","19","29.64","66.38","7.1","74.69","blackgram"
"50","63","21","33.72","67.97","6.96","68.31","blackgram"
"46","66","16","29.87","63.45","7.04","67.79","blackgram"
"46","80","19","29.07","62.59","7.49","60.42","blackgram"
"51","56","17","28.25","67.64","7.21","69.57","blackgram"
"60","63","17","27.23","65.54","7.38","64.97","blackgram"
"46","60","20","26.72","66.5","7.11","67.13","blackgram"
"20","70","16","31.89","64.75","7.18","72.69","blackgram"
"35","63","18","33.03","66.81","7.29","71.44","blackgram"
"54","71","15","31.58","61.98","7.37","70.72","blackgram"
"56","74","25","28.75","60.07","7.59","66.35","blackgram"
"49","67","22","29.45","60.22","7.01","62.19","blackgram"
"47","65","15","27.47","67.77","6.99","63.07","blackgram"
"36","70","15","27.22","68.36","6.62","68.99","blackgram"
"60","58","17","30.37","60.76","6.78","72.59","blackgram"
"38","61","18","25.33","63.4","7.73","67.63","blackgram"
"48","61","22","28.02","65.29","7.74","73.8","blackgram"
"35","64","20","29.96","65.26","7.78","71.93","blackgram"
"27","65","17","30.14","63.52","6.96","71.73","blackgram"
"30","56","18","29.79","69.96","6.94","74.25","blackgram"
"41","64","24","28.31","66.81","6.9","63.4","blackgram"
"52","64","24","29.71","64.04","7.14","68.33","blackgram"
"40","68","20","31.12","67.35","6.95","68.66","blackgram"
"20","70","20","26.11","64.68","6.76","70.46","blackgram"
"47","67","15","31.19","67.55","7.53","72.39","blackgram"
"41","68","15","33.36","63.78","7.12","60.42","blackgram"
"47","72","17","28.77","62.25","6.77","71.76","blackgram"
"27","66","23","31.81","67.79","7.32","72.49","blackgram"
"49","57","20","30.46","67.57","7.41","65.93","blackgram"
"41","64","18","32.04","66.11","6.87","66.74","blackgram"
"52","78","16","30.52","64.21","6.71","68.88","blackgram"
"20","73","22","30.54","62.62","6.79","68.01","blackgram"
"36","71","20","29.99","64.86","7.27","70.31","blackgram"
"50","69","25","30.43","65.24","7.66","64.03","blackgram"
"55","75","18","29.79","62.72","7.32","73.63","blackgram"
"29","71","19","26.21","60.43","6.5","65.37","blackgram"
"20","73","15","26.02","65.25","7.36","67.31","blackgram"
"51","59","17","30.96","67.56","6.7","69.02","blackgram"
"56","73","21","29.11","64.3","7.45","70.3","blackgram"
"57","65","16","30.88","64.35","7.67","63.03","blackgram"
"44","62","17","34.95","65.68","6.98","67.27","blackgram"
"31","73","20","31.86","63.24","6.86","69.18","blackgram"
"60","75","19","32.86","66.69","7.78","64.15","blackgram"
"41","71","18","27.06","62.76","6.88","69.32","blackgram"
"60","75","25","27.28","61.23","7.73","64.56","blackgram"
"40","80","25","30.43","65.83","7.4","69.55","blackgram"
"60","61","22","25.6","65.39","7.61","72.36","blackgram"
"38","56","15","27.77","67.62","6.5","68.65","blackgram"
"56","55","15","34.3","62.47","7.09","68.19","blackgram"
"30","66","23","26","60.8","6.94","62.08","blackgram"
"59","63","15","33.33","60.07","6.83","65.61","blackgram"
"33","72","23","26.84","65.53","7.37","70.71","blackgram"
"29","73","19","33.6","66.25","6.62","68.77","blackgram"
"41","74","18","29.25","60.07","7","67.34","blackgram"
"60","73","20","30.27","67.79","6.92","73.68","blackgram"
"38","74","25","34.07","67.17","7.47","62.28","blackgram"
"47","70","18","31.65","61.69","6.5","62.99","blackgram"
"39","66","22","28.67","61.01","6.83","61.22","blackgram"
"44","71","16","33.86","61.49","7.09","62.34","blackgram"
"26","75","16","31.16","67.91","7.36","63.81","blackgram"
"33","70","20","26.33","66.77","6.86","74.26","blackgram"
"56","61","25","26.54","69.17","7.05","70.27","blackgram"
"30","67","18","30.42","68.55","7.5","71.17","blackgram"
"60","68","22","28.94","62.73","7.05","62.47","blackgram"
"39","55","16","30.97","63.78","7.78","63.87","blackgram"
"48","70","19","30.69","65.45","6.5","62.13","blackgram"
"48","73","21","30.33","64.79","7.78","71.59","blackgram"
"37","69","18","30.96","67.75","6.92","60.42","blackgram"
"39","77","24","29.31","69.96","7.45","66.57","blackgram"
"32","75","19","26.63","64.2","6.86","72.57","blackgram"
"52","62","18","26.11","60.47","7.34","70.14","blackgram"
"38","68","19","32.73","63.55","6.85","71.45","blackgram"
"33","69","18","28.98","62.23","6.97","70.65","blackgram"
"20","72","24","26.19","66.44","6.87","65.78","blackgram"
"60","67","20","31.95","64.5","7.62","61.32","blackgram"
"40","55","21","29.35","60.86","6.67","73.16","blackgram"
"22","69","25","28.54","66.89","6.81","66.82","blackgram"
"39","66","19","32.14","66.57","7.78","67.39","blackgram"
"54","59","18","26.98","65.8","6.5","65.31","blackgram"
"20","58","20","27.64","65.66","7.65","74.92","blackgram"
"49","68","23","33.39","67.94","7.42","66.99","blackgram"
"53","64","22","29.91","65.07","6.84","63.39","blackgram"
"20","59","20","29.08","67.83","7.32","64.39","blackgram"
"38","57","17","31.32","66.53","7.64","70.04","blackgram"
"60","72","20","31.12","64.72","6.96","70.29","blackgram"
"48","63","20","28.1","68.21","7.33","66.91","blackgram"
"44","80","15","34.95","63.57","7.19","60.42","blackgram"
"20","66","15","29.64","67.17","7.33","70.22","blackgram"
"35","67","17","30.44","62.02","7.15","66.33","blackgram"
"56","68","15","30.89","62.47","7.17","61.38","blackgram"
"60","65","15","28.42","64.91","6.98","68.13","blackgram"
"37","70","24","27.94","69.96","7.26","64.04","blackgram"
"34","64","22","29.93","62.46","7.35","67.02","blackgram"
"49","66","19","29.21","64.04","7.19","65.65","blackgram"
"59","58","21","32.69","68.3","6.71","65.52","blackgram"
"32","66","19","34.95","66.47","6.99","65.76","blackgram"
"29","55","19","31.12","66.06","7.12","73.69","blackgram"
"29","79","21","28.65","68.18","6.5","72.34","blackgram"
"44","69","18","28.97","67.15","6.95","62.76","blackgram"
"35","66","21","25.1","68.63","6.5","67.25","blackgram"
"22","55","21","29.34","66.94","7.78","70.71","blackgram"
"32","62","17","29.82","65.27","6.99","61.02","blackgram"
"60","68","20","30.11","68.41","6.55","71.08","blackgram"
"43","71","22","28.58","64.27","7.33","69.89","blackgram"
"47","59","23","28.2","61.41","7.22","70.2","blackgram"
"39","74","17","27.86","67.58","6.72","69.16","blackgram"
"56","72","19","28.28","69.16","6.57","60.42","blackgram"
"43","57","18","25.31","63.83","7.28","67.11","blackgram"
"26","71","16","27.49","65.45","6.68","61.83","blackgram"
"36","70","25","27.62","64.82","7.09","65.1","blackgram"
"37","68","22","32.77","62.88","7.21","68.52","blackgram"
"33","80","15","28.94","65.04","7.03","69.63","blackgram"
"36","67","19","29.8","61.67","7.43","65.69","blackgram"
"54","80","18","29.29","68.35","6.96","74.92","blackgram"
"56","71","18","26.76","63.21","7.2","74.92","blackgram"
"20","73","20","33.6","60.37","7.38","69.6","blackgram"
"48","66","15","30.71","60.07","7.34","69.63","blackgram"
"57","55","21","29.9","62.25","7.2","67.45","blackgram"
"26","69","17","28.89","62.73","6.69","60.42","blackgram"
"20","68","15","29.61","69.64","7.29","62.35","blackgram"
"35","63","19","27.97","67.94","7.44","69.76","blackgram"
"48","59","16","33.58","64.77","6.86","71.55","blackgram"
"30","79","20","29.53","64.41","7.26","66.83","blackgram"
"42","72","20","28.45","67.6","7.37","66.34","blackgram"
"49","78","17","34.91","66.28","7.7","67.87","blackgram"
"33","75","15","29.69","64.54","7.21","71.21","blackgram"
"34","75","19","25.1","61.01","6.94","73.98","blackgram"
"51","63","19","30.26","68.72","6.85","65.61","blackgram"
"53","60","19","33.21","65.4","6.55","67.1","blackgram"
"40","55","16","31.8","64.32","6.8","69.26","blackgram"
"30","73","15","27.08","69.96","6.81","73.01","blackgram"
"37","80","19","30.91","67.57","7.08","69.92","blackgram"
"28","67","20","25.1","68.18","6.9","63.21","blackgram"
"53","73","17","29.97","63.52","7.38","68.34","blackgram"
"20","55","18","33.88","63.34","7.67","61.64","blackgram"
"20","67","19","27.65","60.07","7.01","70.52","blackgram"
"60","63","18","28.96","67.26","7.31","73.16","blackgram"
"49","71","22","32.19","62.35","7.27","74.92","blackgram"
"59","71","23","33.66","61.22","6.94","69.95","blackgram"
"32","71","21","29.94","69.31","7.02","73","blackgram"
"41","65","24","27.38","64.78","7.33","67.1","blackgram"
"27","65","21","27.41","62.98","7.04","63.83","blackgram"
"42","78","15","29.34","62.28","6.98","68.03","blackgram"
"24","60","15","31.09","64.68","6.91","65.13","blackgram"
"25","80","19","29.36","60.93","7.78","65.94","blackgram"
"60","64","25","27.68","68.2","7.16","64.72","blackgram"
"44","66","22","33.83","65.09","6.77","69.49","blackgram"
"20","72","21","28.12","69.93","7.16","68.67","blackgram"
"36","71","19","32.47","61.48","7.06","64.54","blackgram"
"41","61","17","27.86","63.04","6.86","61.52","blackgram"
"33","67","15","31.04","62.56","7.13","66.42","blackgram"
"31","72","23","30.5","66.77","7.31","68.84","blackgram"
"42","76","19","31.91","65.19","7.73","72.42","blackgram"
"23","68","17","30.1","61.37","7.31","67.64","blackgram"
"22","72","25","29.38","60.29","7.55","69.31","blackgram"
"55","70","19","30.92","67.39","6.85","62.2","blackgram"
"45","64","19","30.38","65.79","6.78","71.79","blackgram"
"32","69","24","25.96","63.49","7.2","68.89","blackgram"
"20","73","19","26.88","69.96","7.41","72.38","blackgram"
"21","74","18","34.92","65.39","6.9","66.91","blackgram"
"29","62","18","25.69","63.74","6.5","72.93","blackgram"
"57","63","21","28.93","67.52","7.02","68.82","blackgram"
"37","80","15","27.69","63.13","6.84","73.06","blackgram"
"60","70","19","28.45","63.23","7.58","67.99","blackgram"
"32","78","19","31.1","65.24","6.91","67.87","blackgram"
"34","78","22","25.71","60.63","6.81","74.77","blackgram"
"46","70","19","30.02","62.89","6.74","70.3","blackgram"
"32","55","23","28.41","65.81","7.53","70.14","blackgram"
"60","55","20","30.41","61.88","7.35","62.68","blackgram"
"36","73","16","29.13","60.07","6.5","65.85","blackgram"
"40","70","21","28.97","66.68","6.81","60.44","blackgram"
"33","55","20","27.67","66.48","7.4","70.67","blackgram"
"51","74","15","31.61","66.74","7.2","66.44","blackgram"
"37","61","21","34.49","61.24","7.11","65.09","blackgram"
"46","56","20","28.74","64.56","6.65","66.16","blackgram"
"31","59","19","26.05","61.27","6.69","73.1","blackgram"
"38","68","22","30.98","62.11","7.3","63.43","blackgram"
"60","72","19","31.75","62.05","7.44","67.96","blackgram"
"20","72","20","33.91","65.06","7.22","71.94","blackgram"
"31","63","17","30.23","69.96","7.78","65.37","blackgram"
"39","55","17","33.9","67.07","7","73.76","blackgram"
"32","68","25","27.97","66.49","7.78","73.65","blackgram"
"47","72","19","31.1","67.51","6.86","60.42","blackgram"
"58","72","16","28.99","64.13","7.52","64.46","blackgram"
"51","73","19","32.82","69.12","7.08","63.12","blackgram"
"36","71","23","30.02","66.09","7.08","73.74","blackgram"
"41","68","21","26.88","66.83","7.16","73.3","blackgram"
"22","78","21","28.46","65.61","7.12","67.69","blackgram"
"39","58","21","32.41","67.3","6.87","62.93","blackgram"
"49","69","15","32.42","63.76","7.35","73.25","blackgram"
"33","65","21","26.17","66.42","7.34","61.49","blackgram"
"42","66","16","30.3","66.79","6.7","65.93","blackgram"
"28","73","20","26.79","63.31","7.78","64.33","blackgram"
"34","77","22","31.21","63.32","7.15","71.36","blackgram"
"42","55","18","26.57","60.07","6.58","62.61","blackgram"
"58","63","18","28.53","61.19","7.35","65.09","blackgram"
"31","80","18","33.91","66.37","7.21","63.47","blackgram"
"39","65","22","28.04","62.82","7.53","60.42","blackgram"
"50","64","25","32.35","60.07","7.3","72.13","blackgram"
"27","76","17","33.26","66.02","7.53","70.03","blackgram"
"48","63","21","25.98","66.52","6.76","67.18","blackgram"
"24","66","22","30.85","60.07","7.39","69.44","blackgram"
"51","74","20","29.95","60.22","7.47","63.85","blackgram"
"58","68","22","29.27","65.7","6.76","64.42","blackgram"
"60","64","15","29.56","61.99","7.23","74.92","blackgram"
"46","80","17","32.15","69.96","6.63","67.63","blackgram"
"43","73","19","29.03","61.78","6.5","67.84","blackgram"
"42","69","18","26.38","66.22","7.13","66.39","blackgram"
"50","67","21","25.94","61.45","7.01","70.19","blackgram"
"26","67","21","30.03","69.96","7.5","65.36","blackgram"
"25","59","21","32.25","67.26","6.5","67.22","blackgram"
"47","66","24","27.62","64.16","7.18","74.92","blackgram"
"38","66","20","32.25","67.57","6.95","64.39","blackgram"
"55","55","19","25.1","62.39","6.5","66.41","blackgram"
"36","64","21","29.78","68.4","7.49","68.44","blackgram"
"39","67","20","31.7","64.1","6.82","73.81","blackgram"
"40","73","23","34.35","65.88","6.5","68.94","blackgram"
"37","75","18","34.95","64.86","7.2","64.84","blackgram"
"60","73","15","29.46","63.59","7.13","69.48","blackgram"
"42","62","18","26.54","64","7.1","67.08","blackgram"
"44","75","19","31.73","69.96","7.53","62.84","blackgram"
"39","64","25","33.68","66.52","7.13","66.43","blackgram"
"44","55","24","31.38","64.02","7.01","60.42","blackgram"
"25","62","15","30.11","63.35","7.52","74.92","blackgram"
"39","71","20","31.35","63.38","7.33","68.32","blackgram"
"39","67","21","27.68","64.18","7.56","68.38","blackgram"
"42","65","18","29.49","62.13","7.5","69.31","blackgram"
"43","64","17","31.89","65.67","7.45","74.92","blackgram"
"44","67","21","25.1","67.32","7.53","62.24","blackgram"
"29","69","16","31.35","69.2","7.01","61.82","blackgram"
"33","58","18","34.58","66.98","7.18","64.25","blackgram"
"40","62","21","31.82","67.11","7.44","68.62","blackgram"
"46","68","15","29.63","64.28","7.22","70.31","blackgram"
"33","70","22","26.43","63.2","7.3","67.2","blackgram"
"52","69","15","33.3","64.31","7.35","71.91","blackgram"
"47","68","19","29.2","65.14","6.98","66.25","blackgram"
"45","65","24","30.3","65.23","7.48","67.07","blackgram"
"33","64","21","28.15","69.96","7.17","64.98","blackgram"
"52","67","15","34.2","66.51","7.2","67.39","blackgram"
"45","65","16","27.77","60.73","7.27","73.61","blackgram"
"51","58","18","29.12","64.32","6.89","62.1","blackgram"
"44","79","20","25.36","62.94","6.5","65.59","blackgram"
"30","79","21","34.95","63.93","6.95","68.32","blackgram"
"45","78","15","25.97","64.34","7.38","74.92","blackgram"
"47","63","18","31.59","65.51","7.63","65.38","blackgram"
"34","66","15","27.77","64.41","7.12","65.69","blackgram"
"60","61","22","32","66.09","7.43","66.2","blackgram"
"54","60","22","30.42","61.71","7.31","68.33","blackgram"
"31","55","18","30.02","69.65","7.71","65.2","blackgram"
"20","58","16","25.1","64.81","7.78","66.16","blackgram"
"42","66","23","27.07","60.27","6.72","67.97","blackgram"
"24","69","21","27.92","68.94","6.86","61.65","blackgram"
"60","72","17","27.53","63.13","7.29","73.34","blackgram"
"23","79","15","31.31","60.67","7.09","60.91","blackgram"
"34","64","17","32.79","67.09","6.98","70.13","blackgram"
"47","72","19","25.72","66.78","7.33","66.55","blackgram"
"58","75","19","28.96","67.87","7.2","63.19","blackgram"
"33","80","22","31.56","65.27","7.38","74.92","blackgram"
"53","64","20","30.57","69.9","6.89","70.89","blackgram"
"20","65","17","30.95","61.31","7.36","64.89","blackgram"
"35","64","21","34.02","62.87","7.78","68.19","blackgram"
"60","76","22","30.92","67.98","7.55","74.39","blackgram"
"43","79","22","34.95","63.3","7.7","71.48","blackgram"
"25","60","21","34.95","60.54","7.14","69.6","blackgram"
"60","55","15","28.48","63.82","6.95","71.01","blackgram"
"60","66","21","28.62","65.61","6.92","63.15","blackgram"
"46","71","21","27.39","64.96","7.74","70.72","blackgram"
"41","60","19","27.65","65.6","6.97","66.36","blackgram"
"44","62","23","26.72","62.51","6.5","66.45","blackgram"
"42","63","23","26.38","63.91","7.36","74.92","blackgram"
"33","73","19","27.16","66.5","6.86","63.35","blackgram"
"40","61","25","27.51","63.18","6.58","66.11","blackgram"
"27","64","16","31.2","65.3","7.28","62.65","blackgram"
"42","64","21","28.27","66.41","7.41","70.64","blackgram"
"20","66","23","25.1","66.09","7.28","65.76","blackgram"
"29","66","15","28.3","67.1","6.58","68.86","blackgram"
"55","72","23","30.07","67.09","7.52","60.42","blackgram"
"60","68","18","31.29","63.64","7.52","73.35","blackgram"
"59","75","24","30.95","62.55","6.85","67.39","blackgram"
"36","55","18","27.06","64.66","7.57","71.74","blackgram"
"24","62","20","30.91","66.44","7.05","67.83","blackgram"
"45","80","22","25.66","63","6.73","63.84","blackgram"
"39","64","22","25.1","66.15","7.23","61.41","blackgram"
"21","72","25","32.05","64.61","7.08","64.86","blackgram"
"55","77","23","33.58","60.21","7.3","62.46","blackgram"
"26","71","23","26.89","65.4","6.5","71.25","blackgram"
"45","77","15","31.69","66.27","7.04","64.21","blackgram"
"52","63","20","30.67","64.23","7.58","71.38","blackgram"
"35","64","17","27.57","64.13","6.5","67.94","blackgram"
"29","55","22","31.82","62.88","7.17","66.01","blackgram"
"34","66","24","31.79","62.48","7.01","71.38","blackgram"
"39","68","15","33.62","63.18","7.5","70.81","blackgram"
"45","55","19","34.95","65.63","7.46","68.11","blackgram"
"37","64","20","30.03","65.28","7.41","71.58","blackgram"
"25","70","19","31.99","63","6.82","64.5","blackgram"
"44","58","18","28.92","68.44","6.97","68.75","blackgram"
"34","68","20","34.74","65.95","7.58","70.38","blackgram"
"60","65","23","27.95","64.09","6.67","72.11","blackgram"
"45","79","17","32.62","65.51","7.06","74.31","blackgram"
"46","80","17","33.81","64.02","7.3","65.06","blackgram"
"36","75","17","29.72","66.19","7.63","68.67","blackgram"
"51","59","18","29.3","60.77","7.07","64.92","blackgram"
"50","68","21","25.1","67.98","7.64","72.3","blackgram"
"45","66","20","28.49","63.64","6.83","72.57","blackgram"
"38","71","22","32.83","62.28","6.57","70.9","blackgram"
"32","74","24","30.42","67.12","6.64","70.07","blackgram"
"27","68","23","29.26","65.91","6.85","67.81","blackgram"
"52","75","18","25.77","68.48","7.23","74.12","blackgram"
"42","67","23","26.97","69.63","7.3","70.76","blackgram"
"34","66","18","30.39","66.21","7.5","66.71","blackgram"
"35","57","20","30.51","64.77","7.03","64.38","blackgram"
"29","65","18","33.25","62.31","7.3","68.26","blackgram"
"49","58","18","31.57","67.1","6.73","68.22","blackgram"
"31","65","15","30.3","60.07","7.44","71.48","blackgram"
"28","59","20","31.07","65.49","7.78","71.67","blackgram"
"33","75","16","32.96","66.8","7.02","66.96","blackgram"
"39","80","21","33.08","65.88","6.71","66.78","blackgram"
"30","65","22","30.24","61.67","7.38","64.42","blackgram"
"50","76","15","30.64","69.19","7.78","69.79","blackgram"
"34","60","17","28.08","69.96","6.97","68.57","blackgram"
"57","75","25","28.48","62.98","7.23","63.83","blackgram"
"44","75","15","28.58","63.53","7.69","74.92","blackgram"
"46","63","18","28.09","64.04","7.61","71.21","blackgram"
"31","71","20","29.06","68.44","7.4","62","blackgram"
"51","71","19","30.22","66.25","6.62","67.83","blackgram"
"43","56","19","31.19","64.78","7.15","65.96","blackgram"
"26","80","22","28.09","68.82","7","67.35","blackgram"
"24","68","18","32.88","62.88","7.26","66.71","blackgram"
"33","64","23","33.05","65.4","6.93","65.75","blackgram"
"44","63","18","30.73","67.84","6.85","71.78","blackgram"
"39","69","20","31.27","69.34","6.68","72.18","blackgram"
"58","61","20","25.47","68.48","7.37","65.37","blackgram"
"38","64","19","30.19","63.35","7.27","74.92","blackgram"
"37","78","22","28.93","63.54","6.93","74.92","blackgram"
"33","74","23","27.64","69.96","7.04","69.37","blackgram"
"38","65","17","29.61","63.63","6.73","63.02","blackgram"
"39","69","25","27.75","64.65","7.69","73.8","blackgram"
"38","55","21","30.93","66.55","7.31","68.39","blackgram"
"49","65","17","34.95","63.87","7.69","62.71","blackgram"
"20","77","24","30.67","65.99","6.82","72.19","blackgram"
"44","61","25","32.14","65.26","6.5","69.07","blackgram"
"24","74","22","25.1","68.47","7.38","67.65","blackgram"
"53","67","15","29.16","66.03","6.66","61.17","blackgram"
"60","55","15","25.1","69.35","7.14","60.42","blackgram"
"28","59","15","26.79","66.64","6.74","71.21","blackgram"
"21","66","19","30.89","66.33","7.48","70.34","blackgram"
"59","71","22","30.67","62.37","7.52","67.23","blackgram"
"20","63","19","30.1","60.27","6.59","65.17","blackgram"
"38","56","15","31.7","64.65","6.5","65.89","blackgram"
"53","62","20","28.59","67.71","7.2","64.25","blackgram"
"46","70","21","29.19","66.61","7.07","69.95","blackgram"
"43","72","16","31.15","61.12","6.57","60.42","blackgram"
"60","65","22","32.18","62.61","6.96","65.62","blackgram"
"41","65","25","27.67","67.59","7.02","74.92","blackgram"
"56","70","23","29.84","63.64","6.98","68.31","blackgram"
"56","60","23","29.37","69.84","6.91","74.92","blackgram"
"27","55","17","25.1","60.07","6.65","73.01","blackgram"
"28","68","23","34.26","69.96","7.04","65.48","blackgram"
"20","73","21","28.64","69.96","6.78","72.21","blackgram"
"45","66","20","27.19","65.06","6.6","71.23","blackgram"
"53","73","15","26.98","63.3","7","71.18","blackgram"
"49","60","19","28.16","68.89","6.5","63.48","blackgram"
"30","80","16","30.8","66.65","7.08","74.92","blackgram"
"40","64","15","33.06","68.65","7.26","67.21","blackgram"
"36","65","18","30.42","63.51","7.07","70.21","blackgram"
"36","59","25","28.01","60.07","6.97","60.42","blackgram"
"46","78","20","25.36","64.72","6.78","63.65","blackgram"
"56","61","19","33.03","65.92","7.78","62.91","blackgram"
"20","68","15","32.61","66.78","6.91","69.76","blackgram"
"20","70","18","28.7","66.07","6.5","64.21","blackgram"
"39","70","23","29.46","66.09","6.86","67.81","blackgram"
"39","63","18","32.76","63.75","7.5","69.96","blackgram"
"40","67","25","28.64","63.79","7.37","64","blackgram"
"37","63","15","32.04","64.83","6.98","71.82","blackgram"
"53","59","20","32.24","60.91","7.78","66.27","blackgram"
"60","80","19","27.06","62.72","7.78","67.84","blackgram"
"21","71","19","31.74","67.6","7.17","70.29","blackgram"
"40","58","20","26.89","65.69","7.72","68.82","blackgram"
"41","61","21","33.24","69.96","7.27","68.38","blackgram"
"50","68","25","27.81","63.41","7.53","67.87","blackgram"
"41","72","23","28.76","64.84","7.11","72.68","blackgram"
"44","78","21","26.04","60.07","6.94","73.02","blackgram"
"42","59","16","27.35","67.3","7.29","62.91","blackgram"
"21","69","15","28.69","61.83","7.02","66.45","blackgram"
"46","65","18","27.55","60.8","6.65","64.2","blackgram"
"20","80","20","32.19","69.34","7.21","65.57","blackgram"
"26","55","19","29.74","69.11","6.73","66.16","blackgram"
"23","78","15","30.39","67.46","7.72","72.28","blackgram"
"38","68","16","30.26","64.16","6.96","68.43","blackgram"
"60","79","15","34.73","62.51","7.68","65.61","blackgram"
"38","79","21","25.53","66.37","6.88","66.03","blackgram"
"45","65","24","29.5","60.24","7.07","64.3","blackgram"
"58","71","19","31.68","64.63","7.52","67.89","blackgram"
"47","59","20","28.46","66.52","6.56","73.45","blackgram"
"46","70","15","27.07","65.79","7.42","73.67","blackgram"
"38","72","19","31.39","62","7.52","68.83","blackgram"
"41","71","21","31.26","61.8","7.3","64.63","blackgram"
"48","76","15","25.1","62.43","7.78","71.08","blackgram"
"39","62","16","28.65","65.92","7.5","67.22","blackgram"
"40","66","22","29.76","64.63","6.94","63.88","blackgram"
"60","72","23","27.41","62.41","6.85","72.1","blackgram"
"33","67","16","27.11","63.75","7.33","68.36","blackgram"
"34","64","19","32.44","67.19","6.82","72.98","blackgram"
"36","69","16","29.33","64.75","7.16","65.81","blackgram"
"46","63","19","30.74","65.39","6.5","74.92","blackgram"
"43","73","19","30.69","64.54","7.43","66.74","blackgram"
"27","55","17","31","63.26","7.71","74.92","blackgram"
"37","66","21","34.8","65.45","6.7","74.11","blackgram"
"30","80","21","26.18","60.44","7.17","70.27","blackgram"
"55","71","18","26.61","64.45","7.42","73.95","blackgram"
"59","63","25","25.1","64.61","7.49","62.67","blackgram"
"43","63","18","30.07","62.72","7.31","70.23","blackgram"
"32","75","19","31.63","62.78","6.96","63.15","blackgram"
"24","63","18","32.45","66.11","7.78","72.67","blackgram"
"43","65","19","33.59","64.41","7.03","71.67","blackgram"
"28","68","18","29.19","64.25","7.4","65.44","blackgram"
"20","68","15","27.83","69.96","6.73","64.23","blackgram"
"57","67","18","34.95","65.32","7.42","71.66","blackgram"
"32","63","16","25.95","63.19","7.6","71.23","blackgram"
"30","69","17","28.86","67.48","7.35","72.12","blackgram"
"49","55","20","25.82","63.22","7.2","67.5","blackgram"
"38","65","18","27.21","69.96","7.15","67.13","blackgram"
"54","62","25","29.58","64.77","7.56","70.08","blackgram"
"26","78","23","28.32","62.18","7.26","66.24","blackgram"
"36","75","24","31.69","64.67","7.48","71.03","blackgram"
"54","77","24","30.71","64.56","7.29","74.54","blackgram"
"48","71","24","29.93","64.5","7.22","72.04","blackgram"
"21","69","17","29.41","66.55","7.14","68.33","blackgram"
"47","64","21","32.67","68.98","6.81","60.42","blackgram"
"30","67","20","31.31","65.17","7.09","74.92","blackgram"
"32","69","20","32.06","61.67","7.56","68.71","blackgram"
"39","66","17","29.31","69.96","7.37","74.92","blackgram"
"20","68","17","30.25","67.38","6.75","69.37","blackgram"
"31","69","15","31.67","62.1","7.78","67","blackgram"
"20","73","20","27.19","63.75","7.56","70.95","blackgram"
"20","64","21","25.44","67.09","7.77","68.18","blackgram"
"59","64","22","27.87","69.96","7.59","74.46","blackgram"
"31","69","17","30.65","61.58","7.29","65.46","blackgram"
"39","66","19","32.77","65.1","7.27","72.93","blackgram"
"42","69","17","30.67","63.41","7.58","65.07","blackgram"
"20","76","18","29.56","68.48","6.91","71.48","blackgram"
"39","55","18","29.79","63.71","6.83","64.39","blackgram"
"36","79","18","29.44","69.02","7.34","65.6","blackgram"
"40","75","17","32.89","66.08","6.7","67.6","blackgram"
"60","74","22","30.12","60.34","7.5","71.19","blackgram"
"39","80","18","28.35","63.29","7.34","65.09","blackgram"
"54","79","21","33","60.07","6.81","70.52","blackgram"
"26","70","19","29.88","66.69","6.95","74.92","blackgram"
"47","67","19","27.37","68.39","6.77","71.14","blackgram"
"28","68","23","27.13","60.07","6.83","69.12","blackgram"
"22","71","24","25.1","64.94","7.31","70.67","blackgram"
"34","66","21","31.62","67.64","6.5","60.42","blackgram"
"45","57","17","28.73","64.93","7.24","72.19","blackgram"
"34","78","21","27.8","60.07","6.94","64.48","blackgram"
"40","69","18","27.21","62.69","6.9","60.42","blackgram"
"24","69","21","28.98","69.96","7.2","72.53","blackgram"
"40","65","20","31.11","65.49","7.23","74.92","blackgram"
"59","60","19","34.29","64.66","6.93","70.88","blackgram"
"35","68","20","29.78","61.86","7.78","74.92","blackgram"
"21","65","23","26.66","68.35","7","63.55","blackgram"
"33","63","23","25.64","60.89","6.95","63.5","blackgram"
"34","80","20","29.08","66.94","7.45","64.75","blackgram"
"24","71","20","34.8","64.38","7.18","67.65","blackgram"
"53","62","25","25.44","63.87","7.77","67.34","blackgram"
"41","80","19","26.39","64.35","7.15","66.96","blackgram"
"33","68","18","31.51","62.69","6.85","73.58","blackgram"
"36","62","17","29.96","63.69","7.54","67.41","blackgram"
"28","77","17","32.53","66.59","7.34","63.2","blackgram"
"31","75","15","30.17","66.88","6.67","65.18","blackgram"
"27","77","25","31.21","66.57","7.06","67.52","blackgram"
"39","60","22","29.54","62.46","7.37","71.16","blackgram"
"60","76","18","32.97","63.66","6.52","67.73","blackgram"
"31","66","24","29.8","62.27","6.74","60.56","blackgram"
"57","60","18","30.25","66.63","7.15","64.93","blackgram"
"60","70","21","33.24","67.07","6.86","74.92","blackgram"
"31","62","20","29.71","66.98","6.5","70.96","blackgram"
"54","71","15","29.97","67.18","6.79","69.09","blackgram"
"60","68","17","25.1","62.42","6.68","67.03","blackgram"
"52","77","17","27.73","62.92","6.65","71.45","blackgram"
"31","65","18","25.31","64.83","6.5","73.07","blackgram"
"30","66","21","26.97","67.1","6.5","63.97","blackgram"
"28","66","15","31.11","64.55","7.26","68.4","blackgram"
"44","76","22","30.68","69.96","6.74","73.79","blackgram"
"40","70","20","28.51","68.53","6.79","64.54","blackgram"
"46","71","19","32.66","67.41","7.18","65.31","blackgram"
"33","57","17","30.71","65.2","7.19","64.11","blackgram"
"22","58","19","28.9","63.67","7.59","68.73","blackgram"
"40","65","16","26.29","69.96","6.98","74.64","blackgram"
"51","75","23","31.44","64.67","6.97","63.07","blackgram"
"32","62","23","27.71","66.55","7.66","68.21","blackgram"
"45","58","24","32.36","63.49","7.67","67.2","blackgram"
"60","63","21","31.2","68.79","6.79","72.12","blackgram"
"45","73","16","30.71","61.88","7.29","64","blackgram"
"27","69","15","30.89","62.15","6.87","72.38","blackgram"
"21","64","21","26.57","61.86","6.7","68.96","blackgram"
"39","78","25","28.09","64.58","7.33","71.81","blackgram"
"39","63","18","26.16","67.26","6.88","74.92","blackgram"
"35","61","16","34.95","64.61","7.22","67.5","blackgram"
"46","70","24","31.38","67.22","6.5","64.21","blackgram"
"54","64","23","28.79","69.96","7.11","64.02","blackgram"
"28","62","15","29.86","66.08","6.82","68.72","blackgram"
"60","80","22","31.46","65.53","7.07","66.89","blackgram"
"60","67","18","29.98","65.58","7.42","62.44","blackgram"
"60","64","19","30.21","69.1","6.87","66.59","blackgram"
"52","66","17","29.09","61.13","6.65","68.01","blackgram"
"37","61","18","30.98","66.44","7.01","63.89","blackgram"
"34","67","15","34.18","65.34","7.14","68.47","blackgram"
"54","65","15","31.96","65.09","7.17","66.8","blackgram"
"35","74","16","29.99","69.96","6.92","69.6","blackgram"
"20","73","21","30.61","62.31","6.53","64.83","blackgram"
"36","80","20","32.05","66.32","7.16","70.49","blackgram"
"24","74","22","27.43","68.71","7.01","70.24","blackgram"
"20","68","22","28.97","63.23","7.19","60.42","blackgram"
"47","57","23","29.82","67.38","7.44","71.13","blackgram"
"37","68","18","30","65.72","7.55","69.81","blackgram"
"57","66","18","28.05","67.51","6.73","64.23","blackgram"
"33","55","18","29.48","69.96","7.39","65.03","blackgram"
"60","74","22","25.6","65.36","6.87","65.75","blackgram"
"50","65","24","29.08","60.96","7.17","70.73","blackgram"
"29","74","22","28.62","65.97","6.88","64.08","blackgram"
"30","55","21","34.95","62.63","7.6","68.08","blackgram"
"45","80","15","29.78","62.1","6.9","63.3","blackgram"
"51","67","18","25.1","62.7","7.78","68.39","blackgram"
"38","69","18","31.99","61.68","6.66","68.96","blackgram"
"60","61","15","34.68","64.83","7.1","65.14","blackgram"
"50","65","15","33.97","64.29","7.13","74.56","blackgram"
"59","55","25","33.86","64.96","7.37","62.47","blackgram"
"22","76","21","28.11","64.6","7.12","60.42","blackgram"
"23","55","22","29.07","65.18","7.36","71.49","blackgram"
"29","58","20","31.7","66.49","7.23","67.54","blackgram"
"29","63","17","30.42","63.31","6.81","71.79","blackgram"
"25","62","15","25.54","62.35","6.5","64.81","blackgram"
"45","67","18","31.18","67.3","7.22","71.29","blackgram"
"29","63","20","33.22","65","7.78","71.85","blackgram"
"45","61","21","34.95","64.62","7.51","67.12","blackgram"
"53","65","24","30.81","65.08","7.15","68.05","blackgram"
"47","58","20","30.86","64.6","6.65","69.09","blackgram"
"52","69","22","26.62","65.49","6.98","63.02","blackgram"
"54","66","20","31.09","66.98","6.64","70.98","blackgram"
"46","76","23","30.24","69.96","7.43","60.42","blackgram"
"44","73","15","30.57","69.06","6.85","69.65","blackgram"
"40","63","22","26.88","67.1","7.42","70.24","blackgram"
"25","74","20","34.95","65.59","7.26","61.38","blackgram"
"30","55","18","28.86","65.63","7.28","69.38","blackgram"
"22","73","23","30.08","62.42","6.83","70.41","blackgram"
"42","70","15","34.95","65","7.05","68.15","blackgram"
"45","61","20","28.28","63.25","7.43","72.42","blackgram"
"49","79","16","31.43","65.29","7.55","67.58","blackgram"
"58","65","16","30.73","65.8","7.63","67.28","blackgram"
"44","72","20","32.38","62.94","6.81","67.3","blackgram"
"60","71","17","29.43","61.64","6.85","62.98","blackgram"
"40","58","21","31.87","65.43","7.59","63.45","blackgram"
"33","64","15","31.54","66.56","7.52","67.06","blackgram"
"41","65","20","29.52","61.13","6.79","66.13","blackgram"
"43","55","15","33.54","60.28","6.98","62.63","blackgram"
"50","76","24","32.69","66.05","6.69","68.06","blackgram"
"21","58","25","33.51","61.46","6.77","68.13","blackgram"
"33","70","22","28.42","64.86","7.03","74.49","blackgram"
"20","64","21","33.53","63.78","6.51","66.84","blackgram"
"23","70","20","32.04","63.96","6.85","67.52","blackgram"
"43","64","25","29.76","67.45","7.24","65.45","blackgram"
"42","71","25","30.38","64.03","7.07","65.28","blackgram"
"20","64","20","32.93","69.18","6.53","67.9","blackgram"
"53","57","21","27.09","67.62","6.92","72.4","blackgram"
"38","67","19","33.17","60.27","6.5","60.42","blackgram"
"30","61","21","27.19","60.47","6.88","74.92","blackgram"
"40","57","23","31.48","65.2","7.33","64.52","blackgram"
"20","61","25","30.71","62.24","7.43","67.81","blackgram"
"50","70","22","30.8","60.07","7.27","61.8","blackgram"
"36","60","21","31.83","67.4","7.48","69.58","blackgram"
"43","58","19","31.72","67.07","6.69","61.71","blackgram"
"33","58","20","28.97","69.33","6.58","69.88","blackgram"
"20","60","18","28.53","67.47","7.26","67.83","blackgram"
"55","75","20","27.76","67.48","7.35","66.66","blackgram"
"32","60","18","27.48","62.88","6.85","60.42","blackgram"
"39","69","24","29.24","67.35","7.35","66.08","blackgram"
"42","62","21","30.84","66.59","7.34","70.7","blackgram"
"29","68","16","30.7","62.43","6.95","74.79","blackgram"
"31","55","19","33.01","63.92","7.12","64.05","blackgram"
"47","70","18","30.33","64.22","7.68","65.27","blackgram"
"36","66","17","30.88","66.64","7.15","60.42","blackgram"
"60","66","22","28.15","69.31","6.93","69.72","blackgram"
"34","66","16","30.42","68.12","7","71.21","blackgram"
"53","73","25","29.92","62.4","6.81","67.68","blackgram"
"33","68","21","33.58","66.51","7.53","72.94","blackgram"
"49","65","25","28.88","67.19","7.09","69.19","blackgram"
"35","62","21","34.95","63.21","7.17","60.42","blackgram"
"26","75","22","28.2","66.57","6.5","69.32","blackgram"
"56","72","17","30.52","66.49","6.5","60.42","blackgram"
"26","60","20","31.15","60.07","6.6","67.83","blackgram"
"58","58","19","26.18","65.21","6.94","68.4","blackgram"
"25","63","18","32.69","64.16","7.03","67.96","blackgram"
"24","65","18","29.49","67.67","7.46","72.98","blackgram"
"41","77","20","26.67","67.31","7.59","72.02","blackgram"
"56","74","20","34.26","66.92","7.51","70.35","blackgram"
"42","71","16","34.6","67.89","6.5","61.66","blackgram"
"29","77","18","26.16","61.44","7.25","69.68","blackgram"
"49","72","21","32.55","66.5","7.17","68.31","blackgram"
"22","66","21","34.01","64.75","7.24","69.65","blackgram"
"51","79","17","32.13","65.23","7.28","72.97","blackgram"
"60","57","18","27.17","65.46","6.58","69.9","blackgram"
"57","59","19","29.22","63.69","6.84","63.13","blackgram"
"43","73","19","30.52","62.14","7.14","73.29","blackgram"
"53","62","19","33.15","62.89","7.78","61.19","blackgram"
"55","67","22","30.17","65.27","7.32","64.01","blackgram"
"24","73","23","26.21","67.54","6.65","60.89","blackgram"
"40","65","22","30.91","68.18","7.01","65.77","blackgram"
"49","64","18","31.23","66.51","7.04","67.33","blackgram"
"32","67","20","25.1","66.28","7.13","70.53","blackgram"
"45","56","16","31.56","63.96","7.78","70.27","blackgram"
"60","75","21","26.92","68.47","7","68.76","blackgram"
"51","63","22","26.9","68.95","6.93","70.76","blackgram"
"43","71","19","25.47","66.69","7.23","68.91","blackgram"
"23","65","16","33.1","61.68","6.68","67.42","blackgram"
"28","73","23","30.75","60.07","7.01","74.92","blackgram"
"29","70","20","28.78","60.46","7.03","64.46","blackgram"
"20","61","19","26.92","60.07","7.29","71.65","blackgram"
"26","62","18","27.26","60.57","7.24","62.22","blackgram"
"40","59","19","29.22","60.07","6.5","62.5","blackgram"
"48","62","19","28.73","65.48","6.91","72.94","blackgram"
"47","67","16","34","66.78","6.59","72.44","blackgram"
"29","76","20","26.85","64.88","7.23","72.75","blackgram"
"37","55","18","32.31","64.48","7.52","66.51","blackgram"
"31","64","21","27.06","64.07","7.74","72.88","blackgram"
"54","69","17","25.1","63.39","6.5","67.05","blackgram"
"23","74","20","32.97","68.82","6.65","68.06","blackgram"
"49","68","23","29.01","61.75","6.63","67.51","blackgram"
"37","77","19","27.28","67.08","6.5","69.05","blackgram"
"20","70","17","31.01","69.85","7.37","69.24","blackgram"
"30","80","16","33.72","65.27","7.31","63.24","blackgram"
"49","67","19","32.86","66.2","7.46","67.94","blackgram"
"27","71","21","26.86","66.21","7.78","63.94","blackgram"
"33","62","16","30.59","67.24","7.39","63.25","blackgram"
"40","67","25","25.7","64.41","7.36","73.77","blackgram"
"25","58","15","33.43","65.59","6.93","71.74","blackgram"
"43","80","17","30.95","62.38","6.5","66.01","blackgram"
"49","68","19","28.85","60.07","7.78","63.93","blackgram"
"35","65","17","29.29","64.98","7.67","71.86","blackgram"
"53","65","21","27.44","66.69","6.87","74.92","blackgram"
"60","68","17","33.18","69.96","7.16","69.71","blackgram"
"23","63","21","31.66","64.94","6.93","69.77","blackgram"
"20","75","17","30.51","60.94","7.61","71.45","blackgram"
"60","63","18","30.16","60.69","7.78","71.01","blackgram"
"26","70","22","25.1","61.45","6.92","69.26","blackgram"
"30","80","17","32.59","61.36","7.23","65.88","blackgram"
"55","70","15","28.77","67.45","6.92","68.68","blackgram"
"40","68","18","28.37","66.98","7.28","70.92","blackgram"
"38","60","17","25.1","64.34","7","68.85","blackgram"
"44","77","20","31.31","67.82","7.37","72.44","blackgram"
"31","57","16","32.45","64.84","7.35","69.38","blackgram"
"60","74","22","30.14","65.88","7.53","65.84","blackgram"
"20","75","19","28.24","66.07","6.88","67.9","blackgram"
"20","71","22","27.53","69.07","7.3","62.21","blackgram"
"20","69","19","31.81","64.58","6.5","64.41","blackgram"
"36","70","23","29.04","66.35","6.81","66","blackgram"
"59","70","21","32.87","61.18","7.16","60.42","blackgram"
"27","63","20","31.56","69.37","7.15","69.27","blackgram"
"35","68","18","30.82","64.87","7.78","68.03","blackgram"
"26","63","24","29.54","62.94","7.44","64.9","blackgram"
"31","69","16","31.92","66.03","7.56","69.5","blackgram"
"35","74","16","32.74","64.43","7.54","64.04","blackgram"
"27","71","22","28.99","66.17","7.78","70.7","blackgram"
"46","76","20","29.71","60.82","6.8","72.48","blackgram"
"39","64","15","31.61","67.15","7.44","68.24","blackgram"
"22","79","19","29.16","67.55","6.84","65.71","blackgram"
"58","65","19","26.81","61.36","7.06","64.15","blackgram"
"48","61","23","30.31","65.04","7.09","68.26","blackgram"
"28","68","19","27.48","63.07","6.86","71.66","blackgram"
"51","79","16","29.87","67.74","7.41","64.51","blackgram"
"38","67","20","32.13","62.84","7.35","69.68","blackgram"
"38","75","15","27.31","65.55","6.57","61.64","blackgram"
"39","62","21","26.32","62.42","7.12","65.93","blackgram"
"43","73","18","30.05","67.24","6.96","70.35","blackgram"
"39","67","21","25.1","65.76","7.16","69.57","blackgram"
"45","69","20","30.99","66.7","7.08","67.28","blackgram"
"60","72","20","30.76","65.8","6.88","67.62","blackgram"
"40","64","20","31.61","61.9","6.5","65.59","blackgram"
"22","74","18","33.07","62.36","7.58","70.58","blackgram"
"22","66","17","33.39","62.99","7.39","72.15","blackgram"
"45","63","18","32.51","63.53","6.94","64.37","blackgram"
"59","66","21","32.55","62.3","6.63","65.71","blackgram"
"42","80","25","34.74","69.96","7.14","71.34","blackgram"
"49","65","16","29.25","64.26","6.81","71.74","blackgram"
"41","70","18","25.86","65.74","6.62","70.33","blackgram"
"20","74","19","29.58","65.33","7.17","70.69","blackgram"
"51","66","18","26.45","65.53","7.02","71.35","blackgram"
"37","64","18","29.16","65.4","6.5","74.92","blackgram"
"60","73","17","31.75","66.64","7.23","74.92","blackgram"
"20","79","18","31.25","65.03","6.97","64.87","blackgram"
"20","71","19","30.14","65.65","6.97","64.51","blackgram"
"51","75","16","26.23","65.65","6.71","74.92","blackgram"
"36","72","19","34.95","69.19","7.13","67.65","blackgram"
"36","75","23","25.43","67.66","7.06","71.13","blackgram"
"38","73","19","27.4","68.74","6.63","64.87","blackgram"
"39","77","21","27.64","69.96","7.17","74.92","blackgram"
"20","61","18","25.1","66.21","7.21","71.87","blackgram"
"56","67","19","27.24","67.97","7.45","72.68","blackgram"
"25","60","23","29.29","62.2","7","68.25","blackgram"
"28","70","24","29.35","63.03","7.05","65.86","blackgram"
"38","59","16","27.77","65.31","7.78","67.87","blackgram"
"41","80","15","29.29","64.58","7.08","64.95","blackgram"
"28","76","20","28.25","60.67","7.7","68.04","blackgram"
"51","55","20","31.03","61.46","7.02","66.16","blackgram"
"52","66","23","30.59","62.15","7.53","70.54","blackgram"
"32","55","21","28.9","66.47","6.84","74.65","blackgram"
"60","59","21","29.52","62.7","7.25","62.86","blackgram"
"49","59","17","30.93","64.42","6.89","67.39","blackgram"
"32","77","18","32.68","62.17","7.43","67.72","blackgram"
"48","62","17","33.43","67.12","7.13","66.44","blackgram"
"48","75","15","30.03","66.01","7.63","74.09","blackgram"
"40","62","23","29.89","60.96","7.22","73.73","blackgram"
"30","63","23","26.13","65.48","6.7","67.34","blackgram"
"37","55","22","26.34","66.82","7.37","71.49","blackgram"
"54","70","23","31.51","64.37","6.95","72.36","blackgram"
"31","57","17","33.43","65.81","7.53","67.36","blackgram"
"30","61","17","25.91","67.22","7.19","62.46","blackgram"
"38","75","22","31.09","63.95","7.7","69.89","blackgram"
"52","64","17","28.34","66.98","7.39","71.24","blackgram"
"20","59","25","33.34","62.12","7.31","63.17","blackgram"
"23","68","17","33.8","69.89","7.58","70.38","blackgram"
"38","72","20","30.89","67.82","7.16","62.89","blackgram"
"40","64","18","28.97","65.45","7.28","67.25","blackgram"
"42","72","25","29.07","69.26","6.96","62.77","blackgram"
"39","69","21","30.64","61.26","7.52","73.09","blackgram"
"27","75","16","30.49","64.35","6.5","64.84","blackgram"
"31","68","21","32.83","64.08","7.45","69.11","blackgram"
"41","73","19","32.55","68.81","7.25","72.8","blackgram"
"35","71","22","32.51","69.81","7.43","63.51","blackgram"
"29","55","22","28.93","65.72","7.1","65.83","blackgram"
"60","75","21","27.49","65.01","6.83","65.63","blackgram"
"42","71","20","30.78","69.96","6.72","60.76","blackgram"
"36","55","20","32.6","66.93","7.58","70.15","blackgram"
"38","68","19","28.1","61.6","7.49","69.79","blackgram"
"39","70","15","30.15","61.48","6.76","63.89","blackgram"
"38","69","20","32.33","60.07","7.08","62.23","blackgram"
"50","63","22","31.56","67.13","7.69","66.91","blackgram"
"36","61","17","30.47","64.97","6.68","64.5","blackgram"
"51","69","22","34.95","67.9","7.19","60.42","blackgram"
"33","61","15","28.64","65.13","6.5","68.08","blackgram"
"32","70","18","29.51","64.48","7.44","69.86","blackgram"
"36","71","17","28.92","65.87","7.14","68.03","blackgram"
"32","69","21","26.82","67.32","7.43","63.28","blackgram"
"41","59","23","34.07","60.93","6.55","69.25","blackgram"
"44","80","15","31.96","68.92","6.81","68.52","blackgram"
"44","80","22","31.58","65.07","7.09","67.16","blackgram"
"45","73","15","30.4","69.96","7.78","71.82","blackgram"
"46","62","17","33.49","67.58","7.07","69.05","blackgram"
"51","80","25","33.26","63.41","7.52","67.75","blackgram"
"51","67","22","27.4","60.74","7.5","72.01","blackgram"
"21","57","16","31.95","60.07","7.39","61.69","blackgram"
"55","65","17","29.73","65.04","7.35","63.28","blackgram"
"20","80","16","29.28","67.24","6.9","71.61","blackgram"
"45","58","22","31.14","65","7.06","60.42","blackgram"
"52","70","21","34.95","66.93","7.49","69.77","blackgram"
"105","46","42","25","66.3","6.28","91.45","wheat"
"105","56","30","20.43","56.02","6.5","90.83","wheat"
"108","51","54","21.26","56.92","6.84","80.54","wheat"
"118","55","51","20.28","64.67","6.94","86.96","wheat"
"99","54","40","20.05","54.72","7.05","65.98","wheat"
"105","44","33","15.51","63.55","6.79","60.36","wheat"
"100","58","41","15.32","55.25","7.08","106.46","wheat"
"81","58","42","18.13","58.48","6.79","85.32","wheat"
"101","45","51","20.77","62.6","6.94","95.36","wheat"
"117","65","31","19.91","62.87","6","83.47","wheat"
"88","57","50","20.15","58","7.58","86.69","wheat"
"123","65","36","22.05","56.42","6.54","92.48","wheat"
"84","43","53","18.78","66.27","7.36","69.5","wheat"
"97","62","55","19.69","54.98","6.91","105.85","wheat"
"103","44","50","18.9","58.77","6.8","98.83","wheat"
"103","54","42","23.94","63.54","6.38","88.88","wheat"
"130","52","49","16.02","63.41","6.05","74.2","wheat"
"97","41","51","12.82","66.64","6.66","72.33","wheat"
"107","63","37","12","60","7.19","63.01","wheat"
"106","40","50","15.5","58.66","7.18","87.47","wheat"
"113","48","44","13.41","58.22","8","87.5","wheat"
"103","53","31","14.27","65.69","6.11","83.21","wheat"
"91","65","46","17.5","50","6.79","60.33","wheat"
"113","43","30","18.68","60.94","6.4","93.9","wheat"
"104","46","52","14.52","60.8","7.17","69.2","wheat"
"85","58","44","15.59","51.76","6.86","98.25","wheat"
"130","61","45","17.03","55.09","7.42","68.98","wheat"
"113","52","43","18.67","60.32","7.39","98.38","wheat"
"86","41","45","18.89","59.52","7.6","85.49","wheat"
"108","65","45","19.79","70","6.78","94.26","wheat"
"99","49","36","16.44","57.22","7.14","81.77","wheat"
"95","42","47","17.48","64.85","7.25","79","wheat"
"101","46","37","22.84","60.28","7.48","83.75","wheat"
"103","53","44","25","67.94","6.95","90.23","wheat"
"115","52","40","22.1","53.15","7.68","74.64","wheat"
"129","40","48","17.59","60.32","6.16","87.51","wheat"
"120","43","55","20.34","65.24","7.02","75.3","wheat"
"98","42","46","18.23","63.72","6.79","50","wheat"
"115","43","42","16.61","61.03","7.93","100.02","wheat"
"107","52","55","17.74","62.28","6.5","87.84","wheat"
"100","51","38","20.36","64.73","6.52","81.72","wheat"
"94","50","37","16.21","56.43","7.25","81.92","wheat"
"119","47","45","21.36","56.06","7.23","50","wheat"
"125","59","51","14.52","58.31","7.7","77.06","wheat"
"101","58","38","16.89","65.19","7.37","74.52","wheat"
"108","53","42","14.92","69.43","7.13","85.14","wheat"
"92","64","47","18.51","57.58","6.93","94.85","wheat"
"83","49","38","16.73","56.32","7.54","91.89","wheat"
"113","53","53","13.47","64.66","7.55","78.45","wheat"
"121","48","47","20.57","55.11","6.65","65.32","wheat"
"98","51","45","17.44","58.99","7.94","101.51","wheat"
"93","50","39","15.88","56.82","7.68","79.21","wheat"
"96","60","46","16.33","70","6.48","107.17","wheat"
"109","58","42","18.19","59.59","7.1","85.41","wheat"
"90","64","48","22.86","62.31","7.59","50","wheat"
"99","40","36","14.72","68.41","6.5","87.23","wheat"
"128","52","37","16.27","59.31","6.81","96.27","wheat"
"80","50","30","18.53","60.59","6.51","60.27","wheat"
"114","40","45","22.42","56.3","7.17","99.11","wheat"
"104","50","37","14.22","52.44","7.24","50","wheat"
"81","56","35","22.82","58.01","6.61","95.76","wheat"
"101","48","34","12.7","51.97","7.25","80.69","wheat"
"126","62","45","15.98","66.29","7.49","70.07","wheat"
"112","49","45","20.24","61.34","6.66","51.34","wheat"
"97","50","54","16.07","64.56","6.95","59.64","wheat"
"91","50","32","16.48","65.33","6.64","75.1","wheat"
"106","51","40","17.71","54.98","7.5","70.28","wheat"
"107","52","37","21.75","53.18","7.4","76.77","wheat"
"109","51","47","18.47","57.09","6.84","101.84","wheat"
"114","65","49","20.1","50","6.23","96.96","wheat"
"110","60","46","17.88","63.25","7.62","63.44","wheat"
"115","48","30","19.21","69.76","6.49","94.6","wheat"
"126","40","41","14.02","64.5","7.22","67.61","wheat"
"112","52","47","14.27","60.47","7.61","77.13","wheat"
"113","46","44","16.57","59.86","6.73","77.12","wheat"
"86","53","54","17.04","61.54","7.06","82.92","wheat"
"90","52","41","18.25","60.53","7.43","64.95","wheat"
"93","57","33","16.65","61.63","6.58","80.58","wheat"
"108","50","39","17.99","60.83","6.98","67.49","wheat"
"84","44","38","14.37","60.94","8","76.79","wheat"
"107","44","44","17.32","63.4","7.26","68.13","wheat"
"105","40","48","25","63.86","7.31","65.77","wheat"
"105","64","53","14.73","57.38","7.44","84.57","wheat"
"96","65","50","15.94","59.46","6.6","71.49","wheat"
"98","51","30","19.91","55.91","7.26","77.47","wheat"
"97","40","49","17.14","61.32","7.38","84.53","wheat"
"91","45","39","18.7","55.33","6","90.99","wheat"
"97","53","35","15.75","64.41","7.07","85.79","wheat"
"105","48","50","19.31","59.25","7.22","67.67","wheat"
"111","40","44","20.31","58.02","7.42","67.15","wheat"
"85","53","46","16.5","69.94","7.14","71.75","wheat"
"112","51","51","17.34","66.97","7.89","68.07","wheat"
"110","46","53","17.42","64.17","7.15","50","wheat"
"108","53","55","14.34","60.87","6.08","105.77","wheat"
"121","62","48","15.67","59.2","7.15","69.76","wheat"
"82","49","46","16.78","63.52","6.86","90.26","wheat"
"116","52","42","21.67","57.57","7.2","56.2","wheat"
"96","50","30","21.96","59.41","6.97","84.08","wheat"
"89","57","35","21.69","55.63","6.9","92.48","wheat"
"110","61","36","16.8","57.65","6.38","85.3","wheat"
"120","50","55","16.66","63.91","6.63","92.24","wheat"
"90","42","34","17.76","63.93","6.95","74.41","wheat"
"107","48","38","17.52","65.11","7.36","77.13","wheat"
"111","54","38","21.04","50","6.96","50","wheat"
"114","52","45","19.24","55.12","6.85","85.53","wheat"
"118","57","48","24.71","50.96","6.53","110","wheat"
"100","55","43","20.15","54.46","6.82","50","wheat"
"91","65","42","18.92","50","7.34","78.77","wheat"
"114","48","42","19.23","54.39","7.28","88.99","wheat"
"112","44","45","19.39","60.98","7.13","78.65","wheat"
"115","60","43","21.17","53.76","6.33","89.39","wheat"
"101","56","38","17.47","64.25","6.68","73.07","wheat"
"108","53","35","19.76","54.79","6","59.41","wheat"
"118","63","44","19.3","51.72","7.62","76.86","wheat"
"117","58","33","14.41","62.62","6.9","67.41","wheat"
"103","55","47","16.17","65.51","6.48","77.92","wheat"
"110","60","30","16.99","59.75","6.91","96.48","wheat"
"120","51","43","22.91","68.55","7.14","103.24","wheat"
"105","59","43","20.44","60.9","6.38","54.38","wheat"
"95","61","41","23.05","64.21","6.47","78.21","wheat"
"113","51","43","20.13","60.53","7.07","102.47","wheat"
"106","54","38","16.62","60.04","6.83","75.86","wheat"
"94","45","52","16.02","64.12","7.56","89.48","wheat"
"120","48","54","19.32","58.69","7.1","64.39","wheat"
"116","48","32","12","59.86","6.77","92.17","wheat"
"96","65","49","16.74","56.74","6.83","81.62","wheat"
"105","44","38","20.41","56.34","6.38","70.52","wheat"
"109","59","38","20.13","59.27","6.73","64.19","wheat"
"100","60","52","19.04","60.5","6.11","83.92","wheat"
"108","55","49","23.31","61.95","6.99","80.78","wheat"
"105","44","55","18.22","63.99","6.6","61.53","wheat"
"98","65","46","16.48","64.96","7.95","108.45","wheat"
"99","56","39","21.86","62.05","7.25","77.55","wheat"
"116","48","41","18.59","57.09","6.71","90.79","wheat"
"98","57","35","17.07","57.68","7.07","80.11","wheat"
"121","64","31","18.84","58.56","7.33","71.65","wheat"
"110","52","46","16.78","65.62","6.25","68.57","wheat"
"113","52","36","18.28","55.93","7.45","85.69","wheat"
"111","46","47","20.76","58.8","7.05","78.07","wheat"
"104","46","42","20.25","64.21","7.35","73","wheat"
"80","56","47","24.14","66.49","6.39","78.86","wheat"
"102","42","36","13.42","65.12","6.18","71.88","wheat"
"108","51","32","15.34","58.34","7.4","80.29","wheat"
"121","58","38","18.68","64.93","8","57.29","wheat"
"119","48","34","13.63","62.25","6.83","66.38","wheat"
"104","55","46","23.31","61.64","6.78","80.81","wheat"
"113","44","38","14.14","59.43","6.42","81.3","wheat"
"88","46","37","23.32","67.74","6.07","62.19","wheat"
"80","55","30","20.47","51","7.9","66.48","wheat"
"119","47","33","18.38","57.55","7.38","76.5","wheat"
"107","40","38","20.33","65.19","6.92","62.6","wheat"
"109","51","41","22.43","56.04","6.85","81.51","wheat"
"107","46","38","21.88","62.09","6.94","65.55","wheat"
"96","56","49","15.73","59.1","6.78","96.61","wheat"
"122","46","41","20.21","57.65","7.63","103.49","wheat"
"107","49","45","20.08","61.34","6.66","50","wheat"
"101","45","38","16.83","64.45","7.37","86.15","wheat"
"115","58","38","17.06","66.28","6.4","79.2","wheat"
"100","52","44","18.86","61.71","6","76.68","wheat"
"86","59","42","22.27","61.82","6.84","73.55","wheat"
"110","40","42","19.06","63.33","7.29","50","wheat"
"97","57","34","15.15","54.26","7.35","108.77","wheat"
"115","54","43","14.4","66.28","7.22","73.01","wheat"
"116","41","39","21.84","58.79","7.74","68.31","wheat"
"114","49","31","16.42","64.29","6.89","50","wheat"
"130","42","33","13.71","63.02","7.09","78.44","wheat"
"119","62","30","14.47","61.48","7.85","55.64","wheat"
"105","44","38","20.33","56.31","7.89","75.2","wheat"
"123","51","45","12.85","67.77","6.87","85.33","wheat"
"95","56","39","15.76","70","7.43","52.4","wheat"
"96","52","36","20.01","63.91","7.49","51.71","wheat"
"114","58","42","15.84","57.11","7.82","76.3","wheat"
"107","47","40","18.39","57.05","7.28","84.22","wheat"
"118","50","43","12","54.92","6.32","84.35","wheat"
"91","48","46","17.72","53.32","7.6","57.15","wheat"
"111","62","43","17.54","61.59","6.77","102.78","wheat"
"101","64","38","16.32","53.52","7.28","108.78","wheat"
"102","58","53","20.79","57.73","7.58","50","wheat"
"114","65","55","18.3","60.72","7.7","85.45","wheat"
"88","62","48","18.26","60.35","6.62","71.45","wheat"
"130","52","41","14.55","62.69","6.96","73.51","wheat"
"101","49","32","14.52","57.83","6.34","80.37","wheat"
"103","47","45","23.24","55.43","6.98","94.53","wheat"
"104","53","34","18.59","60.88","7.71","60.22","wheat"
"98","63","40","21.05","52.73","7.84","78.74","wheat"
"94","45","42","20.36","59.11","7.67","86.55","wheat"
"88","61","41","19.8","69.24","6.83","91.31","wheat"
"106","57","41","15.34","50.74","6.44","66.39","wheat"
"93","47","48","12","53.39","7.99","79.13","wheat"
"118","47","42","20.82","60.49","7.65","94.6","wheat"
"95","63","49","19.36","64.91","6.79","51.55","wheat"
"121","45","43","20.76","62.85","6","90.97","wheat"
"104","62","47","15.71","62.37","6.65","87.87","wheat"
"92","60","45","21.44","61.66","6.55","56.81","wheat"
"118","63","46","20.77","57.2","6.5","92","wheat"
"111","52","30","15.27","54.27","6.6","91.29","wheat"
"91","56","35","16.73","62.18","6.74","72.72","wheat"
"99","53","53","16.77","65.26","7.32","51.1","wheat"
"106","50","37","20.38","51.81","6.97","85.38","wheat"
"101","54","51","14.85","58.42","7.37","94.73","wheat"
"91","42","50","16.42","59.15","7.02","95.35","wheat"
"111","53","38","15.08","64.3","6.39","86.01","wheat"
"94","52","43","18.08","66.22","6.5","89.73","wheat"
"94","55","35","21.32","52.52","7.19","110","wheat"
"128","47","53","20.86","55.58","6.94","87.59","wheat"
"104","41","39","19.2","62.26","7.73","92.36","wheat"
"116","65","50","18.41","59.06","7.32","64.65","wheat"
"108","57","30","12","55.31","7.21","108.45","wheat"
"96","43","47","24.67","50.76","7.75","61.75","wheat"
"104","56","55","21.1","60.98","6.84","52.78","wheat"
"109","62","38","14.53","58.68","6.9","91.61","wheat"
"103","48","35","20.01","58.96","7.25","79.71","wheat"
"110","56","43","18.83","60.95","6.82","63.64","wheat"
"112","53","53","22","70","7.06","64.55","wheat"
"123","50","53","18.01","61.01","6.38","101.3","wheat"
"89","51","33","21.4","57.58","7.42","73.92","wheat"
"121","60","42","15.28","50","7.67","75.3","wheat"
"118","42","33","18.06","57.01","7.41","73.28","wheat"
"91","47","44","21.29","52.12","7.3","79.34","wheat"
"110","55","40","21.63","53.36","7.08","90.1","wheat"
"86","50","46","19.37","54.95","6.14","54.1","wheat"
"101","54","35","16.84","54.13","6.74","64.78","wheat"
"116","54","36","13.48","59.47","6.75","76.07","wheat"
"115","52","35","17.45","54.8","7.48","94.68","wheat"
"96","50","44","17.88","64.24","7.06","91.57","wheat"
"99","45","41","18.85","57.72","8","99.26","wheat"
"114","57","45","14.34","58.98","7.46","81.94","wheat"
"87","55","36","17.1","60.72","7.72","92.7","wheat"
"108","55","52","13.82","61.23","7.01","88.03","wheat"
"110","47","38","21.5","50.59","6.35","83.77","wheat"
"84","54","47","19.76","53.68","6.55","59.58","wheat"
"94","59","36","13.91","50","6.94","68.73","wheat"
"95","58","54","20.09","64","7.49","52.68","wheat"
"122","44","37","15.53","63.16","6.71","66.06","wheat"
"95","52","37","17.32","62.1","7.6","67.89","wheat"
"95","55","44","19.33","70","6.8","69.88","wheat"
"103","57","44","12","60.94","6.67","87.52","wheat"
"98","62","33","22.5","52.91","6.54","71.26","wheat"
"102","40","43","17.18","64.04","6.15","73.51","wheat"
"111","53","42","17.8","57.33","7.17","65.07","wheat"
"105","55","35","14.68","70","8","109.87","wheat"
"110","60","41","15.04","50","7.84","64.1","wheat"
"104","49","39","16.03","56.55","7.59","65.66","wheat"
"103","52","55","12","54.71","7.34","50","wheat"
"115","57","47","14.31","63.88","6.59","86.67","wheat"
"90","63","44","19.67","60.83","7.32","110","wheat"
"112","50","53","21.8","57.32","6.94","97.76","wheat"
"93","54","49","16.61","64.99","7.01","55.03","wheat"
"104","58","30","22.2","51.33","6.78","59.55","wheat"
"97","44","40","15.09","59.11","7.42","110","wheat"
"118","40","43","18.87","57.47","7.06","98.16","wheat"
"82","57","50","16.73","59.82","7.47","77.69","wheat"
"124","65","37","16.03","70","6.62","102.72","wheat"
"87","47","45","18.87","63.81","6.84","64.59","wheat"
"95","46","52","17.87","56.28","7.07","89.98","wheat"
"114","61","50","12.37","60.34","7.22","74.89","wheat"
"101","43","42","13.25","60.45","6.98","87.4","wheat"
"103","44","46","13.2","63.88","6","79.89","wheat"
"108","56","42","16.3","56.46","6","51.02","wheat"
"108","46","38","17.74","57.98","6.46","95.06","wheat"
"110","53","45","18.32","63.97","6.26","68.79","wheat"
"101","49","52","19.16","52.96","7.03","92.47","wheat"
"97","54","34","17.04","52.35","6.16","60.75","wheat"
"110","43","36","15.8","67.96","6.56","94.48","wheat"
"101","62","30","17.45","62.12","7.51","95.28","wheat"
"99","65","38","21.54","57.64","8","103.15","wheat"
"104","64","47","21.49","58.06","6.69","62.66","wheat"
"130","57","41","17.35","64.17","7.36","82.78","wheat"
"94","58","34","14.42","60.51","6.78","69.4","wheat"
"108","43","51","16.7","52.76","6.71","74.07","wheat"
"114","44","39","17.58","65.33","6.73","64.26","wheat"
"129","53","45","19.71","62.55","6","66.28","wheat"
"102","56","48","16.89","54.29","7.99","59.41","wheat"
"120","57","37","14.5","59.64","7.06","62.3","wheat"
"120","53","39","15.39","54.75","7","53.31","wheat"
"104","43","43","22.41","55.53","7.2","88.99","wheat"
"123","48","36","22.31","53.97","7.57","88","wheat"
"101","65","38","22.93","70","7.46","94.58","wheat"
"102","54","46","24.47","64.5","7.24","95.51","wheat"
"114","65","40","14.33","59.74","7.85","93.99","wheat"
"117","47","48","18.78","60.77","6.59","56.89","wheat"
"114","62","46","13.52","61.83","7.42","85.15","wheat"
"118","53","43","20.88","59.38","6.69","97.26","wheat"
"99","54","42","19.02","61.77","7.12","81.57","wheat"
"83","40","48","14.4","57.8","7.34","86.65","wheat"
"117","45","35","16.01","60.78","7.59","78.67","wheat"
"117","65","37","18.65","57.48","6.75","88.2","wheat"
"115","56","41","17.6","68.8","6.29","91.86","wheat"
"112","49","47","19.84","62.85","6","81.09","wheat"
"88","54","44","16.56","53.85","7.05","75.52","wheat"
"98","52","55","18.6","65.28","6.94","77.07","wheat"
"116","57","49","20.89","62.95","6.84","50","wheat"
"95","51","38","20.14","63.33","7.26","90.19","wheat"
"90","47","50","16.06","58.45","6.92","71.94","wheat"
"110","54","36","24.19","63.47","6.6","78.04","wheat"
"98","42","46","14.47","65.8","6.67","67.04","wheat"
"103","62","41","12","67.05","6.91","110","wheat"
"126","53","42","18.28","59.56","7.04","50","wheat"
"106","44","46","19.03","57.63","7.58","76.61","wheat"
"123","53","51","20.53","55.5","6.79","81.03","wheat"
"98","51","38","21.18","61.16","7.51","99.38","wheat"
"114","65","42","17.3","61.57","7.28","81.55","wheat"
"130","52","41","14.28","62.74","7.31","101.44","wheat"
"123","57","43","19.7","55.18","6.74","72.99","wheat"
"109","55","46","14.03","59.07","7.29","82.89","wheat"
"92","58","40","18.62","58.4","7.38","62.26","wheat"
"116","46","45","19.96","67.68","7.58","91.81","wheat"
"97","64","43","13.67","64.94","6.17","54.27","wheat"
"119","53","30","23.08","59.37","7.23","86.69","wheat"
"108","52","35","20.73","57.3","7.16","83.06","wheat"
"107","54","43","18.27","63.64","7.28","70.68","wheat"
"123","51","50","19.73","57.24","7.59","83.95","wheat"
"123","44","39","17.64","59.96","6.77","90.12","wheat"
"102","55","38","20.04","50.34","6.04","103.42","wheat"
"106","49","37","18.92","63.55","6.91","71.85","wheat"
"110","58","39","19.32","56.03","6.6","73.38","wheat"
"114","41","39","19.15","61.04","6.6","98.92","wheat"
"102","40","51","23.86","59.17","7.28","74.89","wheat"
"119","49","45","17.19","56.83","7.21","64.49","wheat"
"104","53","30","13.39","63.17","6.89","70.26","wheat"
"100","42","45","20.21","57.12","7.01","80.51","wheat"
"97","40","37","21.9","59.39","6.83","61.45","wheat"
"85","59","44","19.76","58.21","6.88","64.09","wheat"
"93","40","42","12","60.95","6.7","95.28","wheat"
"100","46","48","23.91","56.67","7.62","85.53","wheat"
"113","56","34","15.03","64.94","7.48","63.01","wheat"
"92","47","51","18.95","54.16","6.43","82.39","wheat"
"114","48","32","13.79","58.31","7.29","86.2","wheat"
"104","57","41","17.38","64.13","7.69","93","wheat"
"92","54","39","18.61","60.66","7.52","71.47","wheat"
"85","42","47","18.87","54.43","6.99","89.23","wheat"
"103","45","43","18.36","62.42","6.66","53.95","wheat"
"107","44","30","20.31","68.48","6.99","98.16","wheat"
"112","48","42","19.06","60.58","6.93","76.67","wheat"
"100","55","30","14.86","51.88","7.02","109.79","wheat"
"88","47","40","18.05","55.1","7.18","87.45","wheat"
"121","56","43","21.37","67.1","6.63","98.42","wheat"
"102","44","44","17.29","59.78","6.3","87.73","wheat"
"120","46","48","12.78","59.94","7.46","81.82","wheat"
"110","46","52","17.7","56.71","6.29","103.7","wheat"
"106","55","30","17.99","60.46","6.7","70.3","wheat"
"106","64","46","12","68.62","6.83","67.46","wheat"
"93","59","48","16.81","63.62","6.96","84.19","wheat"
"101","51","30","20.61","55.28","6.8","83.69","wheat"
"121","48","44","21.82","57.75","7.07","100.18","wheat"
"87","56","48","16.76","70","7.76","79.69","wheat"
"110","58","52","20.24","63.89","6.74","77.14","wheat"
"100","51","48","20.88","55.07","6.78","57.04","wheat"
"100","43","30","17.12","58.71","6.41","80.41","wheat"
"80","49","42","18.97","64.07","6.82","84.13","wheat"
"100","56","46","19.72","57.21","7.45","73.01","wheat"
"102","62","48","14.59","65.58","7.79","98.25","wheat"
"92","64","55","20.1","50","7.1","84.58","wheat"
"100","53","50","13.4","55.87","7.18","59.18","wheat"
"91","58","39","15.78","65.04","6.76","65.88","wheat"
"130","58","36","15.09","58.49","7.6","66.77","wheat"
"107","60","30","23.23","70","7.87","68.28","wheat"
"113","58","30","13.96","58.49","6.7","84.9","wheat"
"111","58","51","19.53","66.46","7.3","60.54","wheat"
"98","53","42","21.28","54.72","7.09","91.61","wheat"
"114","55","42","20.61","61.04","7.76","89.15","wheat"
"109","54","31","19.59","61.88","8","61.89","wheat"
"92","43","51","20.94","58.47","7.84","61.08","wheat"
"109","46","48","14.97","66.55","6.5","89.05","wheat"
"129","42","30","19.78","60.8","6.67","77.85","wheat"
"106","61","46","16.05","62.76","6.3","71.01","wheat"
"80","49","36","13.76","65.26","6.72","79.97","wheat"
"99","60","45","22.21","65.3","7.59","105.25","wheat"
"82","57","42","21.72","66.11","7.59","77.24","wheat"
"95","49","48","17.95","55.68","6.56","90.38","wheat"
"84","40","44","22.84","65.53","7.05","79.76","wheat"
"115","54","49","16.55","61.03","6.83","92.66","wheat"
"128","41","43","17.68","59.64","6.48","50.81","wheat"
"94","49","30","14.06","56.1","6","91.38","wheat"
"119","65","44","17.74","51.4","7.01","90.61","wheat"
"100","49","47","19.35","56.4","6.35","87.11","wheat"
"119","56","53","23.57","54.69","6.6","97.76","wheat"
"103","57","44","18.8","58.97","6.76","66.68","wheat"
"93","56","49","15.91","61.77","6.98","93.59","wheat"
"110","44","45","19.33","65.22","7.47","61.71","wheat"
"98","42","36","16.26","58.02","7.2","63.98","wheat"
"93","59","46","16.95","65.66","7.28","95.02","wheat"
"104","47","46","16.86","55.28","6.26","59.02","wheat"
"115","40","39","15.43","59.21","6.39","62.14","wheat"
"110","45","48","17.87","65.2","6.36","102.36","wheat"
"108","63","46","21.41","65.56","7.49","69.97","wheat"
"108","56","30","18.84","62.2","6.31","74.58","wheat"
"107","49","39","12.93","58.46","6.24","97.92","wheat"
"104","54","38","13.29","58.96","6.42","96.55","wheat"
"125","50","51","21.73","60.62","7.05","57.29","wheat"
"101","46","46","19.17","56.77","6.68","81.25","wheat"
"105","46","44","18.08","55.68","7.52","87.06","wheat"
"99","60","45","17.17","66.95","7.63","68.41","wheat"
"80","49","49","21.07","61.32","6.45","92.54","wheat"
"102","64","33","14.85","59.81","7.43","85.38","wheat"
"99","52","41","17.86","57.35","7.06","75.75","wheat"
"104","56","41","20.09","51.46","6.73","79.83","wheat"
"103","57","49","20.53","62.63","6.97","92.61","wheat"
"116","52","41","16.25","54.17","6.57","68.68","wheat"
"97","55","40","13.94","63.49","7.52","70.03","wheat"
"104","51","34","18.88","65.22","6.36","96.67","wheat"
"118","51","32","12.5","59.9","6.7","60.72","wheat"
"101","52","43","18.72","60.17","6.85","96.74","wheat"
"121","58","45","23.68","60.99","6.2","69.44","wheat"
"101","54","41","16.16","64.46","7.62","82.72","wheat"
"108","52","55","15.4","56.15","6.95","55.47","wheat"
"120","50","53","18.79","64.55","6.73","86.11","wheat"
"84","45","47","12.86","61.65","6.87","90.18","wheat"
"104","56","44","19.18","64.1","6.7","75.79","wheat"
"85","53","50","21.51","60.46","6.38","95.84","wheat"
"104","50","39","16.52","60.53","6.88","107.2","wheat"
"93","62","41","15.3","62.25","6.65","87.23","wheat"
"95","48","47","19.27","67.39","7.29","66.17","wheat"
"84","59","30","19.26","60.38","6.44","79.38","wheat"
"97","59","30","19.41","50.52","6.59","77.33","wheat"
"98","49","43","17.43","54.55","6.75","84.84","wheat"
"121","42","34","18.09","60.29","7.02","61.51","wheat"
"96","56","49","17.32","57.69","6.96","86.49","wheat"
"96","47","51","15.53","58.8","6.31","95.43","wheat"
"112","53","47","16.13","62.23","7.47","85.72","wheat"
"91","61","45","18.54","65.57","6.49","95.66","wheat"
"116","55","55","15.22","55.61","6.76","67.62","wheat"
"105","56","42","21.88","50","7.2","98.33","wheat"
"121","52","40","20.57","57.79","7.88","50","wheat"
"89","45","40","13.79","64.72","6.4","87.52","wheat"
"98","58","51","20.95","66.01","6.9","94.72","wheat"
"97","65","44","15.48","59.55","6.67","93.47","wheat"
"101","52","55","20.03","57.1","6.17","110","wheat"
"109","56","48","13.1","65.79","6","72.68","wheat"
"120","46","42","18.51","53.8","6.44","94.23","wheat"
"97","61","41","21.11","61.92","7.58","74.09","wheat"
"109","50","51","16.73","54.54","7.34","66.76","wheat"
"94","44","31","21.09","62.5","7.24","62.33","wheat"
"100","53","46","19.32","58.55","6.94","87.62","wheat"
"102","55","42","14.4","65.13","6.44","67.4","wheat"
"127","56","40","23.11","57.24","7.92","93.74","wheat"
"104","50","42","18.93","64.48","6.22","60.48","wheat"
"99","53","42","19.99","55.51","7.46","69.77","wheat"
"101","41","49","19.49","53.91","6.95","96.82","wheat"
"93","45","40","13.68","59.72","7.45","87.28","wheat"
"107","51","55","16.87","70","7.27","87.36","wheat"
"111","51","42","14.43","56.86","7.09","64.87","wheat"
"127","60","44","18.1","69.7","6.95","54.46","wheat"
"100","56","52","22.71","52.85","7.5","109.11","wheat"
"104","56","54","19.42","55.78","7.74","108.52","wheat"
"108","65","41","23.51","50.5","6.95","83.37","wheat"
"92","55","46","19.18","50","7.49","50","wheat"
"124","59","48","17.79","54.08","6.5","107.31","wheat"
"92","56","39","17.78","52.48","6","78.73","wheat"
"111","58","55","15.04","61.18","6.23","56.52","wheat"
"98","62","45","18.31","66.71","7.12","72.91","wheat"
"91","60","35","22.06","61.93","7.15","50","wheat"
"85","45","34","24.16","50","7.44","60.17","wheat"
"105","50","46","19.24","62.76","6.94","110","wheat"
"107","48","41","12.32","60.4","7.36","74.1","wheat"
"114","47","46","19.3","64.61","6.85","100.6","wheat"
"99","49","30","19.17","57.66","6.86","71.24","wheat"
"123","43","38","18.62","62.53","6","83.33","wheat"
"114","47","49","16.52","66.33","7.38","80.4","wheat"
"105","60","46","22.34","61.01","6.84","68.92","wheat"
"92","54","37","16.74","60.45","7.11","65.08","wheat"
"122","60","44","20.89","54.86","6.36","50.22","wheat"
"115","49","54","22.45","58.49","7.45","88.58","wheat"
"105","49","36","18.59","68.69","7.07","82.97","wheat"
"107","63","45","18.29","56.81","7","54.63","wheat"
"105","50","30","15.26","65.33","6","88.59","wheat"
"104","56","55","13.69","56.45","7.29","94.08","wheat"
"130","45","41","15.52","62.08","6.18","108.85","wheat"
"126","50","47","19.84","59.8","7.33","76.49","wheat"
"124","46","48","15.75","61.55","7.16","89.75","wheat"
"94","43","32","19.97","68.22","6.89","79.05","wheat"
"114","51","34","19.89","55.25","7.43","94.28","wheat"
"119","47","44","19.19","65.2","7.21","55.24","wheat"
"120","65","45","15.56","62.69","6.3","82.17","wheat"
"105","49","42","15.66","53.7","6.88","93.98","wheat"
"87","53","42","16.3","70","7.43","97.5","wheat"
"130","45","47","24.29","63.75","6.1","108.18","wheat"
"114","43","42","19.17","55.01","7.4","99.26","wheat"
"119","63","31","12.8","62.36","7.2","79.08","wheat"
"96","49","53","14.34","62.4","6.49","75.75","wheat"
"105","64","41","16.24","67.83","7.29","100.82","wheat"
"115","51","30","18.28","59.42","7.09","61.53","wheat"
"125","55","42","20.11","56.65","7.22","87.71","wheat"
"106","56","40","14.7","65.65","7.18","86.38","wheat"
"106","59","48","21.94","65.91","6.63","65.98","wheat"
"110","44","37","23.16","55.55","6.64","88.38","wheat"
"117","50","30","20.63","63.14","7.26","83.68","wheat"
"105","59","41","17.24","64.43","7.48","104.66","wheat"
"109","48","37","21.12","69.76","6.41","90.36","wheat"
"117","50","44","18.88","57.83","6.52","84.43","wheat"
"126","57","45","15.79","65.97","7.06","72.14","wheat"
"122","46","49","13.62","60.16","7.25","84.6","wheat"
"117","55","48","12.07","59.49","7.6","94.83","wheat"
"101","55","39","15.61","59.25","6.79","93.47","wheat"
"98","43","44","17.19","63.12","7.18","66.63","wheat"
"116","47","36","19.03","61.89","7.34","73.85","wheat"
"103","55","46","14.04","60.87","7.57","70.06","wheat"
"108","53","31","19.36","68.08","6.38","80.38","wheat"
"95","50","45","21.94","60.72","6.34","63.59","wheat"
"113","54","44","17.88","59.63","6.47","81.65","wheat"
"97","45","37","17.4","57.42","6.38","55.81","wheat"
"107","42","46","16.3","67.61","6.16","59.24","wheat"
"127","63","33","18.64","67.78","6.62","88.87","wheat"
"115","43","35","13.98","69.92","7.21","65.97","wheat"
"119","52","52","19.7","58.17","7.99","70.75","wheat"
"102","53","40","19.7","62.4","7.55","89","wheat"
"94","49","30","19.69","53.45","6.67","64.56","wheat"
"117","56","35","16.94","64.94","7.16","83.74","wheat"
"102","48","36","20.91","64.27","7.76","87.06","wheat"
"104","45","53","23.11","61.83","7.52","75.34","wheat"
"111","50","39","15.96","52.87","6.24","67.99","wheat"
"116","55","50","19.95","55.94","7.19","76.44","wheat"
"97","49","44","16.24","59.13","6.49","70.76","wheat"
"122","53","50","12.93","63.37","7.14","81.4","wheat"
"96","59","41","18.61","66.95","7.21","82.62","wheat"
"101","51","41","20.09","58.41","6.33","64","wheat"
"100","52","42","21.16","55.64","7.19","54.63","wheat"
"95","60","44","16.58","61.48","8","64.69","wheat"
"111","55","53","19.18","53.9","7.41","100.98","wheat"
"86","47","45","23.61","58.57","6.88","70.91","wheat"
"130","48","44","17.96","69.06","6.26","88.68","wheat"
"127","55","34","15.55","61","6.66","86.01","wheat"
"94","49","45","21.24","61.66","6.87","105.43","wheat"
"100","48","43","19.26","59.06","6.66","70.55","wheat"
"80","50","40","16.2","61.71","6.88","65.86","wheat"
"107","54","35","18.96","63.28","6.57","69.31","wheat"
"101","53","30","18.5","60.41","7.27","74.45","wheat"
"113","45","45","17.26","57.22","6.28","55.59","wheat"
"121","48","45","15.06","60.1","7.68","83.15","wheat"
"97","62","36","22.21","50","7.57","89.33","wheat"
"102","54","39","18.51","59.86","7","110","wheat"
"102","49","47","13.4","65.53","7.13","78.52","wheat"
"124","49","39","16.21","59.53","7.35","67.56","wheat"
"90","57","45","13.03","64.81","6.57","83.88","wheat"
"98","46","34","15.61","64.77","6.77","73.26","wheat"
"95","54","40","19.31","58.01","7.12","65.56","wheat"
"130","40","55","19.57","52.49","7.38","77.62","wheat"
"93","60","49","20.78","56.05","7.51","90.21","wheat"
"122","44","47","15.88","61.15","7.05","82.52","wheat"
"116","56","30","16.18","70","6.63","76.35","wheat"
"104","57","45","20.4","53.76","7.69","75.62","wheat"
"95","56","32","17.47","58.1","6.61","72.97","wheat"
"112","58","44","22.14","65.79","7.1","58.43","wheat"
"94","54","43","21.07","53.73","6.75","68.82","wheat"
"114","51","43","20.31","53.94","7.14","83.37","wheat"
"98","48","55","19.73","64.01","8","83.8","wheat"
"121","54","54","25","62.1","6.6","80.94","wheat"
"112","49","47","21.64","60.26","6.42","75.2","wheat"
"108","57","43","17.9","52.03","6.91","73","wheat"
"106","59","30","15.97","55.92","7.78","100.43","wheat"
"104","40","30","14.63","65.96","6.97","80.64","wheat"
"103","54","43","24.28","62.08","7.44","92.06","wheat"
"121","58","53","14.69","55.76","7.49","102.58","wheat"
"106","56","41","17.26","61.37","7.33","68.44","wheat"
"120","52","30","17.98","65.37","6.75","50","wheat"
"96","40","34","14.57","65.07","7.4","71.11","wheat"
"99","40","47","18.37","63.62","6.69","75.31","wheat"
"103","64","46","17.4","58.3","7.17","93.48","wheat"
"109","43","41","15.47","64.11","6.7","110","wheat"
"108","63","39","16.29","61.33","7.01","50","wheat"
"115","58","46","18.41","55.2","6.01","82.19","wheat"
"106","56","42","18.71","64.62","7.32","110","wheat"
"97","60","30","14.52","69.43","7.47","104.31","wheat"
"102","48","35","23.33","52.35","7.3","84.95","wheat"
"100","56","50","19.32","56.81","7.4","62.66","wheat"
"122","47","48","17.32","67.28","7.78","110","wheat"
"104","53","39","20.25","70","7.18","76.12","wheat"
"115","49","44","21.53","54.36","6.93","87.5","wheat"
"112","56","40","21.48","52.42","7.49","110","wheat"
"91","52","48","16.2","57.5","6.88","68.01","wheat"
"89","53","30","20.47","55.75","7.34","78.75","wheat"
"119","50","36","13.51","59.65","6.18","89.54","wheat"
"101","65","35","17.81","62.38","6.83","88.15","wheat"
"94","48","47","13.34","61.79","6.83","56.68","wheat"
"111","52","49","25","62.84","7.05","69.57","wheat"
"107","50","39","20.58","63.47","6.71","56.48","wheat"
"86","53","51","21.84","63.67","7.34","61.67","wheat"
"90","54","31","18.37","60.8","6","56.16","wheat"
"93","48","45","18.09","66.09","6.47","63.45","wheat"
"107","58","36","17.93","70","7.41","69.16","wheat"
"103","65","30","15.31","67.12","7.48","79.27","wheat"
"96","54","49","22.07","64.75","7.31","71.26","wheat"
"111","58","50","22.65","64.09","7.2","99.41","wheat"
"129","55","49","14.79","65.49","7.35","72.56","wheat"
"115","45","37","21.68","60.21","7.34","52.94","wheat"
"108","44","43","15","63.97","7.17","50","wheat"
"110","50","52","15.2","55.89","7.24","85.59","wheat"
"115","56","49","21.16","62.3","7.42","62.97","wheat"
"96","61","30","20.13","56.97","6.91","73.07","wheat"
"101","52","43","19.24","56.22","7.2","106.35","wheat"
"106","54","30","15.86","50.04","6.76","87.75","wheat"
"103","49","48","16.67","60.84","6.91","65.63","wheat"
"118","44","48","20.46","53.96","7.52","98.69","wheat"
"110","49","41","17.7","59.39","7.19","86.09","wheat"
"108","53","38","16.63","54.71","6","106.75","wheat"
"128","55","55","18.99","68.55","6.7","70.4","wheat"
"101","42","51","15.87","58.86","7.76","80.62","wheat"
"88","61","40","23.37","54.25","7.5","87.51","wheat"
"84","48","31","15.5","70","7.36","88.46","wheat"
"124","46","34","18.81","65.55","6.71","84.45","wheat"
"93","47","38","18.82","69.02","6.23","77.34","wheat"
"92","60","44","16.47","65.9","6.51","84.15","wheat"
"106","44","36","21.32","61.93","6.89","61","wheat"
"101","56","34","16.85","58.16","6.04","67.44","wheat"
"105","58","50","14.87","64.17","7.07","70.07","wheat"
"89","46","44","17.56","57.58","7.42","80","wheat"
"117","53","39","19.7","60.59","6.33","57.76","wheat"
"116","49","30","22.44","63.03","6.43","68.88","wheat"
"100","59","41","16.97","56.36","6.84","77.62","wheat"
"85","54","44","21.39","61.31","7.26","81.14","wheat"
"111","51","47","20.01","51.91","6.98","51.06","wheat"
"108","56","35","13.7","67.23","7.12","70.38","wheat"
"122","51","46","20.71","57.44","7.68","70.13","wheat"
"102","47","44","24.9","57.75","6.26","101.8","wheat"
"109","40","47","17.89","62.59","7.5","99.33","wheat"
"107","49","44","19.21","56.68","6.54","92.91","wheat"
"110","52","37","14.6","59.1","6","93.02","wheat"
"118","55","42","18.52","70","6.74","73.45","wheat"
"113","43","32","14.01","58.48","6.97","92.91","wheat"
"104","48","38","14.91","62.93","6.65","57.65","wheat"
"115","55","42","18.51","60.89","6.25","87.63","wheat"
"93","59","55","21.49","51.98","6.51","90.45","wheat"
"118","46","47","15.88","63.83","7.68","62.31","wheat"
"104","49","43","15.24","64.53","6.78","69.93","wheat"
"90","40","39","21.99","58.36","7.37","105.91","wheat"
"105","44","45","16.73","62.54","7.15","99.92","wheat"
"117","60","51","20.47","61.86","6.7","110","wheat"
"101","54","34","25","64.27","6.36","82.22","wheat"
"114","43","42","18.69","70","7.43","80.47","wheat"
"127","44","32","15.07","64.89","7.05","62.6","wheat"
"98","42","55","21.93","54.99","7.43","110","wheat"
"91","56","30","18.33","57.15","6.91","101.21","wheat"
"90","42","46","16.38","53.99","6.92","78.83","wheat"
"114","53","44","16.72","51.98","6.69","95.08","wheat"
"106","57","36","19.68","57.28","7.33","90.31","wheat"
"95","54","39","17.06","64.79","7.06","89.84","wheat"
"119","44","43","16.54","51.27","7.28","71.96","wheat"
"121","56","33","15.99","65.26","7.73","62.08","wheat"
"90","48","45","17.26","59.33","6.77","52.12","wheat"
"98","62","46","19.67","59.98","6.67","91.27","wheat"
"105","57","34","13.63","64.24","8","91.77","wheat"
"118","55","40","16.16","58.38","7.83","71.04","wheat"
"110","54","38","19.04","65.85","6","85.64","wheat"
"122","64","49","16.06","55.41","8","72.5","wheat"
"105","49","39","19.18","62.65","7.62","80.05","wheat"
"114","59","39","20.77","53.95","6.78","90.02","wheat"
"116","57","39","16.6","58.8","8","70.47","wheat"
"118","51","44","15.09","58.67","7.07","77.37","wheat"
"111","63","44","19.01","59.11","7.35","56.35","wheat"
"102","56","44","19.1","55.3","6.64","93.73","wheat"
"123","51","48","20.43","52.94","6.55","73.61","wheat"
"90","50","30","16.29","65.33","6.88","77.42","wheat"
"110","48","34","19.3","60.02","6.9","70.76","wheat"
"103","58","30","18.49","52.83","7.31","73.25","wheat"
"111","47","40","21.41","60.6","6.83","85.55","wheat"
"130","46","44","18.74","67.62","6.96","62.1","wheat"
"110","61","42","17.28","62.31","6.7","82.44","wheat"
"103","42","45","22.46","57.75","6.7","102.4","wheat"
"117","59","55","19.96","62.56","7.51","65.02","wheat"
"106","40","45","17.7","61.29","7.05","78.54","wheat"
"114","58","51","18.89","65.86","6.71","77.6","wheat"
"125","51","41","12","60.03","7.28","77.29","wheat"
"90","50","36","17.74","56.7","6.94","74.49","wheat"
"117","51","48","21.68","61.52","7.91","76.31","wheat"
"107","49","34","14.8","62.81","7.42","100.81","wheat"
"107","44","45","18.83","58.31","6.12","86.42","wheat"
"115","49","38","17.21","69.55","7.9","64.02","wheat"
"88","56","37","17.47","56.04","6.77","83.51","wheat"
"122","52","30","16.21","64.24","6.56","62.54","wheat"
"111","59","33","17.48","51.82","7.19","73.53","wheat"
"108","55","49","15.66","65.37","6.32","69.38","wheat"
"98","55","53","18.52","61.81","7.4","79.35","wheat"
"92","46","32","21.66","55.08","7.55","90.76","wheat"
"102","51","50","18.64","60.65","7.59","86.04","wheat"
"90","44","41","17.64","65.02","6.86","106.04","wheat"
"111","58","40","13.47","63.8","7.02","90.87","wheat"
"89","58","49","19.36","50","7.11","95","wheat"
"101","54","43","17.63","56.5","6.17","80.67","wheat"
"121","55","47","20.49","65","7.56","99.35","wheat"
"112","44","38","18.5","50","7.52","57.8","wheat"
"96","61","31","18.37","63.11","7.03","86.32","wheat"
"110","62","52","15.98","56.39","7.08","98.54","wheat"
"89","55","45","17.27","62.06","6.84","58.68","wheat"
"94","53","40","12.8","64.52","7.13","90.59","wheat"
"93","62","41","19.58","60.55","6.86","88.68","wheat"
"102","63","46","16.65","62.13","7.33","70.09","wheat"
"115","41","51","19.04","60.09","7.5","53.74","wheat"
"117","50","47","16.2","57.01","7.1","61.01","wheat"
"110","58","46","19.2","56.61","7.02","110","wheat"
"108","45","34","15.51","58.66","6.97","69.92","wheat"
"101","60","49","18.82","51","6.87","83.12","wheat"
"99","45","42","19.51","63.31","7.22","101.2","wheat"
"130","51","42","20.39","50","6.54","99.92","wheat"
"93","56","47","19.7","64.22","7.85","73.65","wheat"
"86","54","44","22.76","61.35","6.39","72.36","wheat"
"110","48","42","15.91","60.74","7.59","87.44","wheat"
"101","45","42","14.72","54.74","6.73","76.97","wheat"
"108","60","40","18.49","61.35","7.55","83.65","wheat"
"96","54","52","14.98","52.38","6.95","91.61","wheat"
"108","62","33","18.17","60.25","6","60.07","wheat"
"104","60","46","14.95","50","7.61","71.14","wheat"
"92","55","31","20.36","50","7.37","66.3","wheat"
"86","51","48","15.12","62.78","6.78","96.66","wheat"
"122","48","45","15.1","57.24","7.14","97.11","wheat"
"104","60","44","20.1","60.24","7.07","91.11","wheat"
"109","47","47","19.56","59.23","7.4","87.86","wheat"
"125","50","37","15.14","66.73","6.36","72.25","wheat"
"85","59","37","18.25","61.34","7.33","102.38","wheat"
"107","51","55","14.27","61.72","6.95","86.61","wheat"
"98","61","30","18.22","60.65","7.4","72.58","wheat"
"130","45","39","20.37","70","6.88","103.6","wheat"
"103","50","37","17.17","55.28","6.61","94.1","wheat"
"97","60","33","18.9","63.45","7.67","78.58","wheat"
"108","52","51","20.74","66.06","6.9","91.16","wheat"
"80","53","34","18.18","50","7.85","87.35","wheat"
"110","49","41","17.52","60.91","6.12","72.92","wheat"
"110","56","34","17.48","66.03","7.21","76.61","wheat"
"112","59","44","21.92","67.02","6","85.6","wheat"
"93","47","41","12","59.35","6.5","96.82","wheat"
"105","49","35","18.43","62.65","7.65","83.34","wheat"
"102","57","40","16.57","50.5","7.75","50","wheat"
"111","59","36","24.47","53.57","6.76","104.96","wheat"
"81","53","39","23.35","59.24","6.85","56.45","wheat"
"121","58","37","12","52.3","7.18","101.59","wheat"
"97","54","40","17.52","62.5","7.37","61.55","wheat"
"101","47","32","14.73","57.75","7.44","75.73","wheat"
"110","56","37","16.89","59.87","6.98","105.57","wheat"
"130","50","30","17.62","67.04","6.1","92.26","wheat"
"101","52","51","14.26","64.26","6.52","102.76","wheat"
"80","60","37","16.74","57.25","7.34","90.29","wheat"
"101","56","47","18.89","56.97","7.69","85.63","wheat"
"90","47","48","14.49","56.31","7.65","70.29","wheat"
"117","57","48","22.32","59.67","7.24","72.98","wheat"
"118","65","30","15.57","61.26","6.66","68.45","wheat"
"90","51","49","19.11","53.99","7.21","110","wheat"
"103","55","36","22.11","55.21","7.3","76.47","wheat"
"105","49","48","23.68","56.46","6","69.67","wheat"
"109","53","35","23.16","54.58","6.15","75.67","wheat"
"111","55","43","16.44","58.46","7.52","70.73","wheat"
"96","53","54","13.46","53.49","6.16","92.05","wheat"
"117","52","37","14.4","50.87","8","92.9","wheat"
"108","55","36","19.85","53.77","6.35","64.99","wheat"
"107","58","41","16.09","62.82","6.79","77.72","wheat"
"96","40","30","18.57","70","7.66","51.01","wheat"
"114","52","42","14.47","56.57","7.15","86.81","wheat"
"97","44","41","12","51.99","7.6","101.14","wheat"
"112","51","38","13.56","64.23","7.58","86.63","wheat"
"119","52","43","17.35","63.68","7.01","79.79","wheat"
"125","65","42","20.59","57.84","6.96","110","wheat"
"98","45","34","20.69","60.62","7.13","105.1","wheat"
"80","48","40","15.17","50.63","6.57","72.91","wheat"
"128","48","37","19.77","63.57","7.39","72.69","wheat"
"96","47","53","12.83","57.78","6.8","67.54","wheat"
"105","50","51","13.44","58.9","7.46","61.04","wheat"
"85","40","43","22.42","60.31","6.24","66.62","wheat"
"101","55","55","15.1","59.39","6.72","50","wheat"
"111","65","41","16.28","60.31","6.63","76.94","wheat"
"95","58","44","20.03","63.09","7.28","85.31","wheat"
"102","54","31","22.58","63.39","7","60.86","wheat"
"80","47","40","19.72","60.31","6.13","88.67","wheat"
"110","52","39","18.38","60.95","6.86","71.87","wheat"
"110","50","36","18.91","57.91","6.65","77.53","wheat"
"119","55","43","17.84","65.64","7.59","87.14","wheat"
"120","40","42","17.51","50","6.9","67.94","wheat"
"96","53","46","20.56","64.55","6.72","86.05","wheat"
"113","50","31","18.94","54.7","6.52","87.84","wheat"
"102","53","49","19.71","59.43","6.89","71","wheat"
"119","48","55","19.07","57.3","7.1","71.29","wheat"
"118","48","52","18.66","57.49","6.54","91.24","wheat"
"94","40","46","22.34","62.3","6.96","80.74","wheat"
"114","55","49","14.31","67.8","7.03","63.31","wheat"
"101","56","45","13.6","59.07","6.17","83.11","wheat"
"110","64","37","20.77","57.39","7.21","85.9","wheat"
"99","52","41","19.2","54.14","7.09","76.52","wheat"
"113","40","52","20.37","66.62","6.86","110","wheat"
"109","52","43","22.45","58.03","6.73","87.15","wheat"
"117","49","38","15.97","61.97","6.71","79.15","wheat"
"111","47","48","16.28","63.64","7.06","74.09","wheat"
"122","49","38","20.95","56.12","7.38","110","wheat"
"108","50","43","19.72","62.29","7.59","98.72","wheat"
"119","40","47","14.62","58.85","7.68","51.89","wheat"
"91","61","30","17.32","64.55","6.26","78.36","wheat"
"85","48","41","15.95","64.4","7.49","70.19","wheat"
"106","55","37","16.44","66.66","6.79","70.25","wheat"
"87","62","33","21.4","65.35","7.08","60.19","wheat"
"105","48","31","20.92","60.61","7.77","84.1","wheat"
"104","65","39","23.54","60.88","6.6","52.12","wheat"
"103","50","41","14.98","63.22","7.84","96.1","wheat"
"90","42","54","16.98","59.86","7.49","85.06","wheat"
"104","51","36","18.83","58.92","7.78","81.79","wheat"
"96","56","47","14.55","50","7.01","76.93","wheat"
"117","51","35","16.55","58.1","7.75","54.44","wheat"
"107","47","54","14.03","64.23","7.14","72.29","wheat"
"80","47","35","20.52","61.37","6.49","50","wheat"
"111","57","48","19.67","55.6","7.06","86.32","wheat"
"92","53","33","21.54","51.1","6.97","71.19","wheat"
"106","52","40","16.54","61.46","6.99","94.46","wheat"
"130","57","46","21.24","59.48","6.93","66.92","wheat"
"111","49","30","18.46","64.18","7.26","50","wheat"
"99","63","47","19.86","56.62","7.21","83.41","wheat"
"95","46","55","24.03","66.68","6.87","82.87","wheat"
"114","46","43","16.62","58.46","7.3","81.86","wheat"
"110","40","47","17.03","58.96","7.76","92.37","wheat"
"107","56","51","17.86","52.63","7.71","65.96","wheat"
"93","43","46","23.14","57.62","7.45","80.44","wheat"
"80","56","55","17.44","54.03","6.36","62.91","wheat"
"107","53","37","17.56","58.83","6.88","92.42","wheat"
"117","65","38","18.53","70","6.67","81.96","wheat"
"84","50","37","16.13","56.03","7.08","89.87","wheat"
"100","47","42","18.07","62.67","7.25","94.3","wheat"
"93","54","42","18.68","58.32","6.58","86.24","wheat"
"104","63","36","14.77","50","6.81","61.17","wheat"
"118","41","44","21.9","61.35","6.67","82.25","wheat"
"80","51","42","18.3","64.17","6.37","66.33","wheat"
"118","47","43","19.27","62.41","6.38","74.65","wheat"
"98","48","37","20.75","69.38","6","96.98","wheat"
"102","57","39","18.06","57.4","8","110","wheat"
"101","52","47","21.45","58.58","6.75","61.45","wheat"
"113","48","49","22.36","63.07","7.8","50","wheat"
"95","63","38","17.51","56.33","6.99","51.58","wheat"
"102","42","54","19.43","65.92","7.53","52.96","wheat"
"102","53","42","14.75","62.45","7.67","81.01","wheat"
"108","42","38","17.74","64.5","7.61","60.84","wheat"
"100","56","39","20.88","60.05","7.76","72.79","wheat"
"130","57","49","22.4","66.75","7.47","87.8","wheat"
"109","59","36","21.67","59.98","7.48","110","wheat"
"93","44","34","14.01","65.59","6.8","74.84","wheat"
"109","50","42","16.38","67.17","8","106.9","wheat"
"97","59","38","19","59.98","6.61","89.02","wheat"
"88","61","39","18.34","64.74","6.59","93.99","wheat"
"94","43","45","18.51","59.1","7.26","81.82","wheat"
"93","60","36","20.82","61.06","7.03","68.48","wheat"
"93","60","51","23.19","55.98","7.23","91.66","wheat"
"123","59","30","21.7","67.25","6.69","67.53","wheat"
"111","46","51","22.02","66.86","6.44","92.12","wheat"
"98","65","43","22.25","58.58","7.2","79.71","wheat"
"120","40","51","19.36","60.22","6.66","77.62","wheat"
"100","52","48","17.55","57.65","6.29","88","wheat"
"97","47","42","19.24","55.49","7.59","79.11","wheat"
"100","53","46","17.95","59.43","6.92","85.07","wheat"
"114","65","37","18.31","55.1","6.73","100.77","wheat"
"98","46","42","22.07","55.01","7.8","71.61","wheat"
"114","50","37","16.27","70","7.22","64.94","wheat"
"98","58","55","21.63","66.92","8","74.89","wheat"
"104","57","41","17.63","59.81","7.46","82.97","wheat"
"95","45","39","15.51","65.91","6.84","93.86","wheat"
"109","48","37","17.11","60.17","7","63.11","wheat"
"126","49","46","20.73","64.07","7.08","86.71","wheat"
"88","40","34","15.66","56.02","8","105.41","wheat"
"113","47","45","21.88","65.23","7.35","101.17","wheat"
"130","47","41","12.7","60.13","7.69","110","wheat"
"103","41","47","16.97","57.36","6.5","82.8","wheat"
"101","43","34","16.34","55.41","7.35","107.15","wheat"
"96","61","40","20.99","63.05","6.45","68.23","wheat"
"113","50","43","20.39","54.26","6.54","97.99","wheat"
"110","48","44","20.61","63.25","7.62","93.19","wheat"
"113","55","48","19.53","61.87","6.35","50","wheat"
"107","45","33","15.07","60.67","6.94","91.85","wheat"
"80","50","37","12","64.79","7.39","83.26","wheat"
"96","46","45","19.59","63.41","7.11","88.84","wheat"
"103","50","44","16.97","60.73","6.92","71.32","wheat"
"95","54","30","13.98","62.95","7.04","68.89","wheat"
"83","48","44","18.04","69.8","7.44","90.47","wheat"
"96","56","33","13.07","65.48","7.23","76.56","wheat"
"107","57","50","20.8","54.8","6.42","88.33","wheat"
"107","65","43","15.5","64.38","6.81","107.17","wheat"
"111","51","54","23.84","63.4","7.13","78.16","wheat"
"95","63","46","24.09","62.49","7.57","92.24","wheat"
"101","65","49","21.67","58.2","7.99","92.37","wheat"
"110","59","34","23.52","57.92","6.5","105.13","wheat"
"106","50","48","14.14","57.21","7.7","81.88","wheat"
"95","49","50","19","60.14","6.89","73.48","wheat"
"113","53","50","16.07","54.19","7.07","74.46","wheat"
"113","43","44","16.23","62.01","6.97","96.3","wheat"
"100","58","41","17.23","70","6.74","75.59","wheat"
"106","51","51","16.51","54.55","7.75","83.04","wheat"
"95","44","50","18.65","61.19","6.25","102.27","wheat"
"107","41","39","16.03","58.04","7.91","80.86","wheat"
"99","49","35","17.27","53.21","6.82","96.82","wheat"
"100","49","30","14.43","63.94","6.66","102.45","wheat"
"96","42","44","16.99","60.14","7.76","79.92","wheat"
"107","60","39","15.62","67.62","6","65.4","wheat"
"102","46","41","12.47","59","6.88","64.92","wheat"
"111","46","46","16.24","61.47","6.23","84.32","wheat"
"123","60","37","17.24","62.34","7.62","66.46","wheat"
"100","49","49","19.93","62.56","6.26","94.53","wheat"
"80","56","48","21.89","65.8","7.28","74.18","wheat"
"101","46","37","18.22","53.66","7.29","85.38","wheat"
"94","47","42","17.43","60.72","7.48","94.5","wheat"
"130","60","54","19.12","57.39","6.6","61.56","wheat"
"95","54","35","18.97","52.73","6.84","89.11","wheat"
"115","45","35","15.86","56.8","6.86","84.49","wheat"
"94","48","50","12","62.14","6.68","94.35","wheat"
"111","41","47","13.85","62.22","6.85","87.29","wheat"
"92","48","37","17.58","65.03","7.68","74.16","wheat"
"114","45","48","19.33","65.41","6.11","59.57","wheat"
"113","44","45","14.41","70","7.13","103.83","wheat"
"89","58","35","15.3","56.99","7.13","57.42","wheat"
"113","46","52","20.47","61.65","7.14","73.6","wheat"
"108","45","42","18.6","62.33","7.49","83.19","wheat"
"99","50","50","16.08","58.45","6.68","76.61","wheat"
"104","49","41","18.94","60.38","7.42","84.05","wheat"
"100","40","36","18.05","65.03","6.62","64.64","wheat"
"103","42","46","13.41","59.06","7.18","81.91","wheat"
"80","56","41","15.17","64.42","7.35","87.74","wheat"
"105","62","48","16.41","53.27","6.92","77.45","wheat"
"114","44","36","15.83","64.17","7.19","80.87","wheat"
"118","57","30","16.5","54.84","6.56","87.62","wheat"
"104","63","40","22.01","56.35","6.81","68.09","wheat"
"116","51","51","18.84","53.21","6.61","93.11","wheat"
"108","41","52","16.73","60","6.48","82.51","wheat"
"107","65","36","12","60.92","6.75","96.02","wheat"
"90","51","40","19.46","56.81","6.59","91.17","wheat"
"96","52","49","17.02","62.45","6.11","81.85","wheat"
"101","40","41","17.82","66.89","7.08","73.26","wheat"
"86","47","46","16.85","61.6","8","76.98","wheat"
"125","46","32","15.77","56.51","8","110","wheat"
"126","50","35","19.68","60.52","7.19","99.88","wheat"
"106","58","30","18.74","53.62","6.53","86.05","wheat"
"87","57","55","15.54","53.26","7.4","69.44","wheat"
"110","62","40","17.71","56.75","6.58","101.98","wheat"
"98","46","50","21.71","65.11","6.46","83.05","wheat"
"121","57","32","14.83","50","7.14","66.39","wheat"
"111","48","45","18.4","65.33","7.17","91.38","wheat"
"102","65","30","22.88","57.43","6.99","75.99","wheat"
"86","51","37","12.83","61","6.86","99.84","wheat"
"99","45","49","13.53","58.66","7.44","79.66","wheat"
"117","49","44","24.43","53.49","6.82","94.68","wheat"
"117","52","51","20.79","63.06","7.12","86.47","wheat"
"91","50","44","14.68","56.89","7.09","90.55","wheat"
"112","49","42","20.63","61.26","6.64","65.27","wheat"
"110","58","38","13.81","66.76","7.02","71.89","wheat"
"95","65","53","21.01","60.47","6.15","66.95","wheat"
"90","58","39","21.67","52.46","6.75","110","wheat"
"96","50","41","20.05","55.4","6.23","78.59","wheat"
"116","51","38","19.28","63.85","7.23","102.81","wheat"
"89","50","49","20.67","59.91","6.43","99.7","wheat"
"112","65","41","16.76","61.67","7.38","100.52","wheat"
"85","52","39","17.65","70","6.95","101.4","wheat"
"104","58","45","18.27","61.35","6.9","50","wheat"
"110","44","37","18.36","55.97","6.81","80.72","wheat"
"90","53","40","20.16","66.36","6.82","65.5","wheat"
"105","57","41","22.83","63.02","7.53","85.84","wheat"
"103","45","37","16.25","62.24","7.05","66.78","wheat"
"116","47","46","16.28","60.59","6.65","95.17","wheat"
"103","55","32","17.24","64.06","6.89","83.37","wheat"
"113","55","38","16.87","59.68","7.69","54.11","wheat"
"120","44","30","14.77","65.91","7.7","84.79","wheat"
"94","50","39","16.66","64.17","6.23","72.6","wheat"
"106","42","44","20.71","64.16","6.95","99.19","wheat"
"110","54","52","18.77","60.45","6.82","69.54","wheat"
"93","50","37","17.31","62.17","6.49","100.55","wheat"
"106","62","46","17.12","60.83","7.23","50","wheat"
"130","42","30","15.98","54.86","6.82","68.6","wheat"
"103","52","46","19.12","60.55","6.99","110","wheat"
"109","42","33","16.41","58.93","6.09","64.05","wheat"
"90","48","31","20.77","62.51","6.15","78.56","wheat"
"114","47","44","14.56","59.79","6.49","101.6","wheat"
"111","46","39","15.95","53.63","6.41","110","wheat"
"118","50","41","19.9","56.43","6.99","86.82","wheat"
"114","51","45","16.56","56.01","7.12","83.97","wheat"
"124","54","40","21.15","57.55","6.7","57.77","wheat"
"93","59","41","23.22","63.65","6.06","86.05","wheat"
"107","50","41","20.37","60.55","6.69","91.88","wheat"
"95","40","32","18.64","66.51","6.24","89.87","wheat"
"116","45","46","18.55","63.76","6.99","102.92","wheat"
"107","57","45","17.5","63.36","7.2","86.62","wheat"
"95","40","31","20.19","60.58","7.37","84.2","wheat"
"103","43","34","14.52","67.95","6.98","80.27","wheat"
"81","43","39","15.1","55.97","7.58","94.93","wheat"
"109","63","44","12.42","70","6.87","68.88","wheat"
"103","57","38","21.54","50","6.65","67.51","wheat"
"126","49","33","18.75","65.15","6.73","96.4","wheat"
"117","65","32","22.5","60.75","7.33","92.34","wheat"
"101","47","36","19.68","57.13","7.57","83.85","wheat"
"99","51","34","18.3","60.66","6.47","101.96","wheat"
"100","55","55","16.51","53.36","7.05","69.18","wheat"
"110","43","40","12.22","50","6.91","87.63","wheat"
"116","51","36","23.2","63.86","6.92","80.93","wheat"
"125","53","42","15.05","61.66","6.44","83.65","wheat"
"108","55","48","22.84","64.57","6.75","71.64","wheat"
"123","56","45","16.58","61.2","6.86","90.98","wheat"
"112","54","43","18","62.97","6.28","78.62","wheat"
"94","48","40","12.71","52.95","7.91","70.83","wheat"
"113","54","30","19.08","66.98","6","100.05","wheat"
"96","65","38","21.15","58.75","6.9","66.73","wheat"
"111","46","50","13.77","68.3","8","50","wheat"
"109","57","55","14.61","65.8","7.61","79.34","wheat"
"95","46","45","19.49","63.73","7.2","107.67","wheat"
"119","57","43","16.58","70","6.79","70.79","wheat"
"119","52","37","18.77","61.17","7.17","106.37","wheat"
"86","51","48","16.86","58.76","6.39","83.65","wheat"
"97","50","30","16.37","52.11","6.75","63.27","wheat"
"107","57","48","17.6","56.27","6.46","77.21","wheat"
"95","65","34","19.17","63.71","6.33","85.41","wheat"
"113","60","39","22.78","54.21","8","96.09","wheat"
"115","48","30","18.82","70","6.6","73.47","wheat"
"118","41","49","18.62","50.92","7","64.81","wheat"
"80","59","48","16.89","57.43","6.53","96.63","wheat"
"110","44","49","18.35","62.19","7.19","98.18","wheat"
"120","46","60","34.53","80.3","6.35","161.17","sugarcane"
"129","58","54","28.02","80.49","6.93","122.71","sugarcane"
"137","63","63","25.9","83.21","6.94","145.3","sugarcane"
"114","46","83","24.95","82.79","6.2","151.86","sugarcane"
"140","53","76","31.79","82.06","6.21","103.82","sugarcane"
"135","48","85","31.33","80.04","6","106.48","sugarcane"
"135","58","76","28.96","82.49","6.94","109.13","sugarcane"
"117","65","69","26.26","80.94","7.03","153.44","sugarcane"
"124","54","74","27.98","90","6.36","136.31","sugarcane"
"136","42","76","32.54","78.88","7.29","166.92","sugarcane"
"128","60","69","28.91","81.06","6.65","168","sugarcane"
"119","70","77","29.65","81.28","7.17","115.64","sugarcane"
"131","62","58","27.71","73.34","6.83","152.21","sugarcane"
"133","61","78","24.75","81.19","7.19","115.37","sugarcane"
"120","47","76","29.77","75.88","7.37","124.23","sugarcane"
"126","56","75","27.11","90","6.95","200","sugarcane"
"115","51","63","27.92","79.22","7.22","154.51","sugarcane"
"135","60","94","30.59","79.08","6.69","135.14","sugarcane"
"119","61","57","29.96","82.24","7.06","118.21","sugarcane"
"128","64","83","27.86","70","6.94","113.41","sugarcane"
"132","45","73","31.31","83.29","6.85","144.16","sugarcane"
"110","52","68","28.55","83.47","7.67","120.53","sugarcane"
"129","44","58","30.51","83.69","7.05","145.41","sugarcane"
"110","53","67","29.45","78.56","6.64","153.21","sugarcane"
"132","46","82","29.46","74.46","7.01","189.39","sugarcane"
"141","40","92","28.78","87.58","7.58","144.69","sugarcane"
"131","42","72","27.55","89.64","7.15","170.17","sugarcane"
"118","60","62","31.67","77.44","6.89","127.53","sugarcane"
"145","54","88","26.4","71.24","6.86","156.56","sugarcane"
"127","64","100","28.37","82.7","6.62","200","sugarcane"
"134","40","77","28.35","82.32","7.01","140.28","sugarcane"
"133","70","84","30.78","83.24","7.13","167.37","sugarcane"
"130","56","63","28.91","85.67","7.09","136.48","sugarcane"
"131","65","91","28.04","76.02","6.21","127.71","sugarcane"
"145","40","69","27.15","75","7.07","129.55","sugarcane"
"111","60","73","25.38","78.5","6.35","142.38","sugarcane"
"110","66","94","29.3","77.48","6.75","164.59","sugarcane"
"110","40","76","25.56","78.9","6.88","126.03","sugarcane"
"130","52","77","31.92","85.39","7.5","146.02","sugarcane"
"121","54","86","29.13","81.85","6.61","152.17","sugarcane"
"143","59","78","30.97","80.97","6.79","175.88","sugarcane"
"121","57","74","29.91","77.45","7.5","187.85","sugarcane"
"110","48","74","24.58","77.28","7.51","142.99","sugarcane"
"123","62","73","30.02","85.22","6.68","171.98","sugarcane"
"129","40","51","26.84","74.06","7.27","139.03","sugarcane"
"145","58","85","35","77.99","7.01","159.91","sugarcane"
"126","56","69","31.29","81.12","7.47","195.59","sugarcane"
"133","46","79","30.29","76.43","6.9","162.07","sugarcane"
"120","44","72","35","81.94","7.5","138.11","sugarcane"
"145","66","83","29.26","83.62","6.79","194.65","sugarcane"
"131","50","54","30.96","76.73","6.79","164.73","sugarcane"
"122","55","59","28.08","75.37","7.02","168.91","sugarcane"
"135","51","84","27.31","82.41","7.6","153.43","sugarcane"
"137","69","85","29.81","85.41","6.67","156.02","sugarcane"
"138","67","70","25.16","81.13","7.08","128.74","sugarcane"
"135","60","73","28.33","76.33","6.99","149.79","sugarcane"
"126","69","77","30.77","80.04","7.19","175.4","sugarcane"
"128","54","68","27.85","74.26","6.41","146.6","sugarcane"
"138","62","74","29.19","85.64","6.74","151.34","sugarcane"
"140","40","74","33.16","85.45","7.38","128.1","sugarcane"
"110","63","85","31.02","83.72","7.21","160.71","sugarcane"
"115","61","78","28.08","86.17","6.72","170.91","sugarcane"
"132","50","66","33.39","80.94","7.08","167.11","sugarcane"
"118","53","80","29.72","88.81","7.3","186.46","sugarcane"
"126","59","60","24","81.66","7.8","169.54","sugarcane"
"120","57","84","35","72.55","6.66","138.52","sugarcane"
"127","63","60","30.94","83.74","6.74","144.1","sugarcane"
"138","45","80","31.43","73.71","6.86","138.92","sugarcane"
"128","55","85","24","83.87","7.07","200","sugarcane"
"134","70","73","28.17","77.74","6.42","178.7","sugarcane"
"120","59","67","26.93","77.93","7.28","102.71","sugarcane"
"138","59","77","25.91","72.85","7.07","167.87","sugarcane"
"110","59","50","28.55","78.69","6.4","177.01","sugarcane"
"114","54","93","27.88","82.13","6.98","164.32","sugarcane"
"117","59","75","25.85","79.88","7.73","196.08","sugarcane"
"125","49","56","35","73.08","7.35","126.5","sugarcane"
"122","55","89","33.02","80.61","6.87","164.23","sugarcane"
"130","48","84","25.03","78.73","6.3","169.07","sugarcane"
"131","52","72","24.14","82.69","7.77","172.68","sugarcane"
"115","57","51","27.62","81.28","6.78","137.57","sugarcane"
"130","69","70","34","74.02","6.9","136.3","sugarcane"
"115","65","69","25.83","89.84","6.69","144.05","sugarcane"
"118","56","87","26.98","78.17","6.65","123.69","sugarcane"
"128","41","93","28.94","77.89","6.77","123.82","sugarcane"
"126","53","69","26.13","83.63","7.15","132.76","sugarcane"
"114","60","67","29.03","86.97","7.34","161.32","sugarcane"
"139","58","76","27.02","82.82","6.58","136.15","sugarcane"
"113","65","89","29.99","81.75","7.13","139.36","sugarcane"
"127","55","85","25.48","74.92","6.07","149.91","sugarcane"
"122","42","65","27.6","82.17","6.41","121.99","sugarcane"
"137","61","78","28.89","81.45","7.46","138.49","sugarcane"
"145","44","100","31.12","74.36","6.89","150.95","sugarcane"
"119","65","74","29.92","80.63","7.25","128.11","sugarcane"
"138","58","50","30.65","76.14","6.87","109.62","sugarcane"
"112","50","65","28.94","79.88","6.99","158.35","sugarcane"
"132","65","76","27.01","79.9","6.72","144.2","sugarcane"
"125","61","79","30.15","77.88","6.55","117.13","sugarcane"
"131","63","76","27.8","78.56","6.23","155.66","sugarcane"
"115","56","85","24.4","75.13","6.64","166.21","sugarcane"
"137","64","57","24","82.67","7.11","169.46","sugarcane"
"141","55","68","27.2","75.33","7.02","140.45","sugarcane"
"145","50","87","35","73.71","7.25","158.51","sugarcane"
"139","60","50","29.56","90","6.61","115.33","sugarcane"
"144","58","81","27.57","71.58","7.2","142.49","sugarcane"
"126","61","93","30.61","81.53","7.38","154.47","sugarcane"
"118","63","56","27.67","85.69","7.06","172.79","sugarcane"
"139","63","68","28.78","88.63","6.93","103.05","sugarcane"
"124","54","87","26.69","77.78","7.71","146.74","sugarcane"
"134","55","89","29.8","82.36","7.35","152.64","sugarcane"
"129","66","100","28.39","80.05","6.07","168.18","sugarcane"
"113","58","60","31.73","79.41","7.62","147.67","sugarcane"
"114","56","64","29.97","84.49","6.58","162.2","sugarcane"
"125","57","54","27.95","77.72","6.34","156.41","sugarcane"
"131","45","100","30.3","83.34","7.23","124.92","sugarcane"
"124","65","65","30.98","84.4","7.35","114.05","sugarcane"
"141","53","92","32.96","85.91","6.69","128.13","sugarcane"
"135","54","62","26.27","79.15","6.26","163.01","sugarcane"
"145","51","72","26.45","70","7.44","149.92","sugarcane"
"115","70","77","28.3","77.41","6.7","162.86","sugarcane"
"145","65","83","29.73","83.06","7.35","154.05","sugarcane"
"111","51","76","28.3","78.66","6.61","123.79","sugarcane"
"142","57","68","33.23","73.27","7.48","144.98","sugarcane"
"124","51","67","27.4","80.26","6.71","183.86","sugarcane"
"123","54","75","26.24","70","7.17","153.57","sugarcane"
"114","70","65","30.85","88.96","6.47","200","sugarcane"
"129","55","83","24","70.76","7.28","120.33","sugarcane"
"123","52","92","27.61","85.23","7.03","165.21","sugarcane"
"133","61","69","31.24","86.23","6.48","108.75","sugarcane"
"122","53","52","34.31","83.21","7.19","174.8","sugarcane"
"124","65","78","31.59","85.19","6.52","162.46","sugarcane"
"131","52","66","29.26","79.22","6.63","167.73","sugarcane"
"124","54","82","33","83.38","6.95","136.23","sugarcane"
"120","40","67","24.35","77.11","6","162.74","sugarcane"
"121","57","78","28.05","82.61","7.08","174.92","sugarcane"
"128","52","80","26.69","81.88","7.8","156.52","sugarcane"
"134","52","78","24","87.99","6","151.63","sugarcane"
"138","46","74","30.54","88.13","7.14","131.33","sugarcane"
"125","42","57","30.31","77.48","6.85","150.2","sugarcane"
"145","54","79","27.13","89.53","6.83","180.58","sugarcane"
"125","66","75","24","77.02","6.59","181.74","sugarcane"
"137","59","75","31.58","78.25","7.03","174.95","sugarcane"
"133","40","57","27.61","80.81","6.64","154.09","sugarcane"
"115","69","78","25.49","79.45","7.73","189.85","sugarcane"
"139","43","60","30.13","75.07","7.55","158.2","sugarcane"
"131","62","66","28.98","86.18","6.5","108.59","sugarcane"
"123","45","91","30.87","81.49","6.61","116.53","sugarcane"
"138","50","76","28.42","78.18","6.31","134.39","sugarcane"
"145","70","75","29.71","90","6.15","124.48","sugarcane"
"125","40","81","25.24","74.21","7.47","100","sugarcane"
"135","46","50","35","84.04","7.36","139.44","sugarcane"
"132","51","72","28.28","84.9","6.85","200","sugarcane"
"141","63","84","25.93","78.59","7.6","191.28","sugarcane"
"120","53","62","27.74","77.61","7.34","124.41","sugarcane"
"120","56","84","30.36","76.02","7.66","166.07","sugarcane"
"135","48","77","29.28","82.97","6.99","119.72","sugarcane"
"120","47","69","29.02","76.75","6","125.04","sugarcane"
"130","54","80","31.46","74.18","6.63","137.9","sugarcane"
"145","67","69","28.21","82.19","6.98","186.49","sugarcane"
"145","57","72","28.44","79.67","6.36","178.7","sugarcane"
"145","56","61","28.23","82.31","7.02","140.11","sugarcane"
"132","48","56","27.97","80.95","6.98","139","sugarcane"
"118","68","78","26.93","81.85","6.56","141.49","sugarcane"
"139","47","63","24","82.19","6.77","143.02","sugarcane"
"128","50","79","27.74","73.86","6","100","sugarcane"
"123","65","66","28.89","78.63","7.2","147.19","sugarcane"
"118","70","81","30.32","82.64","6.75","121.98","sugarcane"
"145","52","86","33.38","79.72","7.36","161.26","sugarcane"
"133","51","72","28.72","78.07","6.51","140.62","sugarcane"
"139","60","77","33.3","79.33","6.56","141.82","sugarcane"
"132","67","73","26.77","80.71","6.99","143.4","sugarcane"
"131","58","61","28.74","82.79","7.27","115.26","sugarcane"
"120","58","79","25.02","82.23","6.58","156.69","sugarcane"
"121","60","55","28.87","89.73","6.3","159.57","sugarcane"
"123","62","61","31.36","77.39","7","147.91","sugarcane"
"117","55","82","29.21","87.91","7.49","170.75","sugarcane"
"117","48","84","29.66","79.14","7.16","168.11","sugarcane"
"119","65","80","30.31","88.32","7.45","186.98","sugarcane"
"140","58","87","29.17","74.98","6.27","193.97","sugarcane"
"129","42","68","25.87","77.78","6.43","150.4","sugarcane"
"119","49","63","27.84","86.18","7.2","150.31","sugarcane"
"131","69","71","28.59","84.43","7.15","148.79","sugarcane"
"125","57","76","32.66","80.57","7.12","161.92","sugarcane"
"120","55","79","26.47","71.74","7.54","161.09","sugarcane"
"113","67","77","28.01","81.14","6.69","124.05","sugarcane"
"145","40","73","27.92","75.53","6.97","197.49","sugarcane"
"145","58","79","27.8","74.36","7.26","155.09","sugarcane"
"119","70","69","28.09","83.51","7.53","148.41","sugarcane"
"127","51","83","27.85","78.96","7.28","131.66","sugarcane"
"125","54","75","26.85","81.42","6.14","116.23","sugarcane"
"120","44","78","31.45","82.84","6.89","145.78","sugarcane"
"129","64","80","33.72","83.93","7.37","138.88","sugarcane"
"117","49","75","33.17","81.61","6.77","191.37","sugarcane"
"120","60","90","32.19","78.95","7.26","156.8","sugarcane"
"136","46","86","30.36","83.82","7.13","126.21","sugarcane"
"138","40","85","29.31","84.64","7.57","135.12","sugarcane"
"131","65","64","33.22","79.94","6.96","100","sugarcane"
"112","53","70","27.93","77.23","6","140.96","sugarcane"
"125","68","56","30.23","77","6.08","112.57","sugarcane"
"135","46","66","27.74","78.63","6.64","148.16","sugarcane"
"137","64","54","33.26","76.9","6.97","175.03","sugarcane"
"140","58","76","30.31","79.24","6.64","195.82","sugarcane"
"119","57","78","31.67","77.98","6.84","157.77","sugarcane"
"129","52","71","33.54","87.52","7.56","125.49","sugarcane"
"123","63","83","27.82","90","6.25","157.31","sugarcane"
"114","68","82","31.42","76.02","6.78","166.59","sugarcane"
"132","62","81","29.71","73.92","7.13","155.1","sugarcane"
"122","61","72","27.93","81.35","7.26","136.43","sugarcane"
"122","40","80","24.34","75.83","6.93","154.78","sugarcane"
"130","57","65","28.76","84.62","6.25","125.82","sugarcane"
"114","53","100","29.23","70","7.35","129.3","sugarcane"
"114","67","76","25.77","85.53","7.8","116.53","sugarcane"
"145","63","82","28","82.18","7.8","135.27","sugarcane"
"116","50","77","31.63","87.6","6.81","156.45","sugarcane"
"113","57","77","28.98","75.93","6","149.3","sugarcane"
"135","53","79","33.21","71.89","6.48","200","sugarcane"
"145","57","90","30.63","84.09","6.74","153.54","sugarcane"
"138","63","67","32.23","80.27","6.92","132.9","sugarcane"
"143","48","60","29.1","83.91","6.61","183.22","sugarcane"
"124","60","81","26.43","81.01","6.57","177","sugarcane"
"142","62","78","26.47","77.52","6.89","158.47","sugarcane"
"132","62","80","24","71.39","7.27","145.21","sugarcane"
"128","62","65","26.35","86.68","6.53","134.15","sugarcane"
"110","56","80","27.69","78.55","7.55","142.02","sugarcane"
"131","48","66","35","74.58","6","123.52","sugarcane"
"140","57","84","27","86.03","6.69","168.3","sugarcane"
"133","40","72","28.03","76.36","7.28","121.35","sugarcane"
"133","70","69","31.6","84.12","6.89","200","sugarcane"
"137","61","91","28.95","84.76","7.62","153.4","sugarcane"
"122","63","100","24.86","82.49","6.5","131.17","sugarcane"
"124","54","66","24","81.66","6.43","158.33","sugarcane"
"110","56","67","24","80.75","7.03","179.85","sugarcane"
"123","61","66","30.17","75.79","7.26","151","sugarcane"
"141","51","100","30.54","82.9","6.88","100","sugarcane"
"120","63","68","27.42","81","6.82","126.96","sugarcane"
"118","55","81","32.36","81.46","6.56","175.87","sugarcane"
"128","53","71","24","80.84","6.73","145.68","sugarcane"
"121","65","78","28.58","88.54","6.55","185.9","sugarcane"
"126","58","88","28.82","77.91","6.49","171.31","sugarcane"
"140","51","83","29.38","79.63","6.63","131","sugarcane"
"135","66","81","29.68","74.5","6.99","121.52","sugarcane"
"145","60","91","30.03","89.53","7.63","168.01","sugarcane"
"123","51","80","30.01","79.78","6.16","142.75","sugarcane"
"128","52","77","26.74","87.39","7","150.07","sugarcane"
"116","53","52","34.65","82.23","6.68","118.98","sugarcane"
"122","59","56","31.9","83.76","6.63","122.13","sugarcane"
"134","59","76","30.41","71.06","6.61","187.23","sugarcane"
"123","47","80","25.87","76.73","6.66","161.49","sugarcane"
"133","56","68","35","70","6.1","160.64","sugarcane"
"140","48","77","32.29","77.69","6.33","197.63","sugarcane"
"145","56","81","31.73","78.55","7.38","177.03","sugarcane"
"110","53","73","30.06","74.38","6.25","139.7","sugarcane"
"116","47","71","34.67","78.68","6.82","135.61","sugarcane"
"130","43","66","26.95","82.71","6.29","149.58","sugarcane"
"128","60","93","27.74","86.5","7.23","140.04","sugarcane"
"145","70","56","27.86","80.56","7.1","155.41","sugarcane"
"124","62","71","24.81","83.05","6.84","140.05","sugarcane"
"131","56","66","24.45","80.3","6.71","154.16","sugarcane"
"137","59","66","29.55","82.42","6.97","200","sugarcane"
"115","51","66","28.07","82.9","6.67","114.77","sugarcane"
"124","48","75","30.01","77.95","6.79","146.64","sugarcane"
"115","65","58","27.62","73.1","6.85","126.15","sugarcane"
"145","59","63","33.51","74.84","7.22","145.15","sugarcane"
"120","56","90","24","79.26","7","123.27","sugarcane"
"116","67","61","28.4","86.17","7.07","150.79","sugarcane"
"112","42","72","25.43","80.98","7.21","156.36","sugarcane"
"143","67","64","27.99","70","7.1","149.29","sugarcane"
"130","60","71","28.61","76.02","6.91","143.96","sugarcane"
"116","64","63","28.77","75.67","7.49","169.54","sugarcane"
"144","65","95","26.26","84.69","7.03","168.14","sugarcane"
"135","44","69","29.97","81.8","6.74","151.63","sugarcane"
"116","55","94","30.92","88.89","7.05","141.84","sugarcane"
"122","60","71","29.9","81.72","6.84","148.82","sugarcane"
"138","47","68","25.68","82.16","7.1","181.96","sugarcane"
"127","52","76","26.14","86.69","7.33","125.74","sugarcane"
"121","56","60","31.31","90","6.36","169.49","sugarcane"
"110","47","78","27.77","84.05","7.1","113.24","sugarcane"
"145","66","76","30.21","82.1","7.3","139.2","sugarcane"
"126","49","74","27.92","87.71","6.95","113.86","sugarcane"
"134","63","78","26.06","86.77","7.08","113.53","sugarcane"
"118","70","74","29.94","75.5","6.39","138.36","sugarcane"
"137","57","96","27.57","82.98","7.59","151.22","sugarcane"
"131","64","50","28.6","76.47","6.87","150.99","sugarcane"
"141","47","62","27.61","75.4","7.51","142.07","sugarcane"
"125","44","77","32.34","71.9","6.67","136.68","sugarcane"
"132","56","56","27.32","75.15","6.81","113.13","sugarcane"
"130","44","68","31.67","86.2","7.67","153.95","sugarcane"
"119","46","86","33.02","77.96","7.69","159.59","sugarcane"
"139","63","68","27.43","76.58","6","157.31","sugarcane"
"145","66","72","30.87","75.31","6.43","153.25","sugarcane"
"110","58","100","27.92","85.49","7.19","155.99","sugarcane"
"129","61","66","32.9","79.04","7.17","141.6","sugarcane"
"120","58","76","27.53","81.64","6.92","168.19","sugarcane"
"132","49","78","24.8","75.73","6.98","199.06","sugarcane"
"122","48","65","32.87","80.37","6.79","138.6","sugarcane"
"142","44","74","26.28","79.28","6.9","121.31","sugarcane"
"126","40","72","28.02","84.79","6.98","186.5","sugarcane"
"128","49","57","35","85.52","7.1","136.94","sugarcane"
"142","58","79","28.23","87.25","6.38","127.6","sugarcane"
"129","65","71","33.4","70","7.01","153.77","sugarcane"
"145","56","54","26.59","78.47","6.08","100.69","sugarcane"
"131","47","88","29.75","85.21","7.01","138.87","sugarcane"
"134","40","63","24","84.4","7.3","134.21","sugarcane"
"110","62","83","33.69","86.34","7","128.83","sugarcane"
"118","52","66","28.15","78.87","7.08","140.85","sugarcane"
"117","63","73","26.01","78.49","6.77","150.93","sugarcane"
"133","57","73","26.08","77.95","7.02","142.21","sugarcane"
"121","40","76","29.58","82.41","7.32","150.72","sugarcane"
"133","42","72","28.37","81.95","7.06","159.48","sugarcane"
"145","56","69","26.96","82","7.07","168.69","sugarcane"
"145","63","50","28.9","73.15","6.67","143.15","sugarcane"
"133","54","79","29.38","81.47","6.9","200","sugarcane"
"125","53","84","26.86","78.81","7.19","129.83","sugarcane"
"118","65","70","28.63","77.77","6.82","112.14","sugarcane"
"140","61","96","30.33","81.18","6.83","142.52","sugarcane"
"136","53","65","24","78.69","6.66","126.34","sugarcane"
"130","61","70","32.04","77.92","7.35","148.8","sugarcane"
"138","53","58","26.16","76.88","6.79","170.26","sugarcane"
"113","50","70","33.59","70","7.01","193.03","sugarcane"
"143","40","53","25.87","83.49","7.04","142.74","sugarcane"
"143","48","64","28.12","78.74","6.67","124.74","sugarcane"
"131","48","97","32.79","79.58","7.28","140.46","sugarcane"
"121","57","52","27.52","85.58","6.36","154.98","sugarcane"
"139","55","76","27.45","88.97","7.17","187.88","sugarcane"
"128","42","60","33.19","77.12","6.85","150.54","sugarcane"
"126","66","79","29.23","79.05","6.36","171.97","sugarcane"
"128","65","83","25.2","77.76","6.91","113.85","sugarcane"
"121","49","86","27.03","80.11","7.39","145.95","sugarcane"
"129","47","70","29.1","80.83","6.78","182.03","sugarcane"
"142","48","64","29.04","81.26","6.75","150.09","sugarcane"
"119","61","61","24.38","79.18","6.75","129.76","sugarcane"
"128","47","57","27.5","82.29","6.67","157.04","sugarcane"
"143","65","76","32.25","82.56","7.15","124.96","sugarcane"
"127","40","61","29.15","73.99","7.07","134.58","sugarcane"
"122","68","82","28.17","83.68","7.36","144.85","sugarcane"
"145","52","68","30.61","82.83","6","140.52","sugarcane"
"120","58","81","28","74.34","7.02","172.72","sugarcane"
"110","69","58","29.77","83.4","6.97","163.57","sugarcane"
"140","62","72","28.12","75.46","6.69","123.4","sugarcane"
"145","52","78","32.27","83.73","6.91","116.53","sugarcane"
"145","51","56","30.13","76.79","7.21","200","sugarcane"
"119","55","65","29.38","79.27","7.02","194.34","sugarcane"
"131","54","59","29.24","75.91","7.22","160.53","sugarcane"
"126","56","85","28.03","78.29","7.51","135.68","sugarcane"
"127","40","73","28.91","70","6.82","200","sugarcane"
"119","51","76","28.96","89.51","6.95","136.92","sugarcane"
"125","52","68","29.41","87.67","7.09","137.57","sugarcane"
"120","62","71","34.1","77.43","7.06","138.77","sugarcane"
"127","52","69","24.33","79.52","7.31","126.46","sugarcane"
"123","44","84","27.84","82.53","6.39","155.55","sugarcane"
"141","62","55","27.48","79.87","7.38","159.17","sugarcane"
"140","57","75","32.62","73.84","6.44","171.58","sugarcane"
"116","52","77","30.86","77.86","6.78","151.22","sugarcane"
"114","57","86","30.18","74.89","7.02","140.27","sugarcane"
"117","44","63","27.68","80.22","6.58","140.18","sugarcane"
"110","58","78","26.42","84.54","7.39","186.99","sugarcane"
"124","57","84","26.7","85.42","6.83","161.9","sugarcane"
"141","61","63","31.46","81.21","7.07","162.36","sugarcane"
"137","66","56","33","84.9","7.73","198.05","sugarcane"
"118","46","88","26.53","71.38","7.3","134.83","sugarcane"
"127","49","92","31.99","74.4","6.52","200","sugarcane"
"144","57","91","27.33","83.22","7.36","132.16","sugarcane"
"112","65","80","31.18","83.96","6.69","151.82","sugarcane"
"123","66","95","24.13","75.45","7.71","162.03","sugarcane"
"137","66","70","28","74.33","6.05","183.53","sugarcane"
"127","51","69","27.76","86.97","6.78","155.85","sugarcane"
"127","66","59","31.17","83.99","6.56","170.19","sugarcane"
"112","58","90","26.46","78.14","6.85","168.14","sugarcane"
"129","49","56","27","82.48","6.65","120.6","sugarcane"
"123","62","66","28.42","78.27","6.84","139.22","sugarcane"
"132","66","73","30.06","77.8","6.47","135.76","sugarcane"
"132","59","64","28.96","77.45","6.48","193.47","sugarcane"
"133","56","96","30.57","70","6.52","130.58","sugarcane"
"130","56","74","32.94","75.44","6","135.38","sugarcane"
"119","54","61","28.43","77.97","6.72","171.86","sugarcane"
"122","60","85","34.04","80.87","7.2","188.72","sugarcane"
"130","52","83","24.67","80.56","7.01","127.65","sugarcane"
"126","56","70","27.61","81.25","7.49","112.62","sugarcane"
"122","59","77","28.92","87.63","7.3","199.65","sugarcane"
"129","47","64","24.01","74.15","6.68","171.07","sugarcane"
"143","52","65","28.76","88.78","6.57","145.46","sugarcane"
"112","50","77","29.77","82.75","6.61","132.78","sugarcane"
"115","55","69","31.33","81.15","6.41","139.21","sugarcane"
"143","42","56","26.7","80.63","6.79","128.31","sugarcane"
"125","65","82","26.97","84.38","6.99","150.26","sugarcane"
"122","55","88","28.92","73.08","7.57","145.02","sugarcane"
"129","54","62","31.26","70","6.56","174.29","sugarcane"
"141","57","67","27.79","88.73","7.67","144.65","sugarcane"
"124","66","75","25.32","75.69","6.25","128.72","sugarcane"
"113","55","55","27.78","82.06","7.41","173.02","sugarcane"
"123","55","69","35","81.56","7.46","166.46","sugarcane"
"128","55","71","30.75","80.75","6.95","179.18","sugarcane"
"126","59","71","25.77","72.61","6.81","100","sugarcane"
"117","58","57","27.39","85.08","6.55","173.65","sugarcane"
"145","55","72","33.24","76.31","7.34","193.42","sugarcane"
"121","49","81","29.53","77.04","6.65","118.22","sugarcane"
"133","65","86","32.7","77.06","6.68","167.39","sugarcane"
"145","58","63","30.21","75.33","6.34","181.01","sugarcane"
"117","58","66","25.17","78.12","6.71","159.96","sugarcane"
"129","52","100","29.73","75.86","7.51","183.58","sugarcane"
"126","48","69","34.8","70","6.72","148.52","sugarcane"
"131","65","72","25.23","75.13","6.63","100","sugarcane"
"143","68","81","29.29","82.98","7.7","174.77","sugarcane"
"122","65","98","27.15","77.14","6.79","177.13","sugarcane"
"123","44","82","25.48","77.67","6.3","155.4","sugarcane"
"143","56","68","31.44","77.74","7.19","158.01","sugarcane"
"134","52","76","27.13","75.42","6.79","145.12","sugarcane"
"115","59","89","29.92","84.54","6.92","168.4","sugarcane"
"110","60","77","24.49","84.2","6.8","173.04","sugarcane"
"114","48","78","35","74.16","6.97","189.63","sugarcane"
"129","64","70","33.89","88.5","6.92","158.57","sugarcane"
"136","55","72","27.49","84.98","6.38","139.74","sugarcane"
"116","45","85","28.47","77.12","6.58","133.44","sugarcane"
"131","61","75","30.84","80.47","7.23","129.47","sugarcane"
"115","57","80","28.8","72.75","6.22","157.78","sugarcane"
"135","70","84","30.91","86.9","6.76","169.94","sugarcane"
"120","49","87","32.48","87.21","6.81","199.34","sugarcane"
"123","67","91","31.79","78.93","6.74","145.01","sugarcane"
"143","56","67","30.55","76.94","6.95","106.42","sugarcane"
"134","53","72","24.83","90","6.91","175.44","sugarcane"
"138","50","62","29.92","82.21","6.94","147.52","sugarcane"
"141","54","57","30.21","72.65","7.14","166.01","sugarcane"
"122","52","80","26.14","75.97","7.11","146.62","sugarcane"
"133","54","80","26.49","75.31","7.8","152.2","sugarcane"
"141","53","79","28.05","85.25","6.54","135.15","sugarcane"
"144","55","62","29.49","82.56","7.68","155.16","sugarcane"
"127","49","82","29.76","75.93","6.87","161.95","sugarcane"
"122","47","75","34.93","80.24","6.84","152.76","sugarcane"
"137","55","65","30.38","76.36","6.5","110.96","sugarcane"
"125","50","82","24.81","71.42","7.08","166.52","sugarcane"
"128","62","72","29.46","80.24","6.8","196.61","sugarcane"
"112","49","76","26.84","74.1","6.94","155.52","sugarcane"
"123","57","75","25.97","80.7","6.39","146.36","sugarcane"
"114","60","54","24","83.35","7.32","161.64","sugarcane"
"128","40","76","30.31","80.35","6.96","119.43","sugarcane"
"126","47","100","32.26","87.12","7.28","100","sugarcane"
"143","61","55","32.72","79.08","6.76","131.31","sugarcane"
"128","63","94","30.37","85.29","7.12","159.24","sugarcane"
"141","65","72","24.76","82.55","6.45","145","sugarcane"
"132","51","83","33.16","83.52","6.88","100","sugarcane"
"129","48","100","34.26","78.5","7.37","154.82","sugarcane"
"142","60","75","31.85","71","7.34","150.66","sugarcane"
"124","56","80","25.14","84.42","6.78","153.03","sugarcane"
"121","49","81","28.8","83.8","7.27","138.12","sugarcane"
"145","64","84","27.78","81.31","6.9","143.49","sugarcane"
"138","49","81","27.35","85.11","7.56","137.14","sugarcane"
"124","54","74","26.68","90","7.45","131.15","sugarcane"
"120","58","50","24.77","83.38","6.78","142.46","sugarcane"
"130","47","65","27.92","70.28","6.64","136.01","sugarcane"
"130","55","76","26.1","78.58","6.32","177.86","sugarcane"
"120","53","66","30.97","74.41","6.52","160.47","sugarcane"
"145","70","83","31.61","75.17","7.51","141.97","sugarcane"
"127","62","75","31.88","76.36","6.63","130.05","sugarcane"
"132","66","70","24.55","86.15","6.78","141.58","sugarcane"
"110","51","82","29.53","77.72","6.68","140.57","sugarcane"
"130","58","62","28.07","73.28","7.03","153.16","sugarcane"
"125","48","79","29.84","85.2","7.38","139.45","sugarcane"
"123","69","62","28.25","74.07","6.9","157.59","sugarcane"
"118","66","77","30.95","70.11","6.86","128.35","sugarcane"
"134","67","51","24.72","84.91","6.8","169.2","sugarcane"
"121","51","75","25.22","82.26","6.42","166.13","sugarcane"
"125","61","84","30.67","84.93","6.26","106.5","sugarcane"
"124","54","82","32.55","80.9","6.36","184.05","sugarcane"
"142","66","84","31.82","75.76","6.42","133.61","sugarcane"
"145","56","73","30.81","76.8","6.18","165.57","sugarcane"
"127","55","65","26.51","85.49","7.19","179.98","sugarcane"
"136","52","85","27.73","87.83","7","155.56","sugarcane"
"145","70","89","27.13","89.33","6","185.17","sugarcane"
"128","54","74","30.59","88.15","6.59","164.55","sugarcane"
"129","50","75","29.99","83.45","6.46","126.9","sugarcane"
"141","47","71","27.62","80.4","7.23","200","sugarcane"
"136","70","72","30.12","81.81","6.72","156.25","sugarcane"
"122","43","71","27.76","81.39","7.23","197.87","sugarcane"
"117","52","63","25.63","83.56","6.51","141.43","sugarcane"
"125","44","72","29.15","78.47","6.78","134.7","sugarcane"
"132","49","99","26.22","85.63","6.7","133.68","sugarcane"
"124","70","71","27.5","79.23","7.21","155.13","sugarcane"
"137","57","71","28.96","78.01","6.61","174.81","sugarcane"
"124","54","61","31.69","77.51","6.82","134.8","sugarcane"
"140","54","72","31.8","86.91","6.69","148.91","sugarcane"
"133","56","63","25.68","82.49","6.92","109.82","sugarcane"
"126","48","62","30.33","80.41","6.98","150.92","sugarcane"
"145","47","88","30.04","71.76","6.74","154.17","sugarcane"
"140","52","70","30.39","81.97","6.85","174.9","sugarcane"
"130","44","81","31.78","80.7","6.48","200","sugarcane"
"134","60","94","32.07","84.33","7.71","149.68","sugarcane"
"134","67","69","28.36","70","7.4","185.37","sugarcane"
"140","49","78","30.19","81.99","6.44","114.25","sugarcane"
"110","50","60","32.36","87.03","6.99","118.15","sugarcane"
"119","54","78","29.56","82.98","6.81","138.81","sugarcane"
"123","57","70","24","86.09","6.04","120.13","sugarcane"
"118","51","97","26.37","70","7.19","167.21","sugarcane"
"123","48","52","31.64","85.52","7.55","147.19","sugarcane"
"143","49","66","26.01","81.27","6.87","200","sugarcane"
"117","55","80","29","77.25","7.22","193.15","sugarcane"
"133","51","50","26.89","82.26","6.7","187.27","sugarcane"
"138","60","58","24","90","7.14","188.72","sugarcane"
"111","55","73","30.39","90","6.39","151.26","sugarcane"
"118","60","70","32.26","84.36","6.75","153.97","sugarcane"
"132","44","84","26.34","76.86","7.42","163.08","sugarcane"
"133","51","77","28","76.96","6.66","176.61","sugarcane"
"145","61","71","25.03","80.33","7.19","146.3","sugarcane"
"112","58","63","26.77","82.35","6.91","120.26","sugarcane"
"125","40","66","30.64","81.92","7.27","117.55","sugarcane"
"118","70","75","27.2","83.15","6.09","149.62","sugarcane"
"136","47","73","28.07","80.15","6.57","139.52","sugarcane"
"145","49","66","30.43","81.75","7.8","171.99","sugarcane"
"145","46","68","24.6","83.08","7.44","103.12","sugarcane"
"145","64","61","30.12","82.35","6.75","136.8","sugarcane"
"130","58","77","24.68","82.38","6.74","135.38","sugarcane"
"125","50","83","32.04","81.05","6.99","172.39","sugarcane"
"145","47","78","24","84.31","7.06","161.38","sugarcane"
"132","61","70","28.74","82.08","6.51","177.75","sugarcane"
"129","68","69","26.56","82.32","7.43","155.82","sugarcane"
"143","58","73","26.62","82.96","7.8","118.34","sugarcane"
"127","51","80","26.82","82.94","7.04","140.88","sugarcane"
"128","49","89","24","77.08","7.36","135.9","sugarcane"
"135","46","100","29.95","80.03","7.8","148.06","sugarcane"
"132","52","77","27.45","90","6.41","149.06","sugarcane"
"110","70","69","24.64","79.32","7.39","156.83","sugarcane"
"132","51","68","30.43","77.85","7.15","161.94","sugarcane"
"140","60","67","27.79","76.85","6.82","151.07","sugarcane"
"117","55","70","28.97","75.68","6.52","106.14","sugarcane"
"129","52","90","25.35","84.97","6.43","107.79","sugarcane"
"123","55","77","24.84","80.12","7.43","183.27","sugarcane"
"115","45","83","24.99","76.9","6.68","132.47","sugarcane"
"115","56","85","25.61","77.85","6.47","200","sugarcane"
"112","48","80","32.06","72.43","7.45","122.31","sugarcane"
"130","51","79","31.01","79.37","7.05","120.11","sugarcane"
"123","63","76","35","84.48","6.43","134.58","sugarcane"
"124","54","100","24.95","84.22","6.72","135.58","sugarcane"
"122","52","67","27.28","77.21","7.24","153.58","sugarcane"
"136","55","61","24","81.33","6.39","155.17","sugarcane"
"131","50","92","28.46","74.29","7","152.68","sugarcane"
"121","55","68","27.4","80.88","6.96","163.85","sugarcane"
"140","52","78","24.22","70","6.51","145.12","sugarcane"
"137","70","83","34.8","75.22","6.31","132.93","sugarcane"
"125","58","97","28.41","86.97","6.4","165.59","sugarcane"
"133","51","61","25.53","70.4","6.6","133.49","sugarcane"
"131","55","77","24","85.64","6.97","121.09","sugarcane"
"126","47","75","29.25","81.41","7.32","115.88","sugarcane"
"135","70","99","24.57","86.95","6.99","146.65","sugarcane"
"128","44","72","30.35","70.33","6.52","117.21","sugarcane"
"136","50","71","27.88","78.62","6.23","147.03","sugarcane"
"130","51","73","31.61","83.86","6.49","123.12","sugarcane"
"110","48","74","24","86.05","6.91","126.33","sugarcane"
"131","55","68","26.37","74.26","6.88","152.4","sugarcane"
"119","67","84","30.94","88.39","6.41","162.13","sugarcane"
"133","58","72","28.33","82.3","6.89","160.01","sugarcane"
"132","57","75","28.42","85.15","6.51","141.35","sugarcane"
"118","65","76","31.84","77.84","6.27","117.05","sugarcane"
"140","48","94","30","73.47","6.75","150.69","sugarcane"
"110","56","82","29.11","79.49","6.96","196.67","sugarcane"
"117","48","80","27.35","72.4","6.45","169.47","sugarcane"
"124","52","87","32.49","86.8","7.23","130.01","sugarcane"
"110","60","76","24.9","84.81","6.83","147.8","sugarcane"
"132","50","76","26","82.41","6.77","175.04","sugarcane"
"131","57","67","31.57","73.08","6.65","151.85","sugarcane"
"127","52","74","29.28","84.41","7.09","163.1","sugarcane"
"140","55","65","34.28","79.73","6.56","139.42","sugarcane"
"125","54","76","26.23","74.85","6.88","104.04","sugarcane"
"128","53","83","35","70","7.37","158.06","sugarcane"
"126","52","82","28.69","80.94","6.76","150.32","sugarcane"
"122","57","90","24.39","78.75","7.5","174.78","sugarcane"
"142","43","77","29.35","80.99","6.31","174.81","sugarcane"
"140","40","77","30.58","77.92","7.25","180.23","sugarcane"
"129","40","61","27.41","80.9","6.88","168.03","sugarcane"
"122","50","73","29.52","88.37","7.5","152.62","sugarcane"
"130","70","92","32.68","80.61","6.98","130.39","sugarcane"
"141","50","100","25.42","79.85","6.72","143.61","sugarcane"
"145","56","71","30.91","78.46","6.57","165.37","sugarcane"
"117","59","100","26.05","77.44","7.15","100.71","sugarcane"
"111","60","85","31.33","86.03","6.92","145.4","sugarcane"
"128","50","63","29.63","78.07","6.81","147.98","sugarcane"
"123","58","69","25.32","78.18","7.31","137.24","sugarcane"
"136","44","75","27.03","87.85","6.74","163.18","sugarcane"
"130","68","56","29.02","84.14","6.24","153.55","sugarcane"
"129","51","100","25.81","78.37","6.74","153.57","sugarcane"
"141","42","54","29.5","84.91","6.5","152.11","sugarcane"
"145","48","100","24","85.35","6.16","117.76","sugarcane"
"132","52","63","28.51","85.17","7.22","135.26","sugarcane"
"123","50","88","32.47","74.76","6.56","154.18","sugarcane"
"142","58","91","24","79.35","6.89","139.66","sugarcane"
"116","50","70","26.39","76.82","6.69","127.45","sugarcane"
"119","52","50","30.88","75.58","7.72","168.31","sugarcane"
"114","45","83","24.42","80.92","7.47","142.19","sugarcane"
"144","52","53","31.67","70","6.78","170.05","sugarcane"
"144","61","77","29.1","76.86","6.59","136.32","sugarcane"
"125","40","62","33.76","82.23","6.44","133.36","sugarcane"
"124","60","77","30.5","70","6.45","136.26","sugarcane"
"145","57","79","34.15","83.97","6.11","180.75","sugarcane"
"110","61","50","28.59","75.22","7.25","132.68","sugarcane"
"131","54","64","28.84","75.77","7.2","155.91","sugarcane"
"140","59","88","28.01","70","6.3","136.04","sugarcane"
"134","56","88","30.19","78.58","6.97","173.93","sugarcane"
"136","68","88","27.06","78.99","6.44","128.38","sugarcane"
"115","49","82","28.2","78.1","6.91","136.17","sugarcane"
"130","56","68","29.61","90","6.92","165.77","sugarcane"
"124","57","82","35","84.31","6.43","174.1","sugarcane"
"130","69","61","25.58","87.83","7.72","112.2","sugarcane"
"134","61","94","29.99","90","7.8","146.03","sugarcane"
"134","50","77","29.98","70.56","6.69","167.44","sugarcane"
"136","69","50","27.18","79.89","6.65","156.95","sugarcane"
"110","59","82","27.83","86.19","7.3","177.4","sugarcane"
"125","61","85","31.58","78.98","6.63","165.13","sugarcane"
"135","57","73","29.88","70","7.37","167.02","sugarcane"
"120","50","96","29.79","81.21","6.36","161.03","sugarcane"
"141","58","85","26.23","71.57","7.2","196.11","sugarcane"
"127","55","75","26.98","76.55","6.55","153.23","sugarcane"
"112","61","69","26.52","89.07","7.09","185.9","sugarcane"
"128","60","55","30.53","85.44","6.75","200","sugarcane"
"129","48","78","33.13","79.98","6.36","154.89","sugarcane"
"134","50","51","24","85.24","7.22","140.28","sugarcane"
"115","60","50","31.01","82.1","6.06","152.68","sugarcane"
"137","66","68","24.9","74.15","6.74","173.38","sugarcane"
"115","70","52","28.51","79.58","7.8","132.87","sugarcane"
"128","41","74","28.63","75.71","7.31","151.77","sugarcane"
"131","70","66","30.87","70.92","6.47","160.77","sugarcane"
"137","46","78","28.24","82.68","7.39","151.69","sugarcane"
"120","69","86","25","73.14","6.77","164.85","sugarcane"
"127","69","96","28.16","74.33","7.11","171.21","sugarcane"
"145","62","62","34.14","79.58","6.72","162.05","sugarcane"
"127","50","71","26.31","83.32","7.45","162.82","sugarcane"
"130","61","82","28.64","76.32","6.95","148.51","sugarcane"
"129","40","71","28.65","89.4","7.12","147.94","sugarcane"
"121","53","62","28.73","75.52","6.99","131.56","sugarcane"
"119","51","66","29.52","78.63","7.37","149.33","sugarcane"
"136","62","86","27.3","79.49","6.8","100","sugarcane"
"142","45","57","29.46","77.26","6.84","114.74","sugarcane"
"135","65","67","27.46","76.41","7.15","153.3","sugarcane"
"145","45","83","31.7","76.04","6.63","148.02","sugarcane"
"130","47","67","30.31","76.02","6.77","172.19","sugarcane"
"132","70","87","28.97","82.77","6.91","136.49","sugarcane"
"137","65","68","33.37","82.44","7.16","128.47","sugarcane"
"132","53","76","29.44","75.82","7.3","127.75","sugarcane"
"117","67","79","25.88","82","6.7","155.5","sugarcane"
"123","62","62","27.34","83.25","7.22","106.92","sugarcane"
"120","52","85","25.92","82.77","6.87","148.32","sugarcane"
"126","51","76","33.3","83.21","6.53","119.88","sugarcane"
"139","40","91","26.09","87.3","7.07","123.17","sugarcane"
"139","47","51","29.54","73.79","7.27","169.06","sugarcane"
"120","65","79","27.89","85.08","6.17","160.1","sugarcane"
"145","52","58","28.34","80.59","7.58","187.27","sugarcane"
"123","61","78","25.18","80.63","7.01","142.74","sugarcane"
"138","63","86","28.48","79.2","6.69","159.7","sugarcane"
"112","56","94","24","75.08","6.37","155.29","sugarcane"
"122","56","67","30.25","74.86","7.14","191.23","sugarcane"
"125","44","60","28.22","81.09","6.85","183.83","sugarcane"
"126","65","71","27.63","75.8","6.39","114.62","sugarcane"
"130","56","72","29.08","86.2","7.19","105.33","sugarcane"
"125","63","65","35","83.36","7.22","147.07","sugarcane"
"125","62","76","32.1","75.81","6.46","145.45","sugarcane"
"141","51","100","32.64","70.11","6.69","125.11","sugarcane"
"119","65","73","25.09","79.59","6.42","152.87","sugarcane"
"120","57","60","25.54","80.24","6.3","145.67","sugarcane"
"132","54","84","28.74","73.83","6.22","154.03","sugarcane"
"110","46","65","30.91","81.87","6","128.63","sugarcane"
"129","40","77","30.08","79.71","6.79","133.9","sugarcane"
"145","62","100","32.59","79.44","6.84","151.25","sugarcane"
"110","54","78","28.11","76.79","6.33","148.24","sugarcane"
"124","51","65","29.24","85.14","6.95","165.56","sugarcane"
"116","45","78","28.93","85.51","6.82","117.56","sugarcane"
"129","47","70","31.25","83.43","7.5","150.26","sugarcane"
"118","53","79","31.83","79.56","6.59","100","sugarcane"
"117","46","100","31.97","72.77","7.44","107.9","sugarcane"
"130","45","90","30.29","90","7.46","100","sugarcane"
"126","52","100","27.01","77.76","7.5","200","sugarcane"
"114","55","59","30.03","81.65","6.89","164.82","sugarcane"
"118","40","88","29.39","73.7","7.01","135.77","sugarcane"
"123","65","73","27.44","85.51","7.12","123.36","sugarcane"
"130","61","51","32.06","75","6.34","127.71","sugarcane"
"111","58","86","30.29","79.16","7.03","157.56","sugarcane"
"135","49","56","24.23","83.21","7.04","177.86","sugarcane"
"127","70","71","27.07","81.77","6.7","151.14","sugarcane"
"143","51","95","27.75","84.16","7.15","142.04","sugarcane"
"119","57","82","35","80.11","6.91","147.28","sugarcane"
"124","58","79","31.23","83.36","7.8","166.51","sugarcane"
"145","70","77","30.9","80.33","6.41","174.86","sugarcane"
"130","66","80","26.19","71.65","7.44","100","sugarcane"
"127","52","89","29.31","82.91","6.95","176.35","sugarcane"
"140","69","50","28.15","80.2","6.57","149","sugarcane"
"145","46","78","27.52","88.23","6.67","182.87","sugarcane"
"135","58","50","26.31","82.19","7.8","150.92","sugarcane"
"123","51","70","24","74.42","7.36","169.28","sugarcane"
"138","43","70","29.4","73.08","6.76","200","sugarcane"
"131","52","59","26.09","74.41","6.7","138.08","sugarcane"
"115","56","76","24","78.23","6.86","143.73","sugarcane"
"135","56","64","27.54","77.77","6.74","194.42","sugarcane"
"110","59","76","28.99","80.14","6.28","117.25","sugarcane"
"126","47","76","27.41","88.94","7.15","200","sugarcane"
"122","56","79","27.04","88.28","6.77","158.4","sugarcane"
"145","56","60","28.22","84.44","7.37","149.2","sugarcane"
"113","60","77","25.46","78.74","6.51","167.78","sugarcane"
"140","60","72","31.83","77.6","6.98","126.8","sugarcane"
"116","42","100","27.54","70.94","7.53","137.46","sugarcane"
"122","45","87","29.32","77.45","6.98","132.34","sugarcane"
"129","50","84","29.51","87.24","6.26","138.93","sugarcane"
"130","49","68","29.4","70","7.08","197.46","sugarcane"
"121","48","97","31.05","79.58","6.56","100","sugarcane"
"121","61","65","30.31","79.15","7.14","148.7","sugarcane"
"132","55","64","35","70.59","7.29","140.03","sugarcane"
"135","52","64","31.6","81.32","6.64","168.88","sugarcane"
"117","40","76","27.02","84.23","7.16","131.95","sugarcane"
"135","53","74","34.24","83.39","6.51","100","sugarcane"
"142","51","77","25.35","79.49","6.93","200","sugarcane"
"131","48","75","28.31","72.11","7.61","114.39","sugarcane"
"142","68","85","33.5","87.79","6.11","153.49","sugarcane"
"120","53","50","24","83.8","7.06","120.64","sugarcane"
"127","70","89","32.65","79.7","7.28","102.73","sugarcane"
"139","58","82","28.57","76.13","6.51","172.04","sugarcane"
"123","50","86","33.09","90","6.3","153.24","sugarcane"
"124","41","81","29.46","79.83","7.25","133.61","sugarcane"
"138","62","93","26.3","78.22","7.2","100.05","sugarcane"
"123","49","86","30.23","73.61","6.5","154.81","sugarcane"
"112","40","73","33.1","84.72","7.02","166.48","sugarcane"
"134","46","68","26","77.59","6.94","146.44","sugarcane"
"120","70","78","30.63","81.03","6.64","167.19","sugarcane"
"123","53","69","24","83.23","6.68","153.49","sugarcane"
"117","40","74","28.44","88.54","6.21","140.24","sugarcane"
"137","56","89","25.48","82.78","7.1","179.29","sugarcane"
"114","48","83","31.91","80.14","6.22","163.36","sugarcane"
"124","61","52","30.72","84.65","6.97","175.81","sugarcane"
"145","56","100","32.21","75.67","6.84","119.31","sugarcane"
"135","56","73","28.92","81.82","6.73","193.96","sugarcane"
"133","51","67","34.52","83.73","6.82","152.37","sugarcane"
"124","57","70","29.33","77.81","7.24","154.62","sugarcane"
"133","47","65","29.08","81.45","6.76","140.43","sugarcane"
"116","54","70","30.66","84","6.53","140.5","sugarcane"
"130","59","74","29.97","75.21","6.23","164.64","sugarcane"
"131","49","81","32.26","78.77","7.12","186.02","sugarcane"
"134","49","65","34.28","77.04","6.71","119.68","sugarcane"
"110","67","93","33.17","81.08","6.53","148.53","sugarcane"
"138","51","83","27.62","79.92","6.8","131.94","sugarcane"
"124","61","98","31.82","81.61","7.04","147.56","sugarcane"
"130","59","90","27.96","79.72","6.68","105.71","sugarcane"
"136","49","95","32.02","79.89","7.8","173.52","sugarcane"
"120","48","76","30.21","75.54","7.11","140.21","sugarcane"
"143","56","70","28.71","90","7.22","151.35","sugarcane"
"129","58","74","31.84","80.21","7.25","106.41","sugarcane"
"124","59","65","31.58","86.35","7.16","164.85","sugarcane"
"133","59","68","29.85","79.22","7.25","140.03","sugarcane"
"140","58","74","29.43","81.95","6.81","144.28","sugarcane"
"127","56","78","30.29","83.73","6.65","162.12","sugarcane"
"134","64","90","25.22","83.67","6.5","119.66","sugarcane"
"138","49","85","24","74.97","6.66","147.39","sugarcane"
"129","61","81","30.65","86.64","6.81","142.23","sugarcane"
"121","62","75","28.23","82.23","6.82","158.61","sugarcane"
"110","44","76","28.01","90","6.83","180.33","sugarcane"
"121","60","92","28.87","81.7","6.48","133.27","sugarcane"
"140","43","94","25.69","75.57","7.06","172.42","sugarcane"
"110","54","66","29.92","78.1","6.41","121.26","sugarcane"
"110","66","70","26.96","80.13","6.49","130.08","sugarcane"
"117","48","99","27.71","84.61","6.74","120.33","sugarcane"
"134","46","85","24","88.13","6.91","163.97","sugarcane"
"144","66","55","30.06","81.28","6.75","140.26","sugarcane"
"133","57","68","29.27","80.53","6.57","139.37","sugarcane"
"145","61","69","31.4","79.4","7.37","176.16","sugarcane"
"110","59","57","26.28","84.55","6.86","106.07","sugarcane"
"145","53","68","29.06","90","6.95","177.71","sugarcane"
"128","61","88","33.33","83.07","6.62","157.62","sugarcane"
"122","46","81","29.51","90","6.96","135.8","sugarcane"
"113","59","67","30.37","80.23","6.92","100","sugarcane"
"141","51","82","25.74","87.94","7.21","167.06","sugarcane"
"114","51","53","28.02","82.32","6.4","195.04","sugarcane"
"124","70","88","24.45","81.03","6.52","157.62","sugarcane"
"110","41","76","29.74","79.33","7.04","168.1","sugarcane"
"120","43","59","31.39","76.37","6.77","149.91","sugarcane"
"119","50","65","30.39","78.61","7.02","128.96","sugarcane"
"128","58","70","31.92","84.92","7.13","170.47","sugarcane"
"132","50","58","26.24","74.05","6.81","130.53","sugarcane"
"121","57","60","32.75","81.96","7.06","168.5","sugarcane"
"137","44","71","24","87.64","6.77","127.26","sugarcane"
"136","54","93","30.24","82.09","6.86","173.2","sugarcane"
"138","55","53","28.85","78.95","6.73","178.72","sugarcane"
"132","45","73","32.19","80.93","6","131.06","sugarcane"
"127","43","94","27.92","82.93","6.95","168.98","sugarcane"
"129","54","50","31.12","79.43","6.56","127.89","sugarcane"
"127","60","81","35","78.5","6.88","139.03","sugarcane"
"135","65","60","24","80.6","6.62","124.09","sugarcane"
"136","59","89","32.75","86.65","7.05","154.98","sugarcane"
"130","65","77","33.57","76.78","7.26","147.44","sugarcane"
"145","52","51","29.85","86.44","6.23","132.93","sugarcane"
"121","53","93","30.18","82.06","6.85","169.8","sugarcane"
"142","40","69","35","76.71","6.85","150.7","sugarcane"
"131","62","78","29.32","72.25","7.28","160.43","sugarcane"
"141","50","70","26.65","78.3","6.47","157.36","sugarcane"
"129","50","84","27.79","84.73","7.51","192.15","sugarcane"
"145","46","58","31.39","75.82","7.21","134.33","sugarcane"
"145","48","82","26.05","84.66","6.31","149.01","sugarcane"
"135","61","85","27.19","79.34","6.9","169.16","sugarcane"
"131","57","82","24","84.4","7.47","101.06","sugarcane"
"131","54","75","29.46","86.31","6.56","133.2","sugarcane"
"110","50","72","29.6","82.66","6.46","114.92","sugarcane"
"122","60","68","25.1","70","6.71","142.67","sugarcane"
"113","54","74","31.76","81.46","6.94","142.16","sugarcane"
"110","62","69","31.52","77.53","7.1","148.64","sugarcane"
"126","58","90","24.24","70.98","6.66","149.79","sugarcane"
"131","47","75","30.3","77.1","7.04","103.44","sugarcane"
"135","47","77","28.82","83.7","7.01","157.03","sugarcane"
"133","58","78","30.4","72.92","6.18","163.61","sugarcane"
"128","52","77","32.47","90","7.38","117.37","sugarcane"
"145","40","67","30.93","87.66","7.14","134.24","sugarcane"
"145","59","63","27.93","82.81","6.59","117.05","sugarcane"
"124","63","71","27.36","84.17","7.64","151.03","sugarcane"
"110","43","82","30.87","76.6","7.03","132.58","sugarcane"
"139","45","87","31.84","85.75","6.84","168.21","sugarcane"
"142","58","75","27.57","81.51","7.24","149.6","sugarcane"
"127","58","88","32.14","90","7.16","169.44","sugarcane"
"129","48","93","33.15","85.79","6.63","131.54","sugarcane"
"113","53","81","25.99","79.01","6.77","117.6","sugarcane"
"145","51","62","33.12","90","6.86","124.86","sugarcane"
"124","50","80","30.12","77.02","6.4","130.69","sugarcane"
"145","49","81","28.07","82.82","7.37","197.5","sugarcane"
"112","59","64","35","77.79","6.71","133.66","sugarcane"
"110","60","80","26.38","79.14","6.53","113","sugarcane"
"130","54","50","25.61","77.98","7.33","133.33","sugarcane"
"128","56","73","25.83","74.37","6.55","193.65","sugarcane"
"127","61","76","26.57","80.18","6.21","179.83","sugarcane"
"126","41","82","24.56","84.45","7.4","200","sugarcane"
"126","70","71","31.75","88.62","7","194.18","sugarcane"
"128","58","82","29.43","79.08","7.22","168.05","sugarcane"
"132","55","80","35","75.24","7.07","137.9","sugarcane"
"124","48","60","32.98","78.63","6.67","119.52","sugarcane"
"116","40","63","24","86.62","7.19","182.35","sugarcane"
"145","45","71","31.94","75.05","6.6","145.4","sugarcane"
"135","53","73","35","84.15","6.33","115.64","sugarcane"
"127","60","68","27.94","81.29","6.7","177.99","sugarcane"
"137","45","81","26.06","74.91","6.95","158.36","sugarcane"
"113","63","87","24.17","79.57","7.12","133.32","sugarcane"
"145","61","56","30.74","77.67","6.89","115.82","sugarcane"
"110","55","81","27.79","70.81","7.29","136.2","sugarcane"
"138","56","69","31.99","80.6","6.71","100","sugarcane"
"123","43","79","30.43","77.96","6.75","150.02","sugarcane"
"135","41","89","26.36","82.92","7.36","189.83","sugarcane"
"120","53","68","29.07","76.14","7.19","100","sugarcane"
"137","67","67","30.71","77.78","6.65","118.72","sugarcane"
"137","40","71","33.32","81.69","6.52","140.85","sugarcane"
"118","51","73","33.44","76.29","7.16","138.54","sugarcane"
"120","64","72","29.42","84.79","6.86","137.2","sugarcane"
"136","47","73","30.19","71.18","7.39","124.94","sugarcane"
"131","40","87","30.2","81.79","6.33","104.05","sugarcane"
"133","55","71","35","83.17","7.24","144.19","sugarcane"
"133","51","63","28.86","79.96","7.19","164.22","sugarcane"
"134","42","61","25.32","81.88","7.06","167.75","sugarcane"
"132","45","75","33.02","87.62","7.28","168.32","sugarcane"
"131","63","83","27.41","82.79","6.95","139.49","sugarcane"
"124","61","78","35","73.6","6.38","176.97","sugarcane"
"139","57","69","26.84","76.18","7.47","129.73","sugarcane"
"142","54","72","30.97","75.58","6.6","163.78","sugarcane"
"137","58","85","28.57","83.84","6.74","161.58","sugarcane"
"117","56","50","31.95","89.6","6.25","148.44","sugarcane"
"138","53","86","32.77","85.06","7.56","130.85","sugarcane"
"121","54","81","31.92","79.27","6.89","163.57","sugarcane"
"125","53","56","29.52","74.98","6.51","200","sugarcane"
"126","60","56","30.74","80.16","6.29","165.21","sugarcane"
"119","53","70","24","76.83","7.05","145.78","sugarcane"
"136","48","68","25.25","79.8","7.01","135.7","sugarcane"
"145","52","60","28.2","79.09","6.15","138.22","sugarcane"
"134","52","54","30.56","79.12","7.23","165.56","sugarcane"
"145","49","66","29.15","79.92","7.03","158.67","sugarcane"
"110","40","75","28.9","74.94","6.63","168.69","sugarcane"
"122","70","88","29.99","79.65","7.8","129.25","sugarcane"
"131","52","64","26.92","77.99","6.12","100","sugarcane"
"116","47","83","29.87","85.27","7.15","153.04","sugarcane"
"120","68","62","26.28","79.96","6.95","136.21","sugarcane"
"120","50","85","30.29","84.3","7.43","154.82","sugarcane"
"141","59","81","29.73","90","7.28","179.58","sugarcane"
"135","56","65","29.96","88.01","6.83","170.98","sugarcane"
"115","52","79","31.53","79.78","6.62","152.33","sugarcane"
"126","51","64","24","84.31","7.13","100","sugarcane"
"127","56","72","33.46","79.42","7.62","174.66","sugarcane"
"130","47","98","30.18","78.38","6.78","118.57","sugarcane"
"123","58","58","31.46","80.61","7.1","191.89","sugarcane"
"111","62","65","30.65","83.25","6.94","158.08","sugarcane"
"123","58","83","31.31","85.22","6.56","169.78","sugarcane"
"135","63","88","25.68","82.02","7","185.5","sugarcane"
"130","66","80","29.96","79.62","6.52","137.55","sugarcane"
"126","47","50","30.97","80.37","7.43","182.26","sugarcane"
"122","54","77","28.45","74.24","6.66","132.6","sugarcane"
"138","60","62","25.27","84.32","7.1","144.25","sugarcane"
"131","53","93","24.85","77.95","7.04","166.54","sugarcane"
"145","67","58","24.05","72.3","7.13","148.65","sugarcane"
"128","57","88","28.32","74.1","7.26","200","sugarcane"
"129","40","80","31.08","81.57","6.89","181.66","sugarcane"
"127","57","94","32.33","77.74","7.23","115.44","sugarcane"
"124","60","68","32.24","70","6.89","168.64","sugarcane"
"137","44","72","29.85","83.02","6.47","140.54","sugarcane"
"126","63","61","28.96","86.03","6.01","166.73","sugarcane"
"131","51","67","24","83.73","7.3","161.3","sugarcane"
"118","44","71","27.7","80.91","6.76","169.45","sugarcane"
"132","61","86","28.01","75.82","6.73","132.39","sugarcane"
"118","57","87","30.27","74.16","6.86","100","sugarcane"
"136","50","60","29.54","85.1","7.18","107.63","sugarcane"
"120","53","89","29.53","77.75","6.49","157.75","sugarcane"
"124","51","85","34.58","76.39","7.18","200","sugarcane"
"135","52","71","28.15","81.94","7.25","169.77","sugarcane"
"110","56","68","28.22","74.79","7.3","186.26","sugarcane"
"120","70","91","28.09","79.94","6.87","178.63","sugarcane"
"125","64","73","32.25","87.52","7.33","120.17","sugarcane"
"118","51","64","29.6","75.23","7.3","106.83","sugarcane"
"145","64","73","31.32","72.29","7.35","125.33","sugarcane"
"110","61","82","24","81.13","6.99","178.05","sugarcane"
"123","57","66","28.15","77.61","7.28","123.93","sugarcane"
"141","47","50","24","79.56","7.2","122.34","sugarcane"
"130","59","65","28.86","75.74","7.23","165.72","sugarcane"
"124","45","67","27.23","73.52","6","134.71","sugarcane"
"133","53","80","27.19","84.5","7.11","134.06","sugarcane"
"133","61","73","25.76","70","6.68","150.94","sugarcane"
"130","51","79","29.17","85.07","6.42","181.25","sugarcane"
"137","54","74","25.74","78.58","6.7","159.96","sugarcane"
"143","43","63","31.9","85.12","7.19","136.38","sugarcane"
"120","40","72","32.38","70","6.91","119.45","sugarcane"
"110","59","56","25.24","79.22","7.08","118.08","sugarcane"
"142","55","71","24.18","89.96","6.91","126.77","sugarcane"
"121","58","74","26.42","78.76","6.52","171.1","sugarcane"
"143","58","63","28.64","81.06","6.83","137.96","sugarcane"
"131","53","72","27.3","75.65","7.21","119.17","sugarcane"
"124","55","69","29.79","75.7","6.69","149.26","sugarcane"
"139","46","53","25.2","77.36","7.02","162.79","sugarcane"
"119","51","81","33.37","78.76","6.98","142.59","sugarcane"
"129","46","95","24.7","76.39","7.4","176.79","sugarcane"
"110","62","66","29.74","82.16","7.1","127.84","sugarcane"
"145","60","91","29.69","83.8","6.74","175.11","sugarcane"
"129","55","81","35","76.16","6.75","143.77","sugarcane"
"133","48","68","29.92","90","7.03","119.79","sugarcane"
"124","49","75","28.76","89.27","6.62","156.24","sugarcane"
"133","63","50","30.89","85.23","6.86","189.93","sugarcane"
"134","64","58","25.38","74.29","6.61","162.82","sugarcane"
"134","49","86","32.14","76.04","7.01","155.42","sugarcane"
"145","45","82","31.99","76.27","7.09","176.15","sugarcane"
"133","50","74","24","78.4","7.51","170.28","sugarcane"
"145","61","84","30.15","85.75","7.11","166.74","sugarcane"
"125","42","76","31.4","72.8","7.11","157.74","sugarcane"
"118","45","84","28.25","77.9","7.15","149.96","sugarcane"
"135","52","65","31.09","79.27","7.57","148.74","sugarcane"
"130","56","53","31.88","77.74","6.61","157.07","sugarcane"
"124","49","79","28.1","77.09","6.72","189.51","sugarcane"
"110","43","81","29.43","79.3","6.56","160.78","sugarcane"
"110","54","81","28.46","85.63","7.47","143.54","sugarcane"
"126","58","72","32.4","84.58","6.91","132.06","sugarcane"
"123","59","81","34.14","75.72","6.58","155.58","sugarcane"
"141","64","85","27.43","76.55","6.69","122.43","sugarcane"
"116","40","81","31.61","73.02","7.07","122.18","sugarcane"
"114","49","100","28.99","73.25","6.89","143.47","sugarcane"
"138","59","62","29.76","84.58","7.36","178.81","sugarcane"
"127","56","72","24.26","77.08","7.05","134.98","sugarcane"
"134","61","61","32.95","79.77","7.14","139.47","sugarcane"
"136","51","67","29.05","78.2","6.82","162.95","sugarcane"
"115","56","70","29.81","89.1","6.71","191.44","sugarcane"
"128","52","78","25.78","83.38","6.78","161.78","sugarcane"
"124","43","59","28.83","85.34","6.58","132.65","sugarcane"
"129","61","73","30.11","78.51","6.68","137.33","sugarcane"
"119","42","73","30.61","79.76","6.83","200","sugarcane"
"132","49","74","26.06","77.69","6.88","141.44","sugarcane"
"119","45","84","26.84","77.5","7.23","141.36","sugarcane"
"133","67","62","27.26","88.77","6.96","128.89","sugarcane"
"111","70","70","28.33","73.28","7.27","168.7","sugarcane"
"145","40","78","28.86","76.94","6.64","152.4","sugarcane"
"124","50","69","35","80.83","6.71","124.25","sugarcane"
"118","70","83","29.13","81.79","6.97","157.01","sugarcane"
"112","54","71","25.26","74.2","6.98","188.32","sugarcane"
"125","58","75","27.74","71.74","6.32","162.77","sugarcane"
"117","54","87","27.73","83.42","6.53","129.95","sugarcane"
"123","66","81","30.01","83.27","7.09","149.26","sugarcane"
"131","49","62","31.62","77.72","6.87","186.18","sugarcane"
"139","64","70","30.83","78.93","6.78","161.46","sugarcane"
"110","55","97","29.17","73.04","7.03","100","sugarcane"
"144","59","100","28.91","90","6.75","162.73","sugarcane"
"111","54","56","25.69","76.13","6.44","146.89","sugarcane"
"134","58","55","33.37","87.22","7.71","122.42","sugarcane"
"142","54","90","28.54","73.83","6.25","198.92","sugarcane"
"130","59","67","29.58","83.28","6.77","119.92","sugarcane"
"120","62","97","30.93","78.37","7.28","177.03","sugarcane"
"133","52","70","33.8","71.88","6.66","184.43","sugarcane"
"145","58","53","26.32","80.76","6.58","100","sugarcane"
"137","55","51","24.97","81.07","7.01","166.73","sugarcane"
"130","42","88","25.39","83.78","7.16","130.07","sugarcane"
"124","45","67","27.64","80.87","7.35","126.88","sugarcane"
"123","52","75","28.78","75.66","6.78","158.82","sugarcane"
"116","48","83","28.97","77.44","6.7","126.14","sugarcane"
"136","48","51","26.83","71.56","7.13","137.32","sugarcane"
"123","61","61","30.17","78.76","6.58","164.11","sugarcane"
"130","49","59","35","80.71","6.62","166.53","sugarcane"
"110","40","61","27.1","86.51","7.8","141.62","sugarcane"
"122","64","65","29.38","77.37","6.88","158.52","sugarcane"
"145","70","56","25.93","86.19","6.98","161.98","sugarcane"
"116","45","84","27.1","90","6.11","151.89","sugarcane"
"145","40","69","26.62","83.25","7.17","164.77","sugarcane"
"145","41","64","26.08","74.43","6.66","122.29","sugarcane"
"118","63","58","24","75.59","7.23","160.36","sugarcane"
"121","55","100","33.29","76.98","6.15","106.75","sugarcane"
"130","64","96","33.08","83.4","6.58","155.95","sugarcane"
"140","46","64","29.2","80.67","7.58","122.3","sugarcane"
"134","49","69","32.29","78.21","6.95","179.33","sugarcane"
"133","53","61","35","81.67","7.1","165.47","sugarcane"
"120","50","57","29.19","78.08","6.84","200","sugarcane"
"129","59","80","27.85","85.12","6.34","173.19","sugarcane"
"141","66","63","32.58","79.37","6.97","144.36","sugarcane"
"145","52","93","26.17","75.42","6","146.57","sugarcane"
"127","59","92","24.66","78.82","7.29","147.46","sugarcane"
"131","57","83","34.03","79.17","7.05","142.27","sugarcane"
"109","84","105","22.97","69.61","5","86.92","potato"
"109","61","100","20.28","75.51","6.15","77.11","potato"
"103","60","121","15.58","69.99","5.8","88.32","potato"
"96","59","70","17.19","77.91","6.08","58.34","potato"
"103","50","103","17.83","69.7","6.09","76.55","potato"
"105","64","87","18.87","73.56","5.82","57.47","potato"
"106","71","130","18.7","74.31","6.08","85.22","potato"
"99","85","113","23.28","71.43","6.19","81.38","potato"
"92","78","76","21.07","73.65","5.26","93","potato"
"115","54","114","17.57","63.2","5.91","120","potato"
"129","67","88","15.48","67.53","5.87","57.7","potato"
"130","66","122","21.8","76.96","6.13","99.45","potato"
"130","51","85","24","72.62","6.63","69.15","potato"
"116","70","87","14.92","71.5","6.8","70.16","potato"
"87","62","93","16.35","75.05","5.82","90.03","potato"
"116","60","105","15.25","67.99","5.58","77.04","potato"
"102","62","101","16.75","64.95","5.97","98.53","potato"
"96","64","79","17.43","74.65","6.17","69.76","potato"
"110","63","92","17.26","71.22","6.59","63.67","potato"
"113","60","110","15.98","69.63","5.75","100.86","potato"
"91","72","111","19.02","68.96","5.8","89.84","potato"
"101","84","120","19.24","71.4","6.58","76.43","potato"
"87","50","125","16.82","76.07","5.96","73.44","potato"
"105","73","107","18.47","72.16","5.79","95.72","potato"
"102","68","106","15.41","67.34","5.61","61.46","potato"
"103","71","83","15.91","73.87","5.92","80.35","potato"
"100","72","93","23.62","67.93","5.42","70.95","potato"
"103","74","71","20.87","60","6.25","71.6","potato"
"103","79","97","20.87","73.4","5.93","84.67","potato"
"113","63","110","15.13","66.47","5.83","89.96","potato"
"101","64","103","16.36","63.35","6.29","74.76","potato"
"129","73","83","22.74","70.86","5.3","80.21","potato"
"83","71","103","19","60","5.88","79.38","potato"
"130","63","118","16.09","74.92","5.96","89.15","potato"
"108","64","109","17.67","79.67","6.19","97.09","potato"
"117","62","116","20.2","75.81","6.29","79.06","potato"
"94","63","95","14","64.25","6.12","55.3","potato"
"107","77","104","19.3","67.54","6.18","92.08","potato"
"126","65","85","15.66","67.01","5.67","109.65","potato"
"113","63","103","21.47","69.44","5.81","90.38","potato"
"97","53","75","17.19","60","5.41","73.05","potato"
"105","84","99","17.32","67.88","5.94","84.52","potato"
"112","62","130","15.65","68.51","5.59","74.07","potato"
"96","76","90","17.83","73.97","6.32","85.13","potato"
"117","69","118","21.87","73.05","5.41","50","potato"
"105","55","100","15.65","67.77","5.72","67.58","potato"
"114","66","108","24","68.35","5.57","53.66","potato"
"82","81","104","19.51","69.35","5.38","82.11","potato"
"122","62","74","18.37","63.26","6.5","86.38","potato"
"95","73","92","14.64","72.14","5.57","96.42","potato"
"109","75","83","17.6","69.31","5.78","76","potato"
"121","58","107","24","77.53","5","82.86","potato"
"122","78","100","16.49","77.1","6.18","57.6","potato"
"101","69","84","20.31","79.35","6.36","60.09","potato"
"105","68","110","18.76","66.72","5.56","90.45","potato"
"91","62","88","15.12","66.83","5.82","68.82","potato"
"115","68","99","20.42","68.59","6.08","66.82","potato"
"87","59","93","19.39","65.44","6.06","80.73","potato"
"90","78","102","14","68.22","5.41","82.43","potato"
"111","54","93","17.26","70.57","6.41","75.32","potato"
"86","64","109","22.24","71.73","5.85","94.68","potato"
"95","85","126","19.59","66.96","5.76","107.27","potato"
"121","75","70","21.62","78.26","5.96","70.11","potato"
"113","65","93","19.58","72.85","6.08","90.64","potato"
"116","65","70","20.88","68.64","5.74","81.35","potato"
"99","71","97","20.23","72.21","5.84","112.08","potato"
"96","75","85","15.75","72.78","5.97","73.41","potato"
"99","74","109","20.69","79.43","6.36","65.1","potato"
"100","73","114","18.63","67.78","5.78","83.3","potato"
"83","59","115","20.53","64.09","5.78","103.9","potato"
"89","62","87","18.84","69.26","5.57","68.48","potato"
"108","61","89","16.65","72.31","5.93","75.78","potato"
"120","85","98","20.77","76.87","5.36","89.62","potato"
"96","82","109","18.96","66.76","5.88","58.2","potato"
"104","64","108","20.39","74.78","5.53","74.03","potato"
"102","59","90","14","61.16","6.22","100.22","potato"
"109","63","123","14","71.34","6.18","85.37","potato"
"87","69","74","18.74","66.65","5.73","107.34","potato"
"106","67","93","16.45","73.44","5.59","75.48","potato"
"110","63","89","14.49","60.36","5.88","75.6","potato"
"128","71","99","15.5","70.09","6.18","63.36","potato"
"101","56","129","19.41","67.67","6.57","90.07","potato"
"119","63","107","20.3","73.59","6.09","93.16","potato"
"98","55","80","14","63.29","6.42","94.47","potato"
"120","67","70","14","73.42","6.16","98.94","potato"
"95","75","100","17.1","78.77","6.04","85.79","potato"
"119","68","98","19.4","72.44","5.9","94.48","potato"
"99","60","81","21.24","68.61","5.55","69.21","potato"
"112","83","76","14.32","72.64","6.24","90.07","potato"
"102","72","111","20.23","68.11","6.4","75.44","potato"
"104","63","108","16.32","76.62","6.5","73.81","potato"
"126","62","75","20.7","72.25","5.68","81.49","potato"
"103","64","90","17.54","70.03","5.79","111.35","potato"
"117","66","88","16.02","77.31","6.35","75.63","potato"
"93","70","81","21.82","71.05","6.12","73.49","potato"
"108","78","103","18.64","75.95","6.8","50","potato"
"113","78","93","17","65.42","6.38","60.34","potato"
"94","68","87","18.21","66.93","5.59","80.5","potato"
"103","66","70","18.49","68.52","6.12","76.68","potato"
"104","67","83","16.02","73.13","6.12","55.85","potato"
"96","75","107","19.46","71.31","6.06","85.03","potato"
"114","70","90","14.7","68.6","6.28","96.58","potato"
"116","58","89","15.3","78.92","6.09","86.55","potato"
"93","63","70","16.63","80","5.71","50.7","potato"
"92","70","77","18.09","74.61","5.76","97.71","potato"
"90","56","103","15.13","70.02","6.22","80.42","potato"
"91","75","103","16.85","69.06","5.74","55.71","potato"
"91","57","124","21.36","60","5.62","70.92","potato"
"115","67","92","14.51","66.56","6","84.2","potato"
"127","74","99","19.07","60.11","5.93","63.64","potato"
"102","81","106","17.91","70.08","6.34","96.05","potato"
"84","63","102","16.41","62.36","5.35","74","potato"
"128","52","80","14","69.91","6.04","83.97","potato"
"99","70","95","17.79","80","5.76","75.67","potato"
"95","81","93","15.16","66.56","6.16","101.05","potato"
"89","66","118","14","64.96","6.09","84.17","potato"
"118","72","129","23.08","68.81","5.6","93.73","potato"
"112","65","105","14","73.88","6.1","76.85","potato"
"116","73","87","19.57","63.8","5.62","66.28","potato"
"130","60","102","17.44","65.91","5.85","84.12","potato"
"107","68","111","17.53","63.16","6.28","85.82","potato"
"105","72","101","14","72.57","5.73","68.76","potato"
"108","75","128","19.28","67.85","5.77","77.64","potato"
"115","63","97","17","64.26","5.58","93.3","potato"
"101","75","102","18.67","69.48","6.8","80.46","potato"
"105","72","113","24","70.78","6.18","69.4","potato"
"80","56","81","20.64","69.7","6.44","83.47","potato"
"92","84","79","17.31","69.68","5.83","76.61","potato"
"105","70","77","22.62","69.34","5.54","98.24","potato"
"111","62","95","14","70.63","6.22","88.31","potato"
"97","66","88","19.07","64.87","6.7","88.68","potato"
"104","67","86","14","72.46","6.16","76.18","potato"
"113","85","95","23.94","68.49","5.88","91.13","potato"
"95","72","130","17.43","71.26","5.57","67.18","potato"
"111","55","95","18.57","69.37","6","80.24","potato"
"117","70","95","17.27","74.69","5.89","73.38","potato"
"98","66","94","19.87","69.76","5.93","70.22","potato"
"112","79","85","21.74","74.89","5.65","91.59","potato"
"111","83","97","17.93","73.96","5.54","63.58","potato"
"110","74","89","16.94","73.83","5.7","69.61","potato"
"105","63","110","20.62","67.15","5.28","111.51","potato"
"111","70","90","14","69.18","6.08","76.52","potato"
"109","66","98","19.54","69.24","6.1","77.62","potato"
"129","66","99","17.32","68.48","6.27","68.41","potato"
"115","68","98","14.59","68.82","5.92","79.46","potato"
"120","71","81","17.25","63.21","6.62","59.72","potato"
"99","56","89","17.91","75.47","6.8","98.37","potato"
"88","69","104","14","68.14","6.43","68.12","potato"
"101","55","95","14.43","73.35","6.29","91.22","potato"
"92","75","85","14.27","62.81","6.02","77.02","potato"
"124","74","89","14","62.11","5.97","68.56","potato"
"99","50","108","14.23","64.25","5.56","66.16","potato"
"97","81","89","20.31","68.63","6.5","89.86","potato"
"117","68","109","22.84","70.79","5.05","68.33","potato"
"113","65","98","17.06","60.96","6.3","90.37","potato"
"110","80","120","20.56","74.6","6.33","79.65","potato"
"103","63","90","18.26","70.72","6.13","81.14","potato"
"99","77","79","23.07","72.16","6.26","95.61","potato"
"101","74","130","18.44","73.16","5.48","83.12","potato"
"109","66","79","15.81","68.6","5.6","83.39","potato"
"108","71","116","17.88","70.3","5.91","87.11","potato"
"89","62","90","24","79.49","5.74","67.64","potato"
"101","62","100","15.2","73.71","5.65","87.44","potato"
"107","65","70","15.77","67.88","5.69","79.5","potato"
"101","59","91","22.59","73.9","6.17","94.25","potato"
"102","67","90","17.7","73.86","5.84","86.41","potato"
"106","61","126","17.63","69.64","5.46","64.98","potato"
"89","61","82","15.48","67.04","5.28","74.79","potato"
"113","70","105","22.71","64.71","5.33","88.76","potato"
"80","62","92","20.68","64.86","6.5","91.31","potato"
"119","63","98","14","75.75","6.06","86.49","potato"
"124","59","111","18.43","76.46","5.82","72.87","potato"
"111","63","90","15.01","67.91","5.69","80.71","potato"
"103","61","83","17.06","60.21","5.81","96.07","potato"
"106","66","109","15.59","68.47","5","74.15","potato"
"101","63","125","18.26","67.49","5.71","79.9","potato"
"105","58","88","20.56","74.25","6.09","81.89","potato"
"105","75","100","20.52","72.39","5.88","92.74","potato"
"96","56","95","14.8","72.43","5.88","93.08","potato"
"107","72","117","17.91","69.38","5.38","74.84","potato"
"114","80","97","16.55","68.74","5.91","78.7","potato"
"93","60","107","16.65","65.17","5.76","70.72","potato"
"96","60","100","14","63.73","5.63","58.83","potato"
"80","50","96","21.63","80","6.12","87.83","potato"
"91","66","91","15.98","79.96","5.22","86.98","potato"
"112","59","108","17.58","70.06","5.92","101.27","potato"
"114","85","121","22.2","79.5","6.21","87.53","potato"
"101","71","77","16.63","77.98","6.66","81.32","potato"
"103","69","91","22.94","73.42","5.87","96.01","potato"
"115","73","79","16.71","60.3","6.12","89.11","potato"
"105","74","117","19.03","70.11","5.63","69.23","potato"
"100","72","76","17.94","70.89","6.52","80.94","potato"
"100","61","93","15.15","72.36","5.81","79.91","potato"
"113","66","93","18.88","67","6.21","77.16","potato"
"105","71","102","18.64","68.65","5","70.12","potato"
"119","65","101","14","65.59","6.38","98.94","potato"
"109","85","112","14.49","60","6","75.83","potato"
"121","67","117","19.87","72.94","6.29","50","potato"
"97","84","99","16.89","73.02","6.15","51.57","potato"
"104","61","83","21.1","72.89","6.17","101.32","potato"
"87","59","108","19.14","68","5.88","85.42","potato"
"102","61","107","18.08","69.1","6.03","96.78","potato"
"112","74","122","19.31","78.89","5.51","59.33","potato"
"118","68","106","14","65.85","5.48","83.95","potato"
"106","62","91","16.27","78.02","6.27","71.69","potato"
"110","70","109","17.19","67.21","6.38","97.05","potato"
"108","66","114","24","66.48","5.5","83.21","potato"
"109","59","102","14.6","79.79","6.2","82.87","potato"
"114","73","100","19.08","70.78","6.1","87.97","potato"
"102","64","114","18.3","72.5","6.14","82.09","potato"
"106","79","99","14.33","73.61","5.81","75.08","potato"
"120","76","91","18.56","74.95","5.72","84.64","potato"
"103","67","100","22.72","66.57","6.31","79.14","potato"
"98","73","103","18.34","66.21","6.16","68.49","potato"
"98","81","108","20.67","65.51","6.8","52.43","potato"
"90","70","92","19.43","73.43","6.29","84.78","potato"
"111","78","115","19.46","64.26","5.75","97.78","potato"
"109","79","118","15.95","72.49","5.6","87.55","potato"
"121","60","93","19.53","76.34","6.3","102.11","potato"
"130","70","84","18.09","65.68","5.22","78.67","potato"
"116","63","96","14","72.56","5.99","51.46","potato"
"108","64","90","18.49","70.69","5.4","93.75","potato"
"104","63","122","14","68.27","5.73","100.86","potato"
"110","75","109","16.16","67.38","6.33","97.68","potato"
"105","64","108","20.39","62.49","6.21","88.68","potato"
"121","69","111","14.92","69.23","5.39","85.58","potato"
"102","64","83","19.96","66.98","5.93","77.76","potato"
"95","60","107","14","70.65","6.02","50.33","potato"
"107","63","116","15","68.38","6.61","79.81","potato"
"102","64","101","20.75","67.16","5.31","78.24","potato"
"115","64","95","17.25","74.98","5.65","55.73","potato"
"111","66","103","24","70.85","5.76","76.47","potato"
"115","64","99","16.82","62.42","5.64","67.76","potato"
"101","53","107","14","70.03","6.8","101.52","potato"
"108","68","98","15.74","71.43","5.89","94.05","potato"
"87","70","89","18.47","71.22","6.79","77.5","potato"
"119","54","80","18.24","73.93","6.01","75.91","potato"
"103","66","82","19.37","66.35","5.59","85.04","potato"
"112","50","71","16.16","78.02","6.12","82.98","potato"
"111","68","110","16.24","71.26","5.72","78.87","potato"
"89","73","94","16.49","62.56","5.39","90.44","potato"
"86","66","120","18.26","67.45","6.38","65.2","potato"
"127","75","121","17.24","68.33","6.25","114.67","potato"
"102","67","88","14.33","73.27","5.33","74.44","potato"
"112","66","70","20.54","69.19","5.9","107.51","potato"
"120","68","111","14.69","60.2","6.01","69.26","potato"
"100","73","119","18.01","79.93","6.22","50","potato"
"84","80","79","14.46","68.93","5.34","68.88","potato"
"107","57","102","19","66.1","5.44","71.75","potato"
"116","65","111","17.34","73.52","5.61","100.17","potato"
"107","81","82","19.16","68.68","5.92","58.78","potato"
"116","70","86","20.45","74.49","6.15","84.55","potato"
"107","69","123","15.93","73.43","6.08","109.96","potato"
"102","65","119","17.93","76.68","6.23","103.59","potato"
"102","76","101","24","69.16","6.38","94.03","potato"
"90","60","113","18.26","66.62","5.55","68.98","potato"
"120","58","91","20.28","74.06","5.51","53.4","potato"
"101","63","112","18.6","70.76","6.47","76.79","potato"
"105","66","97","14.26","66.78","5.77","50","potato"
"88","65","91","16.99","72.75","6.17","93.66","potato"
"94","68","101","14","78.43","6.8","75.73","potato"
"89","62","84","21.44","71.78","6.28","62.91","potato"
"85","51","70","20.38","74.19","5.63","91.06","potato"
"108","65","87","18.07","73.76","5.66","87.11","potato"
"104","75","88","17.52","77.77","6.8","50","potato"
"105","56","106","15.61","64.78","6.23","60.76","potato"
"117","69","86","14.09","62.29","5.81","93.52","potato"
"96","63","97","14.84","72.22","6.35","98.51","potato"
"111","58","109","22.45","68.32","5.97","61.01","potato"
"115","67","107","16.18","60","5.55","68.61","potato"
"115","59","104","16.02","63","5.85","73.02","potato"
"98","66","109","18.46","66.56","5.81","94.8","potato"
"107","77","130","21.67","66.4","6.69","71.57","potato"
"110","64","80","17.34","64.3","5","67.2","potato"
"124","69","108","15.96","73.37","5.31","60.66","potato"
"102","51","99","18","65.99","6.17","97.53","potato"
"93","67","103","24","65.47","6.4","83.33","potato"
"102","57","75","18.99","67.02","5.39","60.49","potato"
"97","66","112","17.57","66.25","6.67","94.51","potato"
"98","73","115","14.66","65.1","5.56","84.86","potato"
"110","70","88","19.89","72.82","6.29","92.54","potato"
"84","64","99","15.71","68.35","5.23","90.73","potato"
"103","58","100","14.99","68.99","6.01","52.82","potato"
"104","60","84","19.79","78.07","6.1","80.13","potato"
"96","60","104","20.35","72.98","5.7","82.82","potato"
"123","75","128","18","72.08","6.38","77.87","potato"
"130","56","104","19.12","77.64","5.39","81.14","potato"
"119","74","107","21.75","68.48","5.56","84.02","potato"
"108","77","121","16.32","68.13","6.09","65.76","potato"
"101","76","80","16.59","70.11","6.09","99.8","potato"
"101","52","85","20.67","76.48","5.84","61.27","potato"
"120","68","86","14.65","71.22","5.6","72.89","potato"
"96","65","103","18.6","67.17","5.78","117.86","potato"
"104","66","101","14","67.54","6.22","87.82","potato"
"130","85","111","16.95","66.42","5.69","94.84","potato"
"127","72","96","17.5","71.47","5.94","75.25","potato"
"117","64","74","15.96","68.64","6.4","97","potato"
"105","60","114","16.61","70.35","5.4","78.74","potato"
"96","84","91","14","66.12","6.02","103.73","potato"
"105","67","99","18.71","67.38","6.14","82.52","potato"
"99","65","79","21.91","75.14","5.89","100.68","potato"
"107","66","95","16.29","62.12","5.77","57.64","potato"
"99","62","96","14.93","74.34","5.02","73.28","potato"
"105","85","100","14","75.02","5.8","76.68","potato"
"120","69","104","15.79","67.12","5.53","76.76","potato"
"100","65","91","17.2","71.3","5.78","91.16","potato"
"99","66","96","19.92","80","6.07","56.61","potato"
"81","63","103","18.23","72.09","6.7","81.59","potato"
"109","82","109","17.04","74.58","6.01","67.19","potato"
"113","66","129","17.16","75.93","5.76","74.58","potato"
"120","60","117","20.38","69.79","5.9","102.53","potato"
"94","73","82","17.42","73.37","6.8","58.62","potato"
"106","61","90","15.71","63.35","5.39","65.72","potato"
"119","66","72","19.33","72.03","6.11","68.91","potato"
"92","73","101","15.89","69.66","5.66","80.36","potato"
"118","73","96","14.8","63.41","5.93","76.78","potato"
"105","67","109","15.62","73.79","5.18","107.27","potato"
"110","69","95","23.22","64.06","5.89","73.41","potato"
"113","70","91","19.1","67.47","6.25","60.58","potato"
"99","81","119","19.84","75.81","5.49","73.61","potato"
"103","59","107","19.57","68.5","5.83","80.29","potato"
"109","69","121","19.9","62.36","5.87","59.76","potato"
"102","77","113","18.35","67.94","5.84","93.97","potato"
"110","63","84","14","67.49","5.59","62.97","potato"
"100","75","103","14","68.28","6.11","56.08","potato"
"108","64","127","14.68","65.33","6.09","81.1","potato"
"108","69","116","20.32","80","6.02","51.96","potato"
"102","65","90","18.03","74.94","6.3","92.15","potato"
"108","73","97","17.95","69.33","6.62","60.96","potato"
"99","56","100","14","64.26","5.1","80.09","potato"
"120","77","122","14.81","72.54","5","72.95","potato"
"113","66","85","21.02","72.48","6.21","64.16","potato"
"109","68","104","20.22","69.68","5.62","101.06","potato"
"114","66","100","15.85","69.05","6.56","81.57","potato"
"120","71","110","17.53","72.15","5.73","62.46","potato"
"130","68","102","22.28","65.08","5.23","73.79","potato"
"101","70","99","17.96","70.19","6","108.85","potato"
"108","73","107","17.74","68.87","5.98","80.61","potato"
"97","52","79","16.25","61.83","6.3","55.11","potato"
"107","64","106","18.92","61.24","5.57","74.89","potato"
"100","67","128","14","65.69","6.11","101.09","potato"
"103","58","92","16.73","65","5.62","84.2","potato"
"112","79","114","19.47","67.77","5.48","120","potato"
"123","83","117","16.01","67.22","6.02","70.63","potato"
"106","56","70","20.23","67.38","5.85","76.48","potato"
"86","61","84","17.58","76.29","5.98","86.7","potato"
"98","57","70","19.08","66.08","6.44","92.54","potato"
"100","60","119","14","70.5","5.78","84.9","potato"
"98","69","101","16.63","67.44","5.82","81.57","potato"
"85","78","92","19.25","73.4","5.1","67.02","potato"
"80","55","101","17.39","76.89","5.77","75.66","potato"
"96","81","91","17.46","60","5.81","67.59","potato"
"115","50","93","14.47","76.46","5.53","78.83","potato"
"93","65","108","15.68","67.98","5.78","108.15","potato"
"115","54","77","14","65.64","5.75","83.89","potato"
"91","69","86","20.76","69.12","5.68","65.1","potato"
"85","72","76","21.07","73.23","6.01","104.59","potato"
"102","67","95","21.09","69.57","5.24","72.58","potato"
"107","74","101","19.69","65.4","5.82","50","potato"
"94","64","85","16.96","72.76","5.56","76.18","potato"
"101","78","89","14","71.06","6.23","76.81","potato"
"101","61","77","14.91","68","6.44","99.53","potato"
"104","73","93","20.49","74.12","6.03","86.6","potato"
"104","68","111","18.62","70.59","6.15","97.87","potato"
"107","62","70","22.04","62.62","6.08","64.39","potato"
"98","75","106","14.89","70.88","6.21","58.84","potato"
"112","56","101","22.31","65.98","6.51","64.55","potato"
"128","67","100","19.31","78.11","5.39","93.19","potato"
"94","67","77","19.71","64.61","6.47","76.46","potato"
"90","52","103","15.06","65.19","6.38","70.53","potato"
"90","61","103","22.17","72.43","5.47","77.67","potato"
"108","66","121","19.55","64.16","5.42","85.35","potato"
"107","59","102","14","63.26","6.01","88.49","potato"
"105","62","115","14","70.31","5.49","94.02","potato"
"104","64","130","17.21","75.44","5.53","80.58","potato"
"94","59","108","18.53","78.06","6.2","50.56","potato"
"87","56","99","15.72","74.15","6.33","80.54","potato"
"121","85","125","21.17","70.72","5.51","97.03","potato"
"124","76","96","18.7","65.79","5.57","75.42","potato"
"116","58","105","17.66","73.97","5.06","92.58","potato"
"106","76","125","17.45","67.65","5.89","69.13","potato"
"110","61","112","18.29","72.51","5.93","85.52","potato"
"101","64","110","21.21","67.33","6.28","83.8","potato"
"123","68","130","14","76.01","5.67","61.43","potato"
"102","64","70","14.2","72.01","6.3","83.98","potato"
"114","69","109","14","73.75","6.59","80.51","potato"
"109","74","102","24","69.72","5.09","91.58","potato"
"122","73","120","15.97","65.02","6.3","83.34","potato"
"98","64","102","15.68","61.59","6.2","88.41","potato"
"119","56","110","18.23","62.98","5.72","83.85","potato"
"115","70","90","21.52","75.93","5.47","89.76","potato"
"93","70","105","21.85","70.12","5.77","84.02","potato"
"125","73","89","17.14","73.02","5.94","77.84","potato"
"89","61","113","17.26","76.77","6.74","79.23","potato"
"97","73","107","19.19","72.59","5.38","80.19","potato"
"86","58","98","16.87","64.46","5.21","89.42","potato"
"90","72","83","22.68","62.05","5.97","84.49","potato"
"86","56","96","24","68.7","5.81","50","potato"
"93","70","86","21.39","70.95","5.52","103.69","potato"
"94","65","120","18.68","74.01","5","91.18","potato"
"97","65","70","22.25","71.53","6.22","63.28","potato"
"84","71","91","16.85","63.05","6.16","74.19","potato"
"90","72","106","14.04","69.02","6.09","62.24","potato"
"103","60","100","16.9","71.27","5.85","99.18","potato"
"98","56","76","16.46","70.44","6.01","87.66","potato"
"116","61","100","17.43","65.15","5.64","84.71","potato"
"119","85","96","16.87","71.2","5.81","81.87","potato"
"98","69","100","18.61","65.55","5.68","74.1","potato"
"124","72","108","22.26","70.48","6.37","73.03","potato"
"122","60","127","14","71.72","5.84","52.79","potato"
"100","63","97","14","69.71","5.46","91.05","potato"
"107","65","106","18.3","68.05","5.94","66.82","potato"
"84","61","97","18.08","80","5.66","79.37","potato"
"98","75","92","14","69.19","6.52","62.69","potato"
"109","73","91","17.91","77.28","6.03","54.59","potato"
"89","69","104","18.52","64.08","6.37","96.05","potato"
"128","70","91","16.27","73.15","5.78","75.43","potato"
"87","69","100","14","60","6.23","91.07","potato"
"98","58","87","15.75","70.34","6.2","67.82","potato"
"101","66","74","17.27","60.88","6.36","90.99","potato"
"94","74","91","18.83","60.78","6.8","76.09","potato"
"102","76","93","14","60.32","6.51","75.82","potato"
"120","85","120","20.64","64.7","5.75","109.37","potato"
"85","73","81","23.71","72.16","5.94","103.6","potato"
"80","64","70","18.71","71.12","5.95","64.75","potato"
"117","76","98","14","75.92","6.3","82.17","potato"
"125","60","88","16.15","68.38","6.06","96.92","potato"
"108","64","99","14","72.41","5.64","85.32","potato"
"115","60","118","24","60","6.01","86.2","potato"
"112","54","119","20.83","72.61","5.44","105.91","potato"
"84","67","121","18.95","69.92","5.92","90.13","potato"
"106","60","95","16.79","71.97","6.41","83.88","potato"
"110","64","108","19.7","60.35","5.1","89.62","potato"
"113","62","121","19.19","69.25","5.53","64.98","potato"
"101","64","102","17.43","69.87","5.84","62.99","potato"
"100","74","107","15.06","62.8","5.28","83.04","potato"
"82","74","89","15.8","66.95","5.86","63.77","potato"
"98","69","85","22.76","63.97","5.69","91.57","potato"
"104","68","90","15.91","74.91","5.64","85.08","potato"
"100","66","109","15.42","74.45","5.58","59.37","potato"
"89","63","88","23.05","69.74","5.51","65.12","potato"
"125","78","72","18.88","75.92","5.41","92.49","potato"
"97","70","104","15.34","68.82","6.2","67.87","potato"
"120","84","83","15.24","68.19","5.63","68.17","potato"
"92","73","100","20.87","73.64","6.1","52.44","potato"
"121","73","111","18.83","69.36","5.59","84.76","potato"
"83","59","111","18.93","72.47","6.22","88.26","potato"
"98","64","106","18.58","76.94","5.14","77.16","potato"
"91","59","115","14","71.05","5.68","89.08","potato"
"97","70","99","18.46","70.38","6.42","102.64","potato"
"102","68","85","15.49","70.23","5.86","72.61","potato"
"126","75","99","15.62","63.6","6.33","80.24","potato"
"125","67","113","18.38","73.14","6.16","72.81","potato"
"122","67","90","16.67","64.18","5.89","79.08","potato"
"111","63","126","17.03","71.26","5.53","76.34","potato"
"94","68","130","15.99","71.58","6.1","96.11","potato"
"94","69","119","21.42","62.28","6.29","60.61","potato"
"92","69","92","14","69.63","6.57","91.66","potato"
"80","71","91","14","64.34","6.21","57.51","potato"
"116","64","110","18.71","70.82","6.13","71.89","potato"
"83","73","97","20.24","69.32","5.2","94.69","potato"
"119","72","101","14","71","6.61","84.9","potato"
"123","52","113","19.99","71.22","5.87","88.61","potato"
"97","64","116","21.11","72.44","5","82.6","potato"
"81","51","89","19.71","75.37","5.2","56.4","potato"
"106","61","75","17.74","66.66","6.23","102.07","potato"
"112","70","97","18.8","62.66","6.33","63.33","potato"
"130","65","82","22.38","74.06","5.52","65.28","potato"
"102","69","110","19.67","70.68","6.51","67.17","potato"
"100","56","115","15.74","74.11","5.9","106.7","potato"
"89","58","104","17.13","70.63","5.52","81.48","potato"
"97","62","116","18.28","71.42","6.03","62.88","potato"
"110","59","89","24","68.52","6.01","79.91","potato"
"113","77","103","18.13","70.11","6.48","84.99","potato"
"107","53","77","23.06","70.19","6.49","88.14","potato"
"80","63","96","18.33","66.13","5.77","69.42","potato"
"119","68","96","15.94","62.9","6.2","100.6","potato"
"101","63","96","23.72","71.35","5.79","96.8","potato"
"100","61","91","20.68","67.19","5.59","80.36","potato"
"109","71","112","14","79.61","5.6","86.76","potato"
"103","66","105","14.38","78.36","5.82","78.16","potato"
"116","74","77","19.11","66.76","5.59","105.96","potato"
"96","60","85","17.27","66.38","5.87","77.52","potato"
"116","78","95","14.49","64.5","5.4","62.66","potato"
"107","63","118","19.47","71.37","5.54","84.14","potato"
"81","68","99","18.19","65.07","6.3","86.39","potato"
"100","62","118","18.72","70.6","5.71","95.37","potato"
"122","82","97","17.25","71.57","6","79.38","potato"
"126","67","102","15.06","64.64","6.28","71.12","potato"
"104","72","98","19.69","66.87","6.07","67.85","potato"
"104","74","108","22.4","75.95","5.82","50","potato"
"80","64","117","20.88","70.36","6.58","89.79","potato"
"113","68","79","21.24","60.89","5.92","81.36","potato"
"110","55","114","20.6","70.02","5.44","72.69","potato"
"98","63","119","18.4","60","5.85","101.97","potato"
"106","81","112","14","67.89","6.22","109.65","potato"
"83","73","109","14","73.04","5.19","109.84","potato"
"110","57","72","16.34","60.93","6.15","70.31","potato"
"130","71","91","14","73.81","6.32","97.31","potato"
"92","55","90","14.37","71.65","5.2","84.38","potato"
"87","56","100","14.68","69.06","5.31","96.9","potato"
"125","70","94","18.31","70.94","6.01","85.34","potato"
"89","58","86","15.57","74.99","5.7","65.38","potato"
"96","69","99","17.55","70.49","5.79","75.26","potato"
"110","85","90","17.5","68.34","5","82.64","potato"
"130","74","94","19.65","61.66","5.99","90.01","potato"
"114","68","127","16.71","66.27","5.88","67.28","potato"
"91","64","94","15.11","76.47","6.61","71.45","potato"
"104","78","93","17.04","62.18","6.12","57.59","potato"
"130","69","105","16.86","75.01","6.09","81.35","potato"
"112","64","109","20.64","70.13","6.29","65.07","potato"
"111","57","85","19.21","73.11","5.51","69.79","potato"
"108","64","104","14","72.8","5.93","75.07","potato"
"111","69","98","14","70.22","5.99","63.22","potato"
"95","79","103","23.95","67.88","5.37","82.39","potato"
"106","68","109","18.01","75.86","5.85","66.6","potato"
"101","60","77","16.8","71.79","6.49","82.72","potato"
"100","50","84","18.45","61.75","5.64","79.42","potato"
"107","64","82","22.58","66.95","5.76","74.33","potato"
"111","72","130","20.44","67.97","6.14","83.04","potato"
"104","67","84","24","75.53","6.55","80.74","potato"
"117","69","93","14","67.05","6.08","59.22","potato"
"120","74","116","21.17","73.63","6.4","60.43","potato"
"113","62","82","14","73.98","6.07","86.19","potato"
"114","68","104","16.9","64.37","5.73","103.42","potato"
"104","66","92","18.11","74.3","5.81","72.12","potato"
"114","67","119","21.66","66.12","5.51","92.42","potato"
"116","74","93","23.7","69.18","5.78","77.92","potato"
"104","66","99","15.07","62.27","6.23","85.76","potato"
"94","84","84","15.3","74.35","5.2","73.05","potato"
"112","66","89","19.05","67.6","5.57","86.55","potato"
"90","71","99","17.97","65.31","5.47","74.71","potato"
"105","72","130","14.9","74.57","5.18","91.47","potato"
"130","55","122","14.15","70.04","6.21","71.79","potato"
"116","71","83","18.59","65.79","6.63","70.8","potato"
"101","71","104","14","71.31","6.8","82.87","potato"
"114","71","97","14","64.91","5.94","87.8","potato"
"101","64","111","15.5","74.97","6.55","97.18","potato"
"115","74","92","21.5","69.38","6.22","85.36","potato"
"117","85","96","14","67.34","5.43","92.53","potato"
"112","59","110","16.39","68.86","5.55","105.69","potato"
"108","72","70","21.72","68","6.04","105.67","potato"
"111","76","128","20.23","62.38","5.62","82.39","potato"
"109","71","96","20.63","70.63","6.33","75.61","potato"
"83","67","72","14.73","74.55","5.73","85.53","potato"
"103","80","88","17.54","67.02","5.86","99.84","potato"
"115","81","102","21.75","65.4","6.1","104.68","potato"
"129","71","111","16.93","77.58","5.82","72.36","potato"
"106","61","108","16.76","77.63","5.49","105.68","potato"
"98","58","86","14","78.85","5.72","84.11","potato"
"112","62","112","19.53","66.57","5.68","72.92","potato"
"110","63","102","21.3","68.53","5.8","77.31","potato"
"112","56","109","22.33","64.19","5","83.51","potato"
"103","58","97","17.82","67.06","5.62","84.6","potato"
"94","63","100","16.07","78.1","5.36","74.46","potato"
"100","65","79","16.1","68.81","6.1","74.43","potato"
"101","56","77","16.74","60","5.53","98.86","potato"
"107","63","109","18.07","76.16","5.73","81.76","potato"
"120","72","129","21.58","70.55","6.16","79.4","potato"
"101","63","110","21.46","60.24","5.51","72.98","potato"
"113","59","83","18.59","78.79","6.08","73.38","potato"
"94","58","90","16.83","74.99","5.98","78.7","potato"
"80","71","76","18.13","74.13","5.84","60.35","potato"
"123","74","106","22.91","70.41","5.98","81.34","potato"
"107","69","107","17.19","71.3","5.56","50","potato"
"104","67","89","15.81","76.84","6.05","84.24","potato"
"121","74","97","14.02","63.13","5.6","82.83","potato"
"112","81","78","17.71","60","5.71","92.13","potato"
"104","85","117","14.48","73.68","6.23","61.1","potato"
"112","59","123","18.52","75.87","6.06","64.21","potato"
"91","73","112","19.12","69.77","6.25","64.99","potato"
"97","76","100","20.42","65.49","6.01","73.09","potato"
"109","60","107","18.44","66.57","6","81.89","potato"
"121","76","123","19.76","67.4","5.63","81.55","potato"
"117","71","101","16.19","70.29","6.07","65.47","potato"
"130","63","75","15.4","71.06","6.23","81.39","potato"
"130","72","83","18.17","71.44","6.04","86.18","potato"
"102","59","78","16.22","65.45","5.75","85.58","potato"
"101","61","93","20.25","73.06","6.27","79.04","potato"
"125","67","85","14","62.07","5.71","78.1","potato"
"100","59","98","15.55","74.07","5.75","84.18","potato"
"109","62","100","14.93","65.97","5.75","82","potato"
"109","62","124","14","64.29","6.15","93.25","potato"
"109","50","130","18.29","68.59","6.33","50.49","potato"
"112","59","98","17.49","72.02","5.96","93.43","potato"
"113","66","113","14.44","65.65","5.59","77.9","potato"
"109","79","111","19.43","72.48","6.43","84.29","potato"
"128","52","105","14","72.85","5.46","74.09","potato"
"113","67","83","18.78","73.86","6.17","59.43","potato"
"111","59","106","14.03","64.44","5.72","70.15","potato"
"87","61","89","16.29","77.28","5.11","79.26","potato"
"116","58","114","19.05","65.65","5.45","82.87","potato"
"93","73","100","17.38","64.19","5.26","54.83","potato"
"108","66","114","16.26","69.86","5.54","86.53","potato"
"80","70","105","21.63","70.74","6.17","77.68","potato"
"125","59","110","20.04","80","5.27","63.34","potato"
"109","80","98","14.06","75.11","5.38","102.36","potato"
"96","50","103","18.65","67.91","5.76","79.47","potato"
"92","62","91","16.08","71.67","6.45","59.6","potato"
"126","77","123","24","78.45","6.26","82.43","potato"
"118","73","112","15.5","75.11","5.67","70.52","potato"
"119","78","130","17.4","70.17","5.29","63.24","potato"
"106","70","90","19.24","76.39","5.89","93.92","potato"
"83","66","80","14","64.44","5.72","85.69","potato"
"99","66","70","22.49","70.4","5.49","59.06","potato"
"108","75","114","20.89","67.91","6.29","90.66","potato"
"112","73","102","16.48","68.09","5.75","83.73","potato"
"113","68","122","14","60","5.61","104.22","potato"
"83","58","85","17.44","73.19","5.93","65.64","potato"
"126","65","102","16.39","75.1","6.27","88.79","potato"
"104","80","104","20.32","65.97","5.86","106.02","potato"
"111","63","103","21.42","64.19","5.91","51.14","potato"
"101","65","90","16.1","73.23","6.24","83.83","potato"
"112","63","91","14","70.84","5.88","87.17","potato"
"99","83","95","23.03","69.8","5.61","109.66","potato"
"101","72","97","20.38","68.68","5.49","87.11","potato"
"105","70","86","16.47","73.67","6.24","93.79","potato"
"124","78","106","19.84","75.04","5.61","113.16","potato"
"121","60","117","16.91","76.38","6.43","105.1","potato"
"120","55","84","19.76","66.49","5.9","54.33","potato"
"112","70","76","14","78.29","5.38","95.01","potato"
"110","64","114","19.14","73.66","6.04","68.56","potato"
"99","58","104","17.14","71.52","6.09","83.23","potato"
"95","62","117","14.25","69.05","5.69","71.46","potato"
"98","56","119","20.68","65.7","5.59","68.84","potato"
"108","67","100","15.17","72.8","5.97","120","potato"
"102","60","110","17.98","62.42","6.14","99.25","potato"
"100","63","95","15.99","72.15","5.52","86.2","potato"
"115","59","115","14.73","68.27","5","68.6","potato"
"123","56","91","20.09","67.47","6.74","66.71","potato"
"97","78","91","17.68","70.85","5.77","72.79","potato"
"114","62","114","14","73.05","6.4","62.97","potato"
"95","64","106","14","77.89","5.66","93.01","potato"
"98","64","79","21.62","64.17","5.58","64.5","potato"
"105","80","96","14","73.68","5.91","74.89","potato"
"121","65","118","16.7","61.77","5.86","99.14","potato"
"111","85","94","17.14","66.75","6.04","82.63","potato"
"98","63","101","16.4","63.18","6.33","99.35","potato"
"110","61","106","14","73.77","5.76","101.75","potato"
"105","67","85","15.98","64.51","5","83.69","potato"
"106","64","119","14","64.8","5.87","106.53","potato"
"119","68","84","19.13","75.9","5.88","68.15","potato"
"99","55","88","17.15","77.83","6.11","75.3","potato"
"116","73","97","17.59","67.22","6.8","93.8","potato"
"101","52","97","18.26","61.97","5.58","57.37","potato"
"113","60","111","19.02","75.2","5.8","77.5","potato"
"87","64","70","16.3","64.84","5.47","108.53","potato"
"122","59","93","24","80","5.82","98.33","potato"
"99","57","90","16.51","63.15","5.71","106.66","potato"
"99","78","79","15.1","63.59","5.39","100.13","potato"
"90","60","105","19.79","68.05","5.54","88.47","potato"
"97","77","113","19.73","75.3","5.72","71.61","potato"
"102","62","97","24","65.83","6.2","69.16","potato"
"100","63","127","21.94","80","5.67","59.2","potato"
"110","64","81","16.54","71.84","5.97","83.06","potato"
"97","68","110","16.72","68.94","5.58","85.79","potato"
"108","67","78","20.15","79.91","6.25","82.25","potato"
"105","63","107","21.47","78.06","5.5","88.81","potato"
"100","61","97","14.08","70.44","6.06","69.75","potato"
"111","65","72","16.79","66.93","5.83","82.71","potato"
"87","68","108","15.45","76.12","6.03","59.15","potato"
"113","82","102","18.38","62.23","5.65","73.12","potato"
"93","84","91","14.32","71.11","6.05","82.65","potato"
"85","75","106","20.75","69.79","6.72","63.59","potato"
"104","63","110","14","70.14","6.54","78.73","potato"
"104","68","108","23.75","70.96","5.72","59.1","potato"
"103","70","111","24","64.01","5.91","101.85","potato"
"92","66","95","20.9","74.77","6.3","83.68","potato"
"90","64","76","18.97","73.74","6.14","68.94","potato"
"112","64","117","23.69","78.26","6.04","54.04","potato"
"97","59","110","14","66.16","5.83","86.58","potato"
"98","73","101","14","64.56","5.29","71.85","potato"
"90","50","70","15.32","69.8","5.73","87.54","potato"
"118","63","98","19.43","72.78","6.74","78.56","potato"
"115","60","113","16.03","63.47","5","93.73","potato"
"93","66","106","16.48","73.11","6.31","69.17","potato"
"119","51","74","15.11","75.2","5.88","54.41","potato"
"99","55","92","18.59","67.73","5.76","80.32","potato"
"113","51","110","19.57","70.51","6.14","85.52","potato"
"113","77","106","15.8","66.16","6.09","89.64","potato"
"96","76","89","16.34","64.81","5.85","104.48","potato"
"111","69","90","14.54","74.47","6.53","82.3","potato"
"122","54","109","19.4","69.06","6.16","78.15","potato"
"112","68","86","16.24","75.19","5.85","59.67","potato"
"102","85","101","14.03","60","6.47","81.52","potato"
"101","80","103","19.88","73.43","5.6","105.52","potato"
"112","66","70","22.33","75.16","5.53","85.36","potato"
"111","64","130","22.07","75.53","5.5","94.94","potato"
"102","66","109","15.4","65.88","5.3","73.81","potato"
"107","82","107","22.86","65","6.67","80.75","potato"
"114","72","108","16.08","74.88","5.64","84.14","potato"
"101","65","88","17.45","65.62","6.34","57.72","potato"
"80","85","120","24","70.22","6.29","79.94","potato"
"97","53","97","19.79","67.7","5.83","71.48","potato"
"88","69","96","22.54","77.61","5.64","71.26","potato"
"109","75","80","23.53","72.86","6.14","84.51","potato"
"87","80","80","21.57","71.23","5.27","73.24","potato"
"80","71","97","16.19","63.08","5.49","82.9","potato"
"94","63","108","21.39","72.6","6.41","84.13","potato"
"121","66","103","19.79","70.68","5.52","86.69","potato"
"109","75","103","16.38","77.12","5.18","70.07","potato"
"97","68","96","16.88","60","6.37","86.58","potato"
"101","72","91","17.12","65.54","5.95","58.12","potato"
"121","57","81","20.18","65.92","6.17","86.68","potato"
"93","60","106","17.06","70.2","5.48","69.44","potato"
"121","65","91","19.95","73.29","5.88","96.09","potato"
"115","72","85","19.76","65.89","5.38","71.45","potato"
"104","82","120","17.07","66.72","5.55","95.19","potato"
"90","61","93","15.99","62.43","6.09","82.65","potato"
"95","62","109","21.24","66.92","6.04","50.3","potato"
"120","70","110","18.67","73.32","5.82","68.56","potato"
"96","76","115","14.08","73.96","6.35","86.1","potato"
"100","73","117","14","70.78","5.81","67.16","potato"
"96","71","100","16.85","68.21","6.31","61.78","potato"
"130","60","89","23.08","71.15","6.07","77.11","potato"
"95","58","92","15.52","71.9","5.88","65.43","potato"
"116","69","87","15.29","76.56","5.58","75.6","potato"
"116","65","111","20.97","65.28","5","60.52","potato"
"103","60","96","19.25","68.2","6.14","90.52","potato"
"114","69","109","16.54","68.85","6.54","86.34","potato"
"115","71","102","15.52","60","5.47","64.19","potato"
"90","66","80","14.95","78.68","6","68.42","potato"
"106","76","105","19.63","70.76","6.39","67.43","potato"
"110","72","94","15.76","74.68","5.86","50","potato"
"104","58","89","14","70.91","5.96","83.49","potato"
"103","71","73","14.88","66.21","6.26","66.6","potato"
"99","76","114","16.02","77.42","5.78","67.59","potato"
"109","52","107","14","80","6.28","89.88","potato"
"95","53","103","19.52","68.24","5.64","94.52","potato"
"113","70","95","20.95","74.95","5","76.66","potato"
"96","57","102","16.18","65.34","5.27","99.47","potato"
"105","69","79","18.04","66.72","5.76","64.86","potato"
"100","61","91","15.35","74.49","5.63","92","potato"
"85","63","103","17.35","69.66","6.54","50","potato"
"98","66","103","19.1","66.63","5.77","77.83","potato"
"110","68","77","16.52","77.53","5.88","91.67","potato"
"94","69","103","21.24","66.77","5.58","81.28","potato"
"103","69","95","16.81","71.43","5.6","74.56","potato"
"116","61","103","20.05","64.19","6.22","78.6","potato"
"102","76","91","15.83","76.02","6.02","65.2","potato"
"102","68","70","16.7","73.72","6.19","57.26","potato"
"97","67","130","19.34","69.01","5.93","69.46","potato"
"89","81","118","20.39","71.79","5.06","66.04","potato"
"108","68","113","14","67.65","6.07","75.88","potato"
"80","71","96","16.33","70.59","5.89","76.87","potato"
"104","65","90","16.51","63.21","5.79","80.12","potato"
"123","85","114","21.51","72.24","6.01","105.01","potato"
"103","62","112","15.41","67.81","5.77","67.4","potato"
"92","65","75","23.85","73.24","5.42","94.41","potato"
"114","73","102","18.19","74.65","5.77","87.67","potato"
"105","78","93","16.44","72.45","6.07","78.16","potato"
"110","74","100","14","73.05","6.4","70.21","potato"
"101","66","112","18.47","68.9","5.7","94.09","potato"
"93","72","84","23.13","60.3","5.99","82.46","potato"
"116","61","87","18.33","74.18","5.34","72.46","potato"
"106","78","70","17.54","65.89","5.88","68.25","potato"
"125","67","92","19.11","68.28","6.51","95.27","potato"
"103","66","118","14.71","72.67","6.7","71.31","potato"
"95","62","124","18.11","65.54","6.15","69.77","potato"
"89","58","112","16.95","75.11","5.82","79.28","potato"
"105","65","98","21.14","66.45","6.5","89.48","potato"
"105","66","100","20.79","63.09","5.97","67.25","potato"
"115","71","87","14.99","72.64","5.21","98.77","potato"
"106","65","130","19.99","67.3","5.88","94.92","potato"
"96","74","103","14.54","68.78","5.68","88.07","potato"
"106","68","101","20.59","71.86","6.64","89.57","potato"
"89","50","99","18.12","73.9","5.06","62.71","potato"
"104","71","110","15.47","75.82","5.84","91.41","potato"
"116","85","118","21.03","75.36","6.1","84.82","potato"
"100","58","85","20.7","73.6","5.73","83.76","potato"
"99","73","98","14.05","64.72","6.11","105.54","potato"
"113","62","82","19.31","60","5.82","96.7","potato"
"100","62","98","16.86","67.31","6.31","71.63","potato"
"101","71","130","15.26","71.69","5.98","84.72","potato"
"101","72","92","15.61","75.95","5.31","82.29","potato"
"117","67","110","19.17","67.64","6.17","68.96","potato"
"94","62","88","15.78","73.48","6.05","74.16","potato"
"102","78","100","17.35","68.52","6.45","65.29","potato"
"112","73","100","14","77.9","6.1","70.12","potato"
"110","63","117","21.82","75.16","5.54","90.95","potato"
"87","59","98","15.27","69.07","6.44","92.29","potato"
"80","60","80","16.48","67.82","5.83","104.27","potato"
"115","67","97","16.5","65.61","5.94","88.92","potato"
"80","61","105","14.39","80","5","70.41","potato"
"116","73","106","14.84","60.56","5.54","50","potato"
"106","65","118","14","74.3","5.61","67.85","potato"
"99","62","106","14","65.71","6.2","51.86","potato"
"98","74","107","17.56","72.37","6.17","70.81","potato"
"104","55","116","15.95","68.62","6.39","89.04","potato"
"83","69","85","16.76","69.28","5.54","81.41","potato"
"111","71","118","17.04","73.51","5.46","72.11","potato"
"98","74","82","17.39","66.42","5.33","70.89","potato"
"94","58","116","17.48","63.33","5.35","120","potato"
"98","58","103","15.35","78.87","5.92","67.66","potato"
"104","67","81","14","73.07","5.87","67.68","potato"
"92","63","89","21.78","72.65","5.91","76.56","potato"
"120","62","112","16.37","76.64","5.77","77.15","potato"
"114","59","105","19.62","72.82","5.86","71.2","potato"
"97","82","130","18.59","75.22","6.4","93.68","potato"
"120","50","116","16.93","66.02","6.64","81.25","potato"
"88","64","117","17.75","60","5.53","56.31","potato"
"98","70","83","16.83","62.21","5.49","103.78","potato"
"118","56","102","20.7","72.63","5.69","67.58","potato"
"84","68","93","14.93","71.65","5.56","107.24","potato"
"115","71","116","20.55","73.45","5.38","77.46","potato"
"101","72","116","20.96","67.79","6.65","66.13","potato"
"108","60","84","19.43","74.92","5","103.18","potato"
"96","60","119","15.36","64.99","5.74","56.84","potato"
"120","67","105","16.84","65.98","5.65","50","potato"
"110","80","108","24","64.98","5.77","97.23","potato"
"124","61","90","14.88","65.91","5.93","80.15","potato"
"85","59","103","17.02","70.99","6.4","98.37","potato"
"113","67","100","16.78","70.17","6.57","75.77","potato"
"99","78","86","17.23","67.91","5.46","94.2","potato"
"93","60","81","15.46","67.97","5.53","50","potato"
"118","61","111","15.27","68.19","5.77","91.47","potato"
"105","63","125","18.18","65.74","5.91","62.59","potato"
"114","63","102","17","74.13","6.31","119.02","potato"
"101","65","92","19.34","69.29","6.26","90.55","potato"
"99","71","86","17.42","80","5.53","64.51","potato"
"118","70","78","17.65","68.48","6.12","57.59","potato"
"104","59","103","23.17","76.67","6.31","62.16","potato"
"114","63","110","17.67","72.5","5.94","100.51","potato"
"107","50","110","20.32","70.83","6.16","95.02","potato"
"115","77","93","16.51","74.06","5.74","97.26","potato"
"102","60","92","19.46","62.03","5.72","75.62","potato"
"96","68","102","24","69.16","6","85.9","potato"
"102","64","70","14.46","64.4","5.42","67.12","potato"
"80","70","115","14","69.85","5.94","84.96","potato"
"111","54","95","17.97","65.51","5.6","103.39","potato"
"88","84","117","21","62.63","5.93","95.75","potato"
"119","70","91","19.21","64.68","5.66","85.41","potato"
"107","61","121","16.63","63.21","6","113.32","potato"
"119","68","113","20.93","74.61","5.35","53.19","potato"
"92","65","119","24","66.64","6.1","71.3","potato"
"128","64","103","15.3","71","6.7","60.7","potato"
"115","56","103","24","63.51","5.97","83.92","potato"
"103","50","95","23.32","68.12","6.43","94.95","potato"
"116","53","91","14.6","79.89","6.16","76.59","potato"
"111","68","84","20.32","71.42","5.76","77.44","potato"
"127","65","80","24","75.04","5.73","80.03","potato"
"123","73","98","19.16","76.37","5.31","65.32","potato"
"93","75","99","15.27","74.65","5.4","92.06","potato"
"101","71","91","23.05","75.5","6.5","100.17","potato"
"125","56","110","23.2","66.49","6.2","68.89","potato"
"110","77","98","23.21","69.21","6.01","82.64","potato"
"92","63","90","17.78","63.3","6.19","84.54","potato"
"113","62","117","20.57","74.13","6.72","85.65","potato"
"109","72","94","16.98","69.93","5.64","74.21","potato"
"114","67","118","14","73.38","6.09","83.04","potato"
"106","63","72","15.31","66.91","6.28","87.55","potato"
"107","60","111","15.95","80","6.18","80.09","potato"
"130","61","105","14","72.01","6.13","85.67","potato"
"103","76","85","19.59","61.52","5.45","94.09","potato"
"93","60","96","16.46","68","5.74","66.03","potato"
"83","67","84","19.89","68.42","6.11","71.37","potato"
"94","59","98","14","72.63","6.15","76.7","potato"
"110","50","96","20.01","71.49","6.13","77.1","potato"
"107","75","113","16.53","69.75","6.18","84.95","potato"
"98","75","83","18.54","64.57","5.8","83.75","potato"
"98","72","93","17.45","74.55","6.01","72.63","potato"
"107","70","83","14","71.83","5.98","81.36","potato"
"117","81","112","14.19","74.78","6.03","105","potato"
"113","81","114","18.49","66.54","5.92","77.69","potato"
"113","61","86","14","72.2","6.09","77.17","potato"
"104","64","120","15.38","76.13","5.86","52.35","potato"
"96","75","90","15.44","68.22","5.99","99.56","potato"
"120","68","109","15.93","73.56","6.39","71.82","potato"
"116","83","103","14.46","68.56","6.09","76.78","potato"
"110","67","78","24","74.24","6.26","72.69","potato"
"112","73","89","18.01","65.63","5.77","68.74","potato"
"110","65","106","19.46","71.88","5.79","84.88","potato"
"98","70","93","19.75","73.44","5.92","94.97","potato"
"90","85","117","19.08","65.82","5.96","58.72","potato"
"88","73","89","19.02","79.74","6.35","94.54","potato"
"80","63","127","17.91","79.41","6.34","106.53","potato"
"111","72","110","17.77","65.74","5.72","63.78","potato"
"100","66","75","14.2","66.39","5.72","103.21","potato"
"109","69","92","17.41","78.75","6.33","81.73","potato"
"115","78","115","21.1","67.01","6.66","81.44","potato"
"88","71","98","14","77.16","6.28","86.3","potato"
"108","63","83","14","78.18","5.91","65.21","potato"
"103","74","107","14","68","5.51","100.71","potato"
"115","63","89","18.25","68.44","5.32","86.79","potato"
"119","59","103","18.19","72.69","5.22","100.99","potato"
"107","73","85","15.98","61.1","6.21","60.49","potato"
"107","61","89","19.67","73.54","6.26","67.65","potato"
"105","80","111","18.5","65.68","5.54","76.21","potato"
"100","73","94","15.42","72.06","5.91","71.29","potato"
"98","66","94","16.92","66.52","6.47","50","potato"
"100","73","97","21.16","76.31","6.12","81.69","potato"
"117","54","77","14","69.96","5.41","67.53","potato"
"101","65","88","17.58","73.1","6.42","105.49","potato"
"112","65","95","18.8","64.82","5.51","54.56","potato"
"99","71","111","18.45","71.77","5.7","70.88","potato"
"98","67","100","18.25","72.87","6.15","80.14","potato"
"106","63","109","16.15","76.21","6.62","86.57","potato"
"97","80","91","16.5","70.67","5.53","62.18","potato"
"107","82","73","14","64.83","5.56","50","potato"
"124","82","120","19.27","68.8","6.45","94","potato"
"113","61","123","15.19","74.14","5.92","79.11","potato"
"99","69","94","22.05","73.91","5.98","80.76","potato"
"119","75","107","17.7","65.5","6.42","76.94","potato"
"93","52","102","24","60.64","6.28","67.47","potato"
"115","69","99","18.43","78.73","5.51","55.08","potato"
"91","79","128","18.61","76.1","6.15","82.41","potato"
"101","56","114","20.1","79.53","5.24","70.26","potato"
"113","69","88","17.04","61.86","5.64","79.63","potato"
"117","66","101","14","70.9","6.19","71.76","potato"
"121","71","102","15.36","67.71","5.52","94","potato"
"120","65","110","18.2","64.29","6.11","85.02","potato"
"117","77","107","19.35","67.08","5.11","70.71","potato"
"104","79","88","15.77","67.12","5.39","81.31","potato"
"83","69","96","17.78","74.74","5.67","91.9","potato"
"104","53","106","14.79","73.78","6.58","97.72","potato"
"105","65","90","14","65.41","5.47","85.4","potato"
"92","60","96","14","69.01","6.2","79.78","potato"
"104","63","79","18.93","74.7","6.17","66.93","potato"
"88","62","72","16.35","68.84","6.07","71.13","potato"
"98","77","95","16","65.94","5.87","71.84","potato"
"93","75","97","17.6","73.19","5.55","68.65","potato"
"111","75","113","14.91","72.14","6.12","60.65","potato"
"108","74","89","22.58","76.67","5.67","87.96","potato"
"112","72","86","20.66","69.37","5.73","66.17","potato"
"122","50","99","14","68.91","5.57","85.09","potato"
"107","63","121","22.53","69.12","6.07","88.6","potato"
"128","71","90","17.43","60.81","6.56","93.52","potato"
"110","74","77","22.68","69.98","5.87","85.24","potato"
"105","83","70","21.7","71.01","6.8","72.77","potato"
"97","75","96","17.39","70.12","5.66","86.72","potato"
"105","65","87","14","75.16","6.29","81.64","potato"
"89","69","109","17.79","68.29","5.08","88.14","potato"
"94","76","89","22.28","77.59","6.23","84.26","potato"
"102","65","83","14.33","69.35","5.1","71.05","potato"
"108","58","90","20.65","69.38","5.77","74.14","potato"
"94","51","124","15.82","65.4","5.63","94.73","potato"
"107","84","87","15.69","64.24","5.73","74.3","potato"
"120","71","111","17.94","68.38","6.31","70.43","potato"
"111","76","101","22.5","68","5.05","96.02","potato"
"127","63","96","16.91","70.01","5.49","91.57","potato"
"99","79","89","19.71","74.44","5.99","73.23","potato"
"130","74","111","18.65","74.68","5.51","88.1","potato"
"90","59","107","15.19","69.26","5.89","70.86","potato"
"86","77","115","15.04","69.9","6.51","86.36","potato"
"103","60","98","19.16","64.14","5.69","64.38","potato"
"120","74","86","21.38","67.82","5.85","81.98","potato"
"90","71","86","15.9","60","6.32","89.38","potato"
"122","56","130","14","75.29","6.62","77.15","potato"
"107","70","115","23.09","68.67","5.56","99.11","potato"
"107","71","75","16.69","73.32","6.08","73.8","potato"
"94","60","83","20.86","73.62","5.86","96.26","potato"
"120","80","111","21.68","71.95","5.84","87.75","potato"
"116","62","104","19.08","69.54","5.98","78.1","potato"
"103","63","122","17.65","60","5.24","58.44","potato"
"115","74","115","22.65","70.93","5.73","85.7","potato"
"95","55","90","14.9","70.22","6.4","85.22","potato"
"111","58","101","17.29","74.81","5.62","69.27","potato"
"119","61","110","18.44","79.53","5.77","91.27","potato"
"96","55","101","17.86","65.89","6.1","97.77","potato"
"105","54","100","22.04","79.37","5.33","90.29","potato"
"88","69","106","16","72.97","6.27","66.92","potato"
"116","66","94","20.99","70.84","5.72","87.91","potato"
"100","77","99","16.85","72.64","5.86","84.2","potato"
"103","66","110","14.45","71.08","5.61","61.31","potato"
"100","62","102","22.48","64.11","5.28","84.41","potato"
"84","68","87","16.41","67.16","6.09","81.39","potato"
"117","53","105","17.1","69.26","5.04","50.01","potato"
"104","70","106","17.22","72.92","6.39","96.75","potato"
"105","62","116","15.11","66.22","5.94","63.26","potato"
"101","66","115","23.59","73.54","5.46","66.15","potato"
"115","63","120","15.45","72.77","5.54","83.87","potato"
"116","58","107","14","66.01","6.56","80.85","potato"
"114","68","115","17.22","63.3","5.66","83.11","potato"
"97","62","79","20.48","72.05","5.9","63.63","potato"
"130","70","95","18.74","64.36","5.32","64.47","potato"
"107","63","93","18.8","67.37","5.61","68.09","potato"
"99","69","122","14","71.63","5.92","84.42","potato"
"85","81","130","14","69.62","6.71","82.12","potato"
"115","70","97","15","71.33","5.78","86.92","potato"
"110","72","79","19.87","60.83","6.22","75.96","potato"
"111","78","94","17.04","69.26","5.97","78.07","potato"
"91","71","116","21.18","62.8","5.85","85.84","potato"
"115","81","112","14","60","5.71","85.76","potato"
"110","64","108","20.09","71.55","5.92","74.81","potato"
"103","62","70","14.74","60","6.37","74.22","potato"
"105","71","121","14","67.68","5.16","91.53","potato"
"93","75","99","22.03","70.2","5.82","80.43","potato"
"115","67","129","19.08","72.75","6.15","102.71","potato"
"108","74","91","15.83","67.43","5.19","85.38","potato"
"115","65","101","18.07","73.12","6.38","73.6","potato"
"106","50","84","21.31","71.14","5.82","80.95","potato"
"101","61","129","18.1","77.07","6.16","87.6","potato"
"87","76","70","17.61","67.92","6.07","80.72","potato"
"108","78","107","17.05","74.73","5.6","95.77","potato"
"95","72","100","14","77.5","5.71","81.21","potato"
"103","60","115","15.23","68.2","5.87","52.34","potato"
"127","69","74","18.02","68.27","5.94","92.05","potato"
"102","64","91","14","74.84","5.94","81.34","potato"
"99","66","98","20.59","67.49","5.66","81.13","potato"
"90","50","95","19.64","72.14","5.43","87.87","potato"
"77","37","34","16.98","53.02","6.81","76.65","mustard"
"80","35","34","16.22","52.81","7.7","77.16","mustard"
"62","43","28","15.75","55.82","6.91","64.54","mustard"
"71","40","33","12.05","63.21","6.57","70.65","mustard"
"67","38","35","16.49","58.42","6.93","43.24","mustard"
"67","47","35","20.45","51.83","7","54.17","mustard"
"65","44","23","12.73","65","7.1","59.22","mustard"
"81","39","25","16.63","50.39","6.12","59.07","mustard"
"73","40","35","16.59","64.67","6.38","57.45","mustard"
"67","44","21","12.7","55.4","7.05","65.52","mustard"
"69","36","29","18.2","54.9","6.67","61.28","mustard"
"65","43","27","17.95","53.35","6.73","51.02","mustard"
"74","41","34","15.1","56.68","6.89","65.31","mustard"
"90","47","45","10.47","57.65","6.33","53.95","mustard"
"80","30","33","13.89","52.73","6.7","41.52","mustard"
"84","39","31","17.56","53.73","6.98","72.36","mustard"
"76","50","43","22.24","55.17","6.51","46.64","mustard"
"68","49","30","13.71","57.78","6.41","52.97","mustard"
"87","32","28","13.84","50.42","6.66","74.97","mustard"
"59","30","32","15.26","50.26","7.01","68.63","mustard"
"62","51","40","18.68","61.51","6.65","73.16","mustard"
"78","40","28","23.04","64.21","7.11","51.23","mustard"
"73","42","31","20.06","56.93","6.94","35","mustard"
"50","41","33","17.55","52.93","6.9","43.34","mustard"
"77","46","39","15.36","54.31","7.33","49.18","mustard"
"59","42","28","12.3","56.38","7.22","58.02","mustard"
"75","31","33","15.34","53","7.17","46.94","mustard"
"79","48","20","17.64","61.68","7.49","68.29","mustard"
"58","45","25","17.81","55.49","6.51","57.46","mustard"
"67","44","29","20.22","57.57","6.52","76.19","mustard"
"63","49","24","14.04","55.15","6.71","39.71","mustard"
"87","48","33","13.39","54.41","6.68","62.53","mustard"
"65","41","44","19.82","58.77","6.89","36.31","mustard"
"90","45","29","13.77","52.08","6.46","60.83","mustard"
"67","43","34","15.47","61.66","6.77","69.63","mustard"
"64","45","33","20.4","46.13","6.89","56.85","mustard"
"86","53","24","15.34","51.62","6.92","54.79","mustard"
"78","44","30","21.3","55.01","6.35","57.73","mustard"
"56","41","38","16.06","58.71","6.52","36.51","mustard"
"78","50","31","18.94","61","6.52","59.06","mustard"
"70","39","26","19.8","50.75","7.09","35","mustard"
"64","35","30","11.93","55.4","6.82","51.1","mustard"
"82","37","29","21.76","48.01","6.11","77.8","mustard"
"75","44","26","12.75","49.61","7.05","84.39","mustard"
"59","50","40","13.18","52.32","7.1","59.45","mustard"
"76","44","34","19.63","58.03","6.86","42.29","mustard"
"73","47","34","12","53.23","6.79","64.06","mustard"
"70","49","33","21.51","54.52","6.47","72.33","mustard"
"70","36","38","17","57.87","6.68","51.13","mustard"
"80","42","45","16.35","54.34","6.94","54.8","mustard"
"67","39","22","17.51","56.48","7.19","64.23","mustard"
"80","33","30","12.17","54.57","7.56","49.62","mustard"
"76","46","34","16.98","52.81","6.93","62.6","mustard"
"67","41","24","18.4","52.88","6.62","62.32","mustard"
"83","40","23","14.91","56.44","6.49","46.49","mustard"
"67","41","26","16.31","49.98","6.77","54.03","mustard"
"61","36","24","19.78","50.63","6.51","38.88","mustard"
"76","36","36","20.04","50.84","7.57","76.48","mustard"
"57","44","38","17.74","51.94","6.52","84.98","mustard"
"80","33","32","15.14","48.72","7.09","63.17","mustard"
"53","36","39","16.72","54.2","6.25","49.83","mustard"
"63","45","26","16.64","56.02","6.89","50.69","mustard"
"51","49","35","22.61","57.39","6.57","81.09","mustard"
"66","39","37","11.14","59.94","7.2","59.67","mustard"
"71","38","35","17.66","53.91","7.74","52.31","mustard"
"56","41","25","13.6","56.93","7.17","44.66","mustard"
"73","41","35","16.57","59.16","7.8","48.16","mustard"
"80","49","39","20.49","50.46","7.25","75.38","mustard"
"61","43","32","15.19","50.17","7.8","74.65","mustard"
"67","33","35","17.88","49.02","7.16","55.11","mustard"
"76","48","38","13.69","56.13","6.75","53.58","mustard"
"65","47","36","16.25","55.74","6.93","50.12","mustard"
"77","30","22","15.36","54.37","7.02","47.11","mustard"
"71","42","39","14.04","60.11","7.24","63.84","mustard"
"69","44","34","11.08","63.23","6.65","66.35","mustard"
"59","41","29","18.24","50.59","6.95","75.32","mustard"
"64","43","28","16.01","45.77","6.68","55","mustard"
"72","44","35","17.59","65","6.95","58.46","mustard"
"79","53","33","14.99","56.45","6.55","51.47","mustard"
"82","49","28","14.42","57.35","6.43","48.27","mustard"
"69","46","34","19.37","54.17","7.8","53.56","mustard"
"63","37","35","17.84","59.62","6.18","52.72","mustard"
"79","40","33","16.07","57.02","6.92","62.92","mustard"
"67","44","33","18.64","49.06","7.47","74.2","mustard"
"74","49","38","20.98","50.03","6.75","39.22","mustard"
"80","53","37","18.6","61.58","6.67","63","mustard"
"74","37","25","19.52","49.95","6.93","71.78","mustard"
"85","41","28","15.12","54.12","7.22","76.93","mustard"
"83","49","31","18.99","58.52","6.21","75.15","mustard"
"65","44","35","12.79","57.16","6.33","62.34","mustard"
"62","38","31","16","59.26","6.42","45.19","mustard"
"73","39","23","17.02","59.58","7.01","65.27","mustard"
"71","47","20","14.32","57.68","6.19","46.2","mustard"
"64","53","43","15.88","54.25","7.38","51.9","mustard"
"59","41","38","18.12","50.82","6.16","61.41","mustard"
"58","30","45","19.73","54.63","7.02","51.58","mustard"
"60","36","36","19.81","56.95","6.47","63.24","mustard"
"82","48","31","14.58","50.13","6.4","55.65","mustard"
"62","34","34","16.8","52.07","7.22","74.69","mustard"
"64","38","21","15.83","49.32","6.84","58.58","mustard"
"81","47","35","17.13","65","6.65","60.36","mustard"
"81","40","31","17.21","57.32","6.45","70.17","mustard"
"53","49","25","10","57.78","7.56","50.27","mustard"
"65","42","36","21.43","51.39","6.6","44.13","mustard"
"57","40","36","15.58","51.55","6.53","61.39","mustard"
"60","36","22","22.99","56.71","6.9","67.4","mustard"
"76","35","31","13.16","60.58","7.18","62.52","mustard"
"71","43","35","17.85","57.44","6.82","53.4","mustard"
"53","39","23","21.38","45.33","6.27","62.23","mustard"
"84","45","33","20.07","55.25","6.86","75.41","mustard"
"70","48","41","24.03","63.72","7.38","59.12","mustard"
"77","47","34","18.98","45","6.83","49.7","mustard"
"68","40","34","11.46","46.69","7.23","74.05","mustard"
"61","39","21","16.03","65","6.51","63.15","mustard"
"70","43","32","12.75","58.58","6.73","37.84","mustard"
"80","51","26","20.7","56.86","6.96","78.12","mustard"
"74","35","45","20.58","45","6.64","43.63","mustard"
"75","53","32","17.58","47.11","6.83","70.79","mustard"
"50","41","37","16.37","55.46","7.43","47.4","mustard"
"78","38","30","17.96","59.3","6.06","78.27","mustard"
"50","33","26","15.1","54.98","6.72","53.7","mustard"
"73","41","31","16.21","60.58","6.7","79.14","mustard"
"66","36","39","20.23","52.55","6.77","53.34","mustard"
"83","39","37","18.75","47.53","6.97","75.71","mustard"
"65","39","31","24.36","51.73","6.88","62.89","mustard"
"70","38","41","19.35","48.58","7.18","59.71","mustard"
"78","48","31","13.04","55.97","6.44","46.37","mustard"
"90","38","31","15.04","47.22","7.04","65.77","mustard"
"57","41","33","18.88","52.31","6.42","56.04","mustard"
"70","51","27","13.54","47.77","6.72","75.55","mustard"
"70","37","31","17.58","49.07","6.68","53.48","mustard"
"51","53","38","14.78","54.6","6.82","61.34","mustard"
"70","41","28","20.15","57.26","7.17","61.21","mustard"
"90","41","30","17.51","56.34","6.88","73.37","mustard"
"56","45","33","11.88","60.31","7.07","57.5","mustard"
"79","33","33","16.28","50.43","6.98","64.87","mustard"
"67","41","32","13.95","56.58","6.73","56.33","mustard"
"68","37","32","15.06","60.05","6.54","44.29","mustard"
"78","37","36","14.53","51.69","7.02","65.31","mustard"
"68","47","34","14.49","48.67","7.48","64.11","mustard"
"56","33","34","15.3","51.55","7.32","75.33","mustard"
"64","34","35","17.85","51.52","6.69","45.8","mustard"
"80","41","30","15.19","56.26","6.3","77.21","mustard"
"70","49","40","18.01","50.75","7.03","71.17","mustard"
"84","39","27","17.77","49.17","7.8","56.96","mustard"
"80","46","29","16.07","54.49","7.03","58.63","mustard"
"73","38","23","11.31","56","6.43","60.99","mustard"
"75","35","33","15.78","57","7.34","71.53","mustard"
"72","44","31","22.92","54.45","7.42","58.45","mustard"
"82","42","26","19.15","57.55","6.79","70.91","mustard"
"79","32","33","22.15","48.58","6","50.54","mustard"
"80","44","35","15.05","58.04","7.01","71.87","mustard"
"74","38","31","17.89","59.66","6.71","73.39","mustard"
"78","45","32","17.11","49.88","6","59.94","mustard"
"51","34","31","10.83","55.75","6.88","76.73","mustard"
"62","43","27","14.1","45.33","6.72","64.53","mustard"
"69","47","29","22.32","52.81","6.82","56.82","mustard"
"52","37","45","21.41","57.13","6.42","67.77","mustard"
"81","36","34","15","54.64","7.08","51.11","mustard"
"68","46","40","16.03","53.7","6.56","70.49","mustard"
"60","34","28","12.84","58.64","6.63","43.94","mustard"
"70","41","30","21.02","58.43","7.03","53.11","mustard"
"65","35","39","19.46","55.22","7.15","71.68","mustard"
"83","40","36","17.8","64.35","7.65","65.08","mustard"
"59","52","34","18.06","58.78","7.05","50.72","mustard"
"65","36","36","17.62","49.75","6.71","64.4","mustard"
"90","36","36","15.57","65","7.23","76.2","mustard"
"66","51","20","17.52","61.08","7.38","64.72","mustard"
"81","40","29","17.85","56.16","7","79.17","mustard"
"71","37","43","15.69","55.53","6.68","44.86","mustard"
"65","54","29","14.2","56.61","7","62.57","mustard"
"80","35","36","15.16","56.48","6.74","57.97","mustard"
"82","41","24","20.8","56.21","6.67","48.04","mustard"
"72","37","37","19.69","58.56","6.36","39.41","mustard"
"65","40","30","19.59","57.41","7.19","61.2","mustard"
"67","45","31","15.7","52.14","7.15","47.88","mustard"
"64","38","26","15.49","55.62","6.28","59.71","mustard"
"67","49","22","17.06","47.17","7.39","56.95","mustard"
"59","41","29","15.64","59.78","7.29","55.83","mustard"
"59","34","33","12.12","59.92","6.85","66.87","mustard"
"67","37","29","15.35","49.64","6.74","73.39","mustard"
"75","40","25","20.48","60.45","6.95","52.59","mustard"
"66","33","38","13.36","57.02","6.03","43.43","mustard"
"73","39","22","18.49","59.75","6.87","43.44","mustard"
"55","40","29","18.98","50.02","6.16","80.82","mustard"
"74","48","27","18.96","45","6.59","65.43","mustard"
"89","37","45","11.56","59.89","6.66","84.26","mustard"
"64","49","25","15.74","55.28","6.69","88.92","mustard"
"79","43","30","16.92","57.75","7.1","35","mustard"
"64","39","35","11.19","57.93","7.27","72.9","mustard"
"70","49","39","18.12","56.77","7.58","73.69","mustard"
"61","45","33","19.04","59.24","6.58","62.13","mustard"
"73","39","24","13.26","52.15","6.94","65.73","mustard"
"68","42","39","21.51","45.71","6.79","51.43","mustard"
"71","33","32","17.64","53.84","6.57","48.5","mustard"
"66","34","35","15.45","59.38","6.81","52.99","mustard"
"68","47","40","14.21","56.88","6.8","64.36","mustard"
"63","41","28","16.56","49","7.22","65.26","mustard"
"90","41","39","16.34","53.67","6.67","77.16","mustard"
"90","46","43","16.13","55.42","6.66","68.87","mustard"
"81","41","27","19.84","62.12","6.87","69.67","mustard"
"54","39","35","19.29","56.5","6.8","41.66","mustard"
"83","39","28","15.69","56.02","6.53","54.09","mustard"
"61","43","20","15.05","57.27","6.52","83.88","mustard"
"76","44","32","19.72","61.9","7.37","68.25","mustard"
"59","36","41","17.04","54.06","6.91","42.25","mustard"
"54","46","33","20.67","45","6.15","83.22","mustard"
"72","39","43","22.6","63.81","6.85","76.58","mustard"
"62","44","34","16.5","58.48","6.7","77.84","mustard"
"73","36","30","12.96","51.29","6.81","55.13","mustard"
"72","46","31","17.49","51.11","6.86","53.26","mustard"
"73","37","44","15.28","57.01","7.24","67.4","mustard"
"86","30","29","17.47","63.51","6.87","50.9","mustard"
"86","35","41","11.75","56.74","7.18","69.27","mustard"
"87","34","42","16.11","58.37","6.62","53.68","mustard"
"70","33","27","16.34","51.46","7.5","67.13","mustard"
"64","45","30","17.71","50.09","7.49","70.95","mustard"
"72","40","38","14.06","50.15","7.41","66.24","mustard"
"78","51","37","17.38","63.62","6.98","54.23","mustard"
"83","41","33","18.74","50.69","6.83","80.81","mustard"
"80","30","34","17.29","55.72","6.66","47.12","mustard"
"70","47","25","17.12","56.46","6.34","35","mustard"
"69","36","38","16.71","58.08","6.72","55.87","mustard"
"81","44","36","17.91","59.5","6.51","68.07","mustard"
"78","47","29","16.17","53.8","6.56","58.87","mustard"
"74","35","36","21.04","56.62","7.05","60.2","mustard"
"64","39","25","19.06","54.8","6.58","50.77","mustard"
"68","38","27","16.53","61.82","6.67","50.11","mustard"
"71","38","41","20.13","51.88","6.96","70.06","mustard"
"67","39","30","18.74","50.93","7.39","68.18","mustard"
"66","51","26","21.32","51.54","7.34","47.31","mustard"
"65","39","32","14.76","54.24","7.4","63.66","mustard"
"68","37","44","15.18","55.15","6.94","56.48","mustard"
"61","34","34","21.05","55.69","6.75","86.21","mustard"
"60","45","37","12.16","56.6","6.67","53.27","mustard"
"65","46","20","13.61","50.23","7.04","65.52","mustard"
"71","35","25","24.17","45.76","6.38","57.34","mustard"
"55","41","31","17.46","52.55","6.82","64.76","mustard"
"54","37","35","16.08","62.98","7.2","60.18","mustard"
"58","47","33","20.6","50.9","6.45","78.65","mustard"
"65","51","45","15.96","52.19","6.63","45.34","mustard"
"66","48","29","16.7","56.22","7.26","42.31","mustard"
"88","44","24","10","59.14","6.79","55.61","mustard"
"68","44","33","20.56","52.3","7.01","66.36","mustard"
"68","37","31","18.58","55.77","6.75","40.92","mustard"
"77","43","34","12.88","56.71","7.05","61.11","mustard"
"75","43","30","19.62","61.01","6.89","72.91","mustard"
"62","41","25","21.23","57.06","6.31","86.01","mustard"
"61","41","33","21.03","56.78","6.69","44.25","mustard"
"76","49","38","18.88","62.42","6.43","43.75","mustard"
"71","36","37","17.2","53.6","7.07","62.02","mustard"
"69","40","20","22.3","56.51","6.46","69.29","mustard"
"72","39","36","16.7","61.35","6.27","51.83","mustard"
"65","40","33","12.63","58.34","6.08","78.2","mustard"
"66","30","22","14.94","55.93","6.75","36.85","mustard"
"75","32","26","16.3","46.87","6.59","70.08","mustard"
"89","44","37","15.2","56.32","7.72","66.13","mustard"
"75","43","31","19.99","48.64","7.07","57.58","mustard"
"79","40","30","16.66","57.49","6.66","56.35","mustard"
"72","47","36","15.65","55.6","7.31","81.44","mustard"
"61","41","27","14.34","58.63","6.94","49.77","mustard"
"79","47","32","14.9","50.1","6.42","51.63","mustard"
"73","46","20","21.51","60.24","7.12","66.17","mustard"
"78","44","32","15.49","53.02","7.43","57.95","mustard"
"71","41","41","24.58","51.91","7.41","49.09","mustard"
"69","35","36","18.65","51.05","6.47","59.66","mustard"
"78","40","24","20","50.21","6.17","65.75","mustard"
"64","38","33","20.17","65","7.18","45.53","mustard"
"74","50","36","19.16","59.68","6.49","65.67","mustard"
"61","40","25","20.95","53.76","7.02","55.51","mustard"
"64","35","30","17.73","52.23","7.04","66.14","mustard"
"63","46","32","18.33","58.42","7.44","70.47","mustard"
"79","42","27","18.1","58.31","6.72","71.46","mustard"
"74","42","25","22.09","45.57","6.37","75.42","mustard"
"68","31","21","10.02","49.78","6.18","87.4","mustard"
"58","43","26","19.31","54.05","6.68","45.47","mustard"
"86","42","36","15.31","53.82","7.5","72.58","mustard"
"77","48","31","16.48","63.53","7.17","79.94","mustard"
"69","41","37","15.97","53.46","6.71","43.47","mustard"
"54","42","44","15.76","59.63","6.23","61.72","mustard"
"69","43","28","17.86","59.74","6.28","62.98","mustard"
"80","38","28","14.78","63.71","6.59","35","mustard"
"68","37","33","16.11","55.43","6.45","65.63","mustard"
"59","43","28","19.79","63.27","7.03","68.43","mustard"
"66","44","38","17.12","46.78","6.58","69.64","mustard"
"68","44","28","16.82","51.72","6.29","88.7","mustard"
"75","43","31","14.07","58.98","7.43","61.96","mustard"
"68","42","31","17.04","49.65","7","67.41","mustard"
"80","36","28","15.49","55.07","7.49","61.3","mustard"
"69","47","37","19.69","47.35","6.56","66.51","mustard"
"70","39","30","18.58","50.27","6.86","47.97","mustard"
"71","45","39","18.89","56.35","6.73","54.86","mustard"
"54","48","42","16.52","59.62","6.87","69.1","mustard"
"80","43","26","17.41","57.11","7.21","43.25","mustard"
"90","40","29","13.51","46.47","7.09","73.83","mustard"
"60","36","27","15.78","51.12","7.41","40.2","mustard"
"66","48","30","19.88","51.82","7.09","71.25","mustard"
"72","30","39","19.19","57.94","6.35","59.29","mustard"
"56","47","29","17.83","54.4","6.74","61.07","mustard"
"56","40","38","17.82","64.12","6.84","62.73","mustard"
"63","33","37","11.12","65","6.3","53.01","mustard"
"72","39","32","11.98","60.44","7.38","41.33","mustard"
"90","39","41","18.22","59.62","6.55","60.57","mustard"
"72","39","32","16.91","53.01","6.71","49.77","mustard"
"66","45","39","15.4","51.39","7.39","36.73","mustard"
"57","46","29","15.45","49.48","6.38","86.3","mustard"
"64","38","35","13.56","54.27","7.15","70.16","mustard"
"63","38","29","16.94","48.7","6.83","57.45","mustard"
"81","50","33","20.07","51.43","6.68","61.35","mustard"
"83","49","30","18.08","51.31","6.76","54.46","mustard"
"72","35","33","16.92","46.54","7.38","69.91","mustard"
"68","46","41","16.8","55.69","7.39","66.57","mustard"
"63","37","39","19.32","56.93","6.94","62.3","mustard"
"80","38","35","20.41","52.59","6.73","67.76","mustard"
"65","46","43","13.22","59.24","7.29","69.46","mustard"
"56","43","34","21.1","54.01","7.22","72.22","mustard"
"60","36","40","13.05","54.93","7.06","69.88","mustard"
"50","36","36","18","65","6.27","65.56","mustard"
"73","49","32","19.5","59.23","7","40.32","mustard"
"79","49","38","15.46","51.58","6.34","84","mustard"
"84","51","25","15.91","49.39","6.35","47.7","mustard"
"62","40","34","15.43","54.13","6.37","65.72","mustard"
"80","38","35","15.51","56.41","6.63","47.54","mustard"
"74","48","37","22.09","59.65","6.51","56.63","mustard"
"69","32","21","13.37","60.23","6.86","42.27","mustard"
"61","52","23","16.64","65","6.38","56.75","mustard"
"64","31","35","17.84","65","6.54","61.99","mustard"
"56","50","29","14.47","49.04","7.38","80.92","mustard"
"70","36","27","15.02","54.87","6.6","58.49","mustard"
"80","54","28","18.5","58.23","6.88","51.87","mustard"
"64","39","24","19.62","55.83","7.12","60.64","mustard"
"66","42","29","12.12","59.48","6.99","46.23","mustard"
"71","40","33","12.11","53.38","6.87","35","mustard"
"73","30","34","15.61","56.85","6.88","59.62","mustard"
"78","51","40","14.57","48.79","6.64","52.5","mustard"
"58","52","31","18.8","57.01","7.04","37.07","mustard"
"66","46","38","16.7","52.21","6.47","68.88","mustard"
"83","35","27","14.46","57.52","6.79","41.01","mustard"
"69","33","26","18.64","57.07","7.26","55.86","mustard"
"59","45","27","18.98","61.16","6.49","72.65","mustard"
"90","47","32","16.41","58.85","7.28","54.74","mustard"
"61","55","23","21.41","65","6.78","47.89","mustard"
"68","47","42","17.46","57.38","6.51","49.23","mustard"
"62","36","31","14.47","56.23","7.38","66.72","mustard"
"74","49","38","17.76","45","7.12","60.76","mustard"
"67","40","35","18.98","54.59","6.95","43.19","mustard"
"54","44","28","18.88","58.03","6.11","71.85","mustard"
"50","46","27","20.81","63.06","6.63","87.12","mustard"
"67","49","26","16.41","51.9","6.1","57.77","mustard"
"73","52","33","16.99","59.57","6.69","57.71","mustard"
"69","55","31","14.1","53.64","7.8","56.06","mustard"
"74","49","31","20.73","52.3","7.69","63.84","mustard"
"61","35","41","21.21","57.54","6.99","65.86","mustard"
"57","43","32","10","55.39","6.84","63.26","mustard"
"62","43","31","11.38","52.17","7.16","61.48","mustard"
"59","34","20","17.65","52.57","6.79","46.02","mustard"
"63","48","45","12.43","49.06","7.08","62.55","mustard"
"84","41","40","15.12","59.94","7.2","60.84","mustard"
"61","35","32","16.31","58.6","6.72","63.62","mustard"
"73","45","27","18.87","54.23","6.35","73","mustard"
"64","37","26","18.67","50.49","6.97","67.41","mustard"
"50","51","22","18.75","56.53","7.02","84.58","mustard"
"53","44","20","18.64","57.57","6.94","90","mustard"
"70","46","37","19.56","55.4","7.33","51.95","mustard"
"74","44","22","11.79","62.96","6.68","78.28","mustard"
"58","38","20","14.65","53.47","6.37","66.04","mustard"
"64","40","36","15.19","53.25","6.41","56.92","mustard"
"89","37","31","14.73","58.6","6.97","64.26","mustard"
"60","40","30","11.25","58.71","7.45","54.11","mustard"
"72","47","33","12.07","46.59","7.54","46.59","mustard"
"66","35","34","20.34","49.72","7.05","53.36","mustard"
"80","40","26","16.08","55.66","7.25","61.46","mustard"
"61","44","31","16.54","60.19","6.83","63.59","mustard"
"67","43","27","15.46","56.51","6.91","67.13","mustard"
"71","37","20","13.64","49.6","7.32","59.98","mustard"
"68","45","42","14.17","54.43","6.78","35","mustard"
"68","55","30","19.21","57.7","6.51","70.8","mustard"
"81","44","28","17.44","61.04","7.17","70.79","mustard"
"75","45","36","12.59","55.74","7.54","67.88","mustard"
"70","52","35","13.82","65","6.88","64.8","mustard"
"80","33","40","18.28","48.89","7","67.9","mustard"
"67","30","35","17.95","59.71","6.63","38.31","mustard"
"63","47","37","15.53","49.89","6.54","80.89","mustard"
"90","48","27","21.05","53.9","6.57","52.92","mustard"
"72","49","22","13.15","53.84","6.82","54.3","mustard"
"68","44","34","17.91","59.61","7.08","74.05","mustard"
"74","33","25","19.01","60.85","6.72","35","mustard"
"56","30","27","18.59","50.69","6.92","53.51","mustard"
"61","43","27","19.4","57.73","6.73","70.69","mustard"
"67","45","20","19.08","53.92","6.98","44.95","mustard"
"72","35","41","11.54","54.02","6.68","70.29","mustard"
"72","40","32","12.34","46.31","6.37","35","mustard"
"72","42","24","17.66","47.43","6.18","35","mustard"
"59","45","25","18.14","48.59","6.89","59.32","mustard"
"76","45","38","20.35","50.94","7.28","62.57","mustard"
"69","37","39","16.19","64.48","6.86","77.29","mustard"
"73","45","33","15.2","47.61","7.8","58.3","mustard"
"90","45","29","13.23","59.13","6.8","54.54","mustard"
"65","38","36","16.64","45","6","90","mustard"
"55","39","29","15.51","59.33","6.59","76.42","mustard"
"56","49","27","14.89","50.89","7.05","60.22","mustard"
"72","47","38","14.96","57.32","6.81","80.89","mustard"
"71","45","37","12.66","52.49","6.88","41.83","mustard"
"63","38","29","21.66","56.8","6.52","48.11","mustard"
"81","46","34","21.37","57.23","6.19","41.06","mustard"
"77","39","36","18.95","51.9","7.02","63.86","mustard"
"89","37","27","20.25","50.24","7.18","47.29","mustard"
"70","40","28","20.62","48.62","6.98","61.57","mustard"
"55","46","35","16.83","48.04","7.26","55.43","mustard"
"66","43","28","16.28","63.66","6.82","73.52","mustard"
"69","40","28","19.27","57.38","6.91","57.7","mustard"
"84","35","39","13.82","51.12","7.49","67.97","mustard"
"63","46","34","17.51","55.51","7.25","64.8","mustard"
"68","35","31","22.26","45.27","6","35.96","mustard"
"70","42","36","15.14","60.06","6.52","48.17","mustard"
"52","48","32","21.5","59.05","7.4","51.8","mustard"
"81","48","28","15.82","48.73","7.43","54.4","mustard"
"57","45","20","12.6","56.12","7.2","77.42","mustard"
"75","42","30","12.39","59.15","6","77.64","mustard"
"75","35","34","14.66","50.25","6.67","69.7","mustard"
"71","53","34","19.89","54.54","6.82","46.88","mustard"
"82","39","35","20.33","60.41","7.09","66.75","mustard"
"73","31","36","18.39","57.13","6.26","39.52","mustard"
"61","37","27","12.26","55.75","6.93","62.45","mustard"
"74","32","29","19.66","56.88","7.29","68.67","mustard"
"66","32","45","14.1","59.96","6.69","59.92","mustard"
"75","38","31","17.71","59.52","6.74","79.22","mustard"
"63","36","31","19.41","50.58","7.07","43.41","mustard"
"69","44","29","14.55","49.14","6.79","86.12","mustard"
"67","45","26","18.9","56.27","7.49","65.91","mustard"
"59","42","36","19.2","57.05","6.76","68.05","mustard"
"59","48","34","18.27","61.36","6.39","62.45","mustard"
"59","34","31","19.73","59.25","7.48","79.87","mustard"
"71","45","34","15.34","45","6.12","55.48","mustard"
"69","44","38","16.95","53.06","6.84","50.34","mustard"
"74","44","36","16.57","58.37","6.04","53.01","mustard"
"61","48","32","22.03","54.41","7.34","70.56","mustard"
"66","44","38","20.21","56.89","6.27","38.5","mustard"
"76","49","34","18.96","49.74","6.59","50.7","mustard"
"59","45","37","15.22","65","6.97","71.69","mustard"
"64","39","34","17.55","53.98","7.31","54.4","mustard"
"61","40","32","15.92","47.58","6.24","73.8","mustard"
"60","43","35","14.4","48.62","7.16","61.48","mustard"
"67","37","31","19.16","50.83","6.74","60.08","mustard"
"63","36","45","19.39","57.18","6.99","37.87","mustard"
"87","39","31","20.14","46.83","6.9","56.57","mustard"
"75","42","30","13.73","51.75","6.85","68.38","mustard"
"64","39","27","18.2","54.51","6.42","69.24","mustard"
"79","42","34","17.51","54.71","7.4","49.28","mustard"
"90","53","29","15.36","51.93","6.72","63.46","mustard"
"76","38","42","20.45","57.65","6.16","63.45","mustard"
"50","48","38","16.18","60.89","7.59","87.25","mustard"
"64","37","41","19.05","52.96","6.31","69.86","mustard"
"66","40","32","19.08","51.39","6.9","68.13","mustard"
"66","46","30","21.96","46.7","7.04","68.2","mustard"
"63","52","33","16.76","56.95","6.58","41.73","mustard"
"88","42","33","15.5","53.95","7.04","68.44","mustard"
"71","47","40","14.82","54.21","6.97","67.42","mustard"
"60","55","33","13.01","50.25","6.58","62.65","mustard"
"77","39","31","18.14","61.02","6.29","42.36","mustard"
"59","48","30","15.18","60.85","7.76","73.47","mustard"
"50","53","41","14.14","53.26","6.65","39.02","mustard"
"61","41","35","19.9","54.92","6.25","51.27","mustard"
"69","39","37","17.49","51.8","6","67.93","mustard"
"76","38","28","18.68","57.69","7.48","61.58","mustard"
"77","37","31","21.38","49.04","7.67","57.36","mustard"
"85","35","24","20.82","63.93","6.71","72.77","mustard"
"62","36","25","18.35","57.79","6.78","76.95","mustard"
"53","40","20","17.24","54.9","6","58.92","mustard"
"78","37","39","18.38","55.26","6.84","70.82","mustard"
"78","47","33","15.47","51.67","7.06","57.06","mustard"
"67","45","42","19.14","58.75","7.28","71.09","mustard"
"81","37","25","16.99","57.13","6.57","63.88","mustard"
"70","39","24","14.53","53.8","6.68","65.96","mustard"
"80","55","23","15.75","52.13","7.35","63.74","mustard"
"64","44","27","23.78","56.61","7.41","58.1","mustard"
"90","41","25","20","48.36","6.86","76.01","mustard"
"67","30","24","15.83","57.92","6.89","83.13","mustard"
"70","38","34","22.72","61.25","7.43","68.23","mustard"
"76","49","35","22.22","55.49","7","63.33","mustard"
"77","49","34","16.34","45.77","7.1","65.84","mustard"
"70","51","34","11.28","55.23","7.43","76.43","mustard"
"69","39","44","17.99","55.08","6.07","56.15","mustard"
"75","53","39","19.41","52.3","6.77","72.13","mustard"
"65","44","23","17.98","62.72","6.31","62.39","mustard"
"50","42","36","15.9","59.47","7.13","59.3","mustard"
"71","30","27","19.09","60.84","6.68","54.59","mustard"
"61","46","26","21.27","58.79","7.06","71.28","mustard"
"53","43","40","15.85","52.28","7.04","56.04","mustard"
"62","46","26","19.3","54.11","7.22","50.25","mustard"
"75","46","31","16.08","45","6.97","75.13","mustard"
"60","42","33","18.81","56.09","6.5","61.09","mustard"
"63","43","36","14.32","60.56","7.04","44.55","mustard"
"85","40","31","20.41","49.86","6.94","53.9","mustard"
"77","35","36","17.87","49.04","6.48","41.61","mustard"
"58","39","31","16.87","63.71","7.08","76.08","mustard"
"74","42","35","18.74","57.37","7.23","46.38","mustard"
"59","38","38","16.22","59.23","6.38","53.98","mustard"
"59","51","22","13.27","50.7","7.07","55.47","mustard"
"60","48","44","12.96","45.57","6.65","54.83","mustard"
"59","49","20","19.96","52.02","7.07","63.3","mustard"
"61","39","39","14.15","59.79","6.66","59.43","mustard"
"60","38","31","17.47","51.77","7.28","82.29","mustard"
"53","46","33","19.34","50.25","6.75","58.65","mustard"
"88","40","26","18.07","55.52","7.3","65.02","mustard"
"71","46","38","15.34","58.01","7.54","47.64","mustard"
"74","47","26","15.72","46.91","7.54","64.89","mustard"
"66","38","35","12.71","53.08","7.34","42.17","mustard"
"82","37","33","13.31","51.02","6.53","70.56","mustard"
"83","42","22","17.53","45","7.16","71.61","mustard"
"73","40","26","16.94","51.56","7","61.54","mustard"
"77","41","35","13.55","48.99","6.65","45.02","mustard"
"52","49","29","17.12","54.55","6.8","56.74","mustard"
"70","40","37","18.82","58.92","7.21","54.56","mustard"
"70","44","36","17.32","59.48","6.67","48.33","mustard"
"79","39","32","14.08","60.06","6.8","37.08","mustard"
"78","43","36","20.64","62.71","6.88","78.6","mustard"
"58","33","32","13.32","45.55","7.37","52.51","mustard"
"61","38","35","14.51","58.23","6.84","35.64","mustard"
"81","39","32","15.01","57.99","7.8","47.71","mustard"
"79","43","33","20.37","62.59","7.03","56.79","mustard"
"72","35","21","12.97","61.98","6.88","52.41","mustard"
"77","32","30","15.08","59.54","6.77","59.15","mustard"
"58","52","44","16.45","47.89","7.01","49.45","mustard"
"69","44","30","13.84","50.78","7.13","63.96","mustard"
"50","38","39","16.61","54.9","7.52","47.18","mustard"
"82","40","25","21.53","52.03","7.07","66.31","mustard"
"72","46","32","10","56.18","7.61","58.89","mustard"
"71","40","26","17.26","53.58","7.43","38.2","mustard"
"79","43","40","14.51","56.61","7.73","46.82","mustard"
"65","37","38","16.19","53.67","7.06","76.45","mustard"
"68","41","43","19.33","54.97","7","61.47","mustard"
"74","39","28","12.35","57.78","6.84","59.02","mustard"
"86","46","28","20.41","46.07","6.95","78.98","mustard"
"82","38","45","21.48","52.76","6.87","67.01","mustard"
"69","37","33","13.17","58.72","6.72","55.54","mustard"
"62","41","45","16.07","50.26","6.55","78","mustard"
"69","38","33","16.29","48.92","6.06","45.02","mustard"
"68","36","35","22.12","57.18","6.31","54.67","mustard"
"77","37","34","12.52","53.29","7.17","50.43","mustard"
"75","40","32","15.82","61.08","7.2","46.27","mustard"
"72","45","27","20.87","56.54","6.04","57.17","mustard"
"89","35","31","17.25","52.59","7.07","55.76","mustard"
"54","30","30","20.43","56.12","6.85","44.63","mustard"
"74","49","34","11.39","57.96","6.86","58.7","mustard"
"73","42","36","17.76","55.53","6.73","52.61","mustard"
"50","34","30","18.83","47.41","7","63.41","mustard"
"72","34","29","20.13","45","7.05","68.42","mustard"
"53","47","31","18.21","50.5","7.19","62.87","mustard"
"75","48","20","13.84","58.64","7.19","66.47","mustard"
"62","47","29","15.76","62.26","6.69","51.23","mustard"
"71","42","36","16","46.47","6.77","73.55","mustard"
"50","37","21","18.63","58.54","6.52","42.65","mustard"
"72","44","37","17.19","57.2","7.24","86.71","mustard"
"90","51","31","15.75","58.3","6.41","47.8","mustard"
"87","43","34","13.82","52.43","6.58","84.24","mustard"
"75","47","23","17.39","54.78","7.46","51.4","mustard"
"67","37","36","13.5","60.8","6.95","66.51","mustard"
"64","41","29","16.03","56.37","7.11","64.45","mustard"
"74","31","33","19.75","56.77","6.96","62.13","mustard"
"67","51","37","19.66","62.65","6.83","67.64","mustard"
"50","43","30","17.71","52.84","7.12","71.49","mustard"
"71","49","38","15.92","54.36","7","51.28","mustard"
"83","42","38","15.96","52.08","7.51","69.3","mustard"
"75","41","35","20.72","57.63","6.73","53.16","mustard"
"70","48","28","21.52","59.23","6.85","85.66","mustard"
"60","45","34","14.26","55.82","7.12","35","mustard"
"53","44","30","25","46.86","6.44","49.51","mustard"
"59","30","39","14.15","51","7.61","80.17","mustard"
"89","35","33","19.8","65","6.16","61.65","mustard"
"79","48","22","21.84","54.49","7.18","65.13","mustard"
"57","40","44","15.48","59.29","6.48","64.28","mustard"
"79","36","30","14.13","57.68","6.88","56.64","mustard"
"66","38","23","18.61","48.38","6.63","68.31","mustard"
"63","52","38","12.5","50.02","7.32","68.68","mustard"
"73","42","32","15.56","65","6.85","52.78","mustard"
"77","40","28","20.1","65","6.68","77.92","mustard"
"80","45","20","14.74","59.16","6.57","35","mustard"
"68","37","29","20.02","50.69","6.44","80.51","mustard"
"75","32","25","14.87","50.18","7.31","59.3","mustard"
"63","39","20","17.29","46.49","7.33","60.36","mustard"
"50","40","38","12.3","63.1","6.53","55.32","mustard"
"75","42","23","14.94","58","6.44","58.62","mustard"
"61","50","33","12.04","54.64","6.49","41.47","mustard"
"61","44","34","17.81","57.93","6.09","58.7","mustard"
"67","52","40","17.61","59.68","7.13","70.86","mustard"
"76","37","23","19.92","45","6.75","41.38","mustard"
"77","41","25","14.03","61.62","7.44","60.08","mustard"
"84","30","31","19.48","59.61","7.07","57.19","mustard"
"82","33","29","18.18","54.94","7.37","60.77","mustard"
"72","46","37","15.28","53.87","7.31","62.8","mustard"
"59","39","27","14.6","61.02","6.6","49.02","mustard"
"72","45","29","16.18","46.63","6.84","75.96","mustard"
"53","42","27","16.73","62.92","6","47.4","mustard"
"61","36","27","17.43","53.16","6.89","55.21","mustard"
"81","32","30","16.84","57.41","7.49","85.11","mustard"
"50","47","42","16","55.46","6.94","73.58","mustard"
"66","47","32","11.24","57.22","6.68","57.43","mustard"
"70","45","36","14.05","58.4","7.8","68.19","mustard"
"76","47","35","20.42","56.67","6.85","59.43","mustard"
"77","34","29","20.96","59.57","6.76","52.43","mustard"
"80","33","25","18","54.6","6.57","56.09","mustard"
"52","37","27","16.72","56.76","7.22","35","mustard"
"73","37","33","16.4","55.01","6.76","35","mustard"
"69","44","33","19.96","53.32","6.86","56.49","mustard"
"66","36","44","17.81","54.13","7.54","63.27","mustard"
"79","44","32","13.9","48.59","6.45","82.53","mustard"
"50","53","30","20.01","61.12","6.83","82.3","mustard"
"87","42","35","17.26","57.6","6.63","54.28","mustard"
"86","47","31","17.82","55.86","7.05","39.61","mustard"
"61","50","23","14.93","50.25","6.83","60.62","mustard"
"83","48","37","14.85","45.9","7.8","49.9","mustard"
"72","41","40","15.29","52.65","6.52","61.57","mustard"
"68","30","40","22.34","54.77","7.02","61.29","mustard"
"71","43","36","21.25","60.57","6.61","54.57","mustard"
"71","50","33","18","55.07","6.64","42.59","mustard"
"61","51","31","19.75","54.26","7.31","61.71","mustard"
"88","31","30","11.83","65","6.8","65.43","mustard"
"75","43","33","16.68","52.11","6.29","48.73","mustard"
"69","35","35","20.53","49.84","7.12","44.13","mustard"
"80","47","35","13.85","59.61","7.26","65.88","mustard"
"67","46","27","17.08","53.01","6.71","82.66","mustard"
"80","49","21","18.42","55.25","7.16","68.18","mustard"
"64","47","29","17.79","54.03","6.97","51.1","mustard"
"59","33","40","14.19","60.99","7.35","54.37","mustard"
"69","41","32","17.99","46.39","6.35","54.82","mustard"
"87","36","37","16.84","45","7.71","53.9","mustard"
"80","30","37","20.83","54.61","7.1","49.22","mustard"
"85","41","26","23.15","60.57","6.37","58.45","mustard"
"54","47","30","20.91","48.75","7.14","48.58","mustard"
"52","46","29","17.06","57.95","6.75","43.71","mustard"
"58","45","26","15.65","58.25","7.49","56.25","mustard"
"56","45","23","15.11","54.75","6.84","54.94","mustard"
"78","49","26","18.69","45.76","6.72","62.69","mustard"
"69","45","36","15.94","48.95","6.68","38.14","mustard"
"75","43","29","15.64","49.46","6.94","63.81","mustard"
"57","33","30","17.73","58.01","6.81","57.33","mustard"
"70","43","32","16.99","57.28","6.31","51.3","mustard"
"56","33","37","10.12","52.46","7","62.25","mustard"
"71","39","40","17.53","56.63","6.91","63.52","mustard"
"86","43","30","18.35","51.37","6.33","57.89","mustard"
"70","46","36","19.85","49.77","7.46","64.24","mustard"
"67","44","34","16.22","63.93","6.97","68.13","mustard"
"72","48","32","25","46.5","7.07","70.84","mustard"
"85","37","34","14.9","54.81","6.8","62.88","mustard"
"50","49","20","19.23","65","6.7","67.94","mustard"
"62","42","26","24.83","54.21","6.69","53.16","mustard"
"66","54","35","16.74","65","6.75","58.66","mustard"
"69","42","25","16.66","49.36","6.36","56.25","mustard"
"54","38","37","13.65","56.7","6.89","48.48","mustard"
"56","32","35","13.99","55.13","7.22","50.33","mustard"
"73","45","34","13.71","52.43","6","66.6","mustard"
"75","48","36","17.41","56.1","6.15","78.95","mustard"
"50","48","27","17.66","60.21","6.91","43.83","mustard"
"58","38","33","16.18","55.6","7.8","57.92","mustard"
"76","41","38","19.39","49.42","6.66","54.91","mustard"
"67","39","31","16.86","51.57","6.52","88.43","mustard"
"72","35","33","19.45","52.22","6.75","49.08","mustard"
"83","50","28","19.59","63.6","6.59","52.89","mustard"
"81","36","30","16.23","60.11","7.45","54.7","mustard"
"77","35","33","18.69","50.3","7.22","61.59","mustard"
"68","34","31","20.29","60.28","7.3","57.42","mustard"
"89","41","39","20.74","53.98","6.95","62.06","mustard"
"65","38","42","15.15","51.31","6.46","63.26","mustard"
"75","44","28","19.35","57.02","6.88","44.58","mustard"
"64","54","33","17.32","51.56","6.95","75.03","mustard"
"61","46","33","17.29","59.93","7.8","75.87","mustard"
"81","44","31","16.32","58.63","7.04","46.58","mustard"
"72","39","23","15.94","64.88","7.22","35","mustard"
"56","43","39","15.87","54.89","6.58","64.75","mustard"
"75","45","27","20.69","61.63","7.2","58.96","mustard"
"80","42","24","15.86","64.51","6.41","61.09","mustard"
"57","37","20","17.42","54.81","7.01","55.74","mustard"
"82","49","43","18.19","49.52","6.68","54.44","mustard"
"69","41","20","18.58","53.3","7.18","52.35","mustard"
"76","39","24","19.05","56.67","6.91","52.65","mustard"
"69","40","31","14.4","50.48","7.08","65.34","mustard"
"61","38","21","15.43","53.58","7.24","62.39","mustard"
"63","45","30","20.25","59.63","6.84","74.96","mustard"
"66","45","31","13.69","56.45","6.66","85.34","mustard"
"61","44","43","12.17","56.45","6.82","41.53","mustard"
"77","44","29","21.24","54.79","6","68.06","mustard"
"72","45","31","16.02","63.55","7.58","44.01","mustard"
"80","39","40","16.78","60.24","6.6","68.79","mustard"
"74","45","26","17.5","56.33","6.77","62.97","mustard"
"55","41","35","19.82","61.89","7.23","79.19","mustard"
"66","52","34","17.13","46.55","7.38","63.03","mustard"
"73","53","36","18.48","61.06","7.37","63.18","mustard"
"84","44","36","15.61","60.89","6.51","44.3","mustard"
"64","44","20","16.32","51.5","7.12","80.33","mustard"
"76","47","35","20.28","50.01","6.96","68","mustard"
"54","47","30","17.34","55.12","6.37","83.26","mustard"
"59","39","33","13.61","65","6.51","59.62","mustard"
"72","47","27","16.68","52.66","7.09","59.54","mustard"
"80","47","26","18.96","56.88","6.68","52.53","mustard"
"68","47","31","18.82","61.64","7.03","42.08","mustard"
"66","47","32","17.61","59.29","6.76","56.04","mustard"
"72","45","34","14.94","55.28","7.32","58.32","mustard"
"68","45","41","18.57","57.43","7.15","74.55","mustard"
"84","34","42","17.48","58.48","6.96","44.98","mustard"
"85","53","20","19","62.78","6.62","90","mustard"
"68","30","35","18.52","65","6.75","89.3","mustard"
"62","32","32","20.91","46.93","7.06","43.77","mustard"
"79","40","28","13.92","54.31","6.56","53.94","mustard"
"50","40","37","15.57","62.62","7.04","72.3","mustard"
"53","33","42","17.56","57.79","7.48","39.15","mustard"
"72","41","30","13.27","55.41","6.38","35","mustard"
"58","34","27","14.57","53.61","7.15","53.93","mustard"
"58","35","34","12.34","57.41","7.38","83.15","mustard"
"57","36","36","22.69","61.9","7.39","65.48","mustard"
"65","40","34","20.89","57.47","7.39","60.62","mustard"
"82","35","33","10.53","55.35","7.07","62.15","mustard"
"75","45","34","20.55","51.65","6.74","70.25","mustard"
"84","55","36","20.17","53.58","6.7","59.69","mustard"
"90","37","35","12.47","55.68","6.87","67.2","mustard"
"83","37","37","22.46","56.89","7.23","40.39","mustard"
"81","37","33","20.32","62.83","6.53","50.56","mustard"
"56","30","37","18.55","55.21","6.42","62.34","mustard"
"77","37","26","17.79","60.77","7.05","65.69","mustard"
"77","33","34","16.4","54","6.61","77.08","mustard"
"67","38","41","13.3","56.18","6.11","89.2","mustard"
"76","41","23","15.08","63.76","6.73","50.38","mustard"
"77","47","35","13.35","57.46","6.84","64.76","mustard"
"70","44","20","20.43","56","7.11","68.61","mustard"
"75","42","23","21.4","45","6.4","69.54","mustard"
"61","44","44","18.44","59.55","6.35","65.47","mustard"
"56","30","34","14.43","55.2","6.38","50.14","mustard"
"62","34","27","16.51","56.35","6.76","62.48","mustard"
"69","38","39","18.17","54.95","7.05","65.3","mustard"
"67","38","29","19.5","64.74","7.8","37.48","mustard"
"71","42","23","15.41","55.46","6.82","78.3","mustard"
"75","30","25","20.22","58.03","6.71","65.86","mustard"
"88","41","31","18.28","58.45","6.64","61.16","mustard"
"78","44","33","18.65","56.76","6.96","55","mustard"
"68","45","35","15.09","51.1","7.14","55.06","mustard"
"81","45","32","17.53","57.03","6.94","54.12","mustard"
"59","37","22","13.4","64.75","7.04","59.18","mustard"
"69","40","33","13.82","65","7.16","61.05","mustard"
"72","36","43","15","47.36","7.31","71.46","mustard"
"68","30","27","19.82","55.31","6.53","55.97","mustard"
"61","44","45","15.8","50.68","7.05","68.91","mustard"
"90","42","34","18.32","48.9","7.25","65.36","mustard"
"77","42","20","21.18","54.95","7.03","35.36","mustard"
"70","42","33","19.89","58.88","6.68","52.26","mustard"
"73","45","31","15.71","46.73","6.54","76.51","mustard"
"90","37","30","18.28","58.41","7.06","57.66","mustard"
"62","39","20","16.28","54.76","7.51","72.68","mustard"
"54","40","30","19.34","51.01","7.1","44.66","mustard"
"71","36","30","16.52","58.02","6.37","60.62","mustard"
"67","36","27","15.4","55.28","7.07","74.71","mustard"
"79","35","41","15.22","60.64","6.9","66.9","mustard"
"72","41","34","17.2","53.52","7","50.15","mustard"
"66","30","20","19.6","55.88","7.77","49.49","mustard"
"71","55","27","17.46","53.33","7.04","59.9","mustard"
"68","37","35","17.95","57.49","7.2","73.38","mustard"
"63","43","26","13.7","48.13","6.83","65.61","mustard"
"85","53","35","20.11","53.51","6.7","71.54","mustard"
"56","44","35","14.93","60.58","7.27","50.33","mustard"
"77","37","31","14.88","64.52","7.18","83.79","mustard"
"73","34","31","18.37","62.39","6","61.25","mustard"
"77","47","31","13.24","63.22","7.51","89.95","mustard"
"74","50","39","12.18","58.62","6.88","71.77","mustard"
"56","42","36","19.89","57.72","6.71","56.2","mustard"
"70","30","37","18.96","58.24","6.47","71.72","mustard"
"65","43","29","16.76","45","6.37","63.2","mustard"
"86","40","45","16.58","48.75","6.84","63.49","mustard"
"73","41","45","15.76","46.19","6.97","49.15","mustard"
"64","30","25","14.35","61.23","6.34","36.25","mustard"
"51","43","32","12.5","53.89","6.62","57.97","mustard"
"67","47","37","19.17","53.44","7.32","50.36","mustard"
"63","34","35","18.4","60.75","7.37","54.58","mustard"
"76","36","22","19.95","47.25","6","37.11","mustard"
"85","40","22","17.96","49.79","7.3","52.95","mustard"
"90","39","28","19.56","53.87","6.85","55.81","mustard"
"72","48","32","18.18","54.25","7.27","55.22","mustard"
"69","54","39","11.46","53.62","6.24","57.17","mustard"
"62","46","40","18.25","51.1","6.26","35","mustard"
"68","46","30","15.84","65","7.18","49.93","mustard"
"82","38","39","18.85","58.07","7.34","68.68","mustard"
"67","43","39","19.95","50.93","6.64","57.89","mustard"
"64","39","20","19.18","58.75","6.77","74.6","mustard"
"53","48","44","13.44","45","7.36","76.27","mustard"
"75","36","25","20.47","59.34","6.86","66.84","mustard"
"70","49","42","16.87","53.22","7.16","73.11","mustard"
"52","46","23","16.28","49.54","7.28","35","mustard"
"61","39","31","23.21","56.97","6.59","62.2","mustard"
"65","55","35","21.71","47.53","6.81","72.87","mustard"
"64","39","31","19.55","47.73","7.22","47.17","mustard"
"60","52","22","19.81","47.08","6.29","51.14","mustard"
"50","50","33","18.75","51.61","6.83","85.36","mustard"
"68","40","33","13.26","53.87","7.14","64.53","mustard"
"66","41","31","19.41","50.22","7.8","54.23","mustard"
"77","48","29","22.79","60.33","7.01","53.69","mustard"
"58","40","29","17.93","54.88","6.4","53.19","mustard"
"75","49","30","13.58","49.88","7.55","66.29","mustard"
"58","31","30","21.35","57.19","6.85","75.66","mustard"
"66","52","31","20.14","63.19","7.8","55.68","mustard"
"75","46","40","16.44","60.06","6.59","78.89","mustard"
"90","32","34","19.35","57.55","7.21","63.88","mustard"
"61","33","27","16.27","61.01","6.46","74.48","mustard"
"85","43","29","17.94","50.26","6.61","51.47","mustard"
"64","32","29","18.67","55.12","6.06","70.95","mustard"
"77","37","34","20.92","47.98","6.7","68.93","mustard"
"85","34","43","15.9","47.95","7.38","57.6","mustard"
"71","48","34","15.08","49.33","7.13","48.14","mustard"
"88","46","41","17.02","52.86","6.4","64.57","mustard"
"69","53","33","24.31","55.54","7.04","62.11","mustard"
"70","37","32","19.26","54.07","7.19","65.27","mustard"
"87","48","26","16.01","52.8","6.76","53.25","mustard"
"50","38","28","13.89","53.3","7.34","75.86","mustard"
"83","40","24","17.65","59.65","6.75","41.36","mustard"
"66","49","35","16.16","48.03","6.61","78.24","mustard"
"50","34","30","20.83","65","7.41","79.61","mustard"
"82","49","30","14.11","59.14","6.77","59.66","mustard"
"59","39","30","17.15","53.9","6.94","79.45","mustard"
"80","42","31","12.36","52.06","6.7","52.7","mustard"
"56","40","34","14.5","54.01","7.56","54.28","mustard"
"50","47","41","15.41","46.77","6.7","54.37","mustard"
"63","44","30","18","60.86","7.15","39.93","mustard"
"85","38","32","15.29","51.65","6.81","70.3","mustard"
"72","37","31","18.48","52.13","6.58","76.83","mustard"
"67","41","32","17.78","59.63","7.03","76.08","mustard"
"76","41","29","15.69","56.65","6.99","35","mustard"
"76","34","36","18.68","54.59","7.19","73.77","mustard"
"79","31","25","13.42","61.4","7.19","53.05","mustard"
"84","42","28","15.87","50.96","6.94","69.3","mustard"
"52","43","32","18.73","55.17","6","58.14","mustard"
"56","38","36","18.4","57.34","6.82","45.97","mustard"
"61","35","25","13.42","57.02","7.53","43.03","mustard"
"67","46","34","10.16","57.69","6.75","67.3","mustard"
"80","32","39","18.17","52.14","6.9","47.52","mustard"
"66","46","33","17.23","60.75","6.29","61.85","mustard"
"70","51","23","21.94","56.92","7.04","47.26","mustard"
"58","37","34","17.35","55.56","7.44","46.61","mustard"
"66","43","36","13.94","51.22","6.27","60.48","mustard"
"81","44","24","18.68","57.25","7.8","87.08","mustard"
"79","42","33","15.4","56.39","6.86","44.77","mustard"
"70","46","38","14.96","53.24","6.64","49.78","mustard"
"75","40","28","21.65","53.89","6.49","56.81","mustard"
"50","45","27","11.86","56.78","6.59","47.85","mustard"
"65","51","34","18.46","49.31","7.42","65.22","mustard"
"60","32","29","18.02","58.15","6.12","50.23","mustard"
"77","35","28","10","57","7.78","61.37","mustard"
"76","34","35","14.19","48.17","6.63","67.14","mustard"
"87","42","27","16.13","61.07","7.05","78.89","mustard"
"72","36","27","13.77","63.14","7.1","49.35","mustard"
"50","47","24","15.08","50.75","7.24","66.11","mustard"
"63","46","33","17.64","56.65","7.2","35","mustard"
"71","52","32","17.6","51.74","6.85","47.53","mustard"
"59","49","22","14","62.19","6.86","80.03","mustard"
"83","38","30","20.64","57.68","7.31","53.91","mustard"
"70","53","39","18.84","51.26","7.19","42.13","mustard"
"69","45","34","14.27","57.62","7.05","48.09","mustard"
"68","38","28","22.69","63.11","6.67","58.83","mustard"
"67","48","28","16.9","55.69","6.43","40.41","mustard"
"69","51","39","14.27","49.17","6.54","63.99","mustard"
"68","40","28","16.78","57.69","6.6","59.74","mustard"
"62","42","36","11.56","45","6.05","58.52","mustard"
"64","40","25","17.54","59.68","6.83","74.44","mustard"
"63","41","20","19.61","45.88","7.8","54.02","mustard"
"86","50","43","19.51","47.94","6.85","41.18","mustard"
"68","47","32","17.25","58.62","7.69","60.75","mustard"
"68","46","31","15.41","53.75","6.7","59.58","mustard"
"67","41","28","16.35","52.31","6.96","79.61","mustard"
"53","30","34","15.62","51.43","7.58","65.29","mustard"
"75","44","28","20.63","56.2","7.15","43.22","mustard"
"74","42","29","16.91","57.16","7.42","55.68","mustard"
"72","44","25","16.28","56.13","6.39","65.44","mustard"
"65","42","38","15.92","53.02","6.45","67.2","mustard"
"68","44","29","12.05","56.14","6.67","62.16","mustard"
"65","49","28","10.36","57.72","7.07","52.61","mustard"
"81","40","28","19.68","51.87","6.5","70.26","mustard"
"79","41","24","14.34","62.4","7.03","48.24","mustard"
"73","46","30","18.86","52.42","6.97","50.14","mustard"
"78","44","36","14.77","57.38","7.19","68.19","mustard"
"68","48","33","14.4","54.39","7.33","72.27","mustard"
"73","55","36","14.08","51.19","6.96","42.59","mustard"
"71","46","25","17.1","50.68","6.71","41.39","mustard"
"72","54","20","18.1","58.3","6.82","52.94","mustard"
"72","40","42","16.15","48.19","7.06","65.9","mustard"
"82","36","20","15.43","58.25","6.38","58.24","mustard"
"66","41","39","14.13","53.64","7.12","53.98","mustard"
"66","30","31","19.2","56.3","6.32","46.87","mustard"
"69","34","39","17.04","57.04","6.67","42","mustard"
"84","42","37","23.13","64.17","6.99","48.45","mustard"
"84","46","29","15.46","52.3","6.36","60.67","mustard"
"58","37","36","14.66","51.19","7.16","59.68","mustard"
"66","38","33","14.03","49.35","7.25","61.02","mustard"
"61","51","38","19.74","53.01","6.86","63.77","mustard"
"65","53","24","16.06","61.61","6.91","52.87","mustard"
"63","42","36","21.82","55.11","7.24","57.48","mustard"
"75","44","36","14.8","56.14","6.55","69.21","mustard"
"75","45","30","15.9","57.4","6.41","54.22","mustard"
"58","34","36","17.78","55.4","7.03","46.88","mustard"
"67","42","31","19.91","53.33","6.32","41.7","mustard"
"71","48","38","19.99","52.04","7.51","69.29","mustard"
"58","47","30","16.84","47.57","6.42","49.39","mustard"
"57","40","25","15.71","55.9","6.89","67.68","mustard"
"80","40","27","16.06","53.25","7.27","63.67","mustard"
"62","50","32","21.33","55.15","6.42","62.64","mustard"
"62","36","42","18.44","51.7","7.8","70.68","mustard"
"84","34","31","11.32","65","7.25","66.3","mustard"
"74","41","28","20.14","52.62","6.25","72.35","mustard"
"70","36","37","13.82","48.39","6.82","84.77","mustard"
"68","39","41","19.17","46.87","6.71","50.96","mustard"
"65","42","27","19.08","52.46","6.82","50.93","mustard"
"60","39","35","17.86","45.79","6.92","68.51","mustard"
"58","46","40","15.44","56.05","6.9","68.19","mustard"
"71","30","44","15.33","59.08","6.8","58.86","mustard"
"81","30","31","13.13","58.67","6.72","72.68","mustard"
"74","40","27","14.48","57.8","6.89","39.28","mustard"
"82","49","37","14.73","47.88","6.63","52.92","mustard"
"71","40","35","17.51","58.46","6.99","40.14","mustard"
"75","42","33","17.15","59.67","7.19","54.38","mustard"
"56","40","31","16.02","48.59","6.84","71.92","mustard"
"71","44","25","14.57","61.34","6.78","63.96","mustard"
"50","45","30","15.52","58.1","7.06","54.95","mustard"
"72","41","28","20.34","65","7.22","65.77","mustard"
"75","33","31","19.96","60.55","6.74","50.1","mustard"
"60","44","29","11.96","55.7","6.9","72.79","mustard"
"69","37","37","15.12","54.88","7.61","62.63","mustard"
"76","38","24","16.85","61.1","7.34","89.36","mustard"
"73","46","45","12.94","56.17","6.76","51.23","mustard"
"56","50","31","15.82","59.16","6.74","64.59","mustard"
"70","39","21","23.72","47.74","7.18","58.82","mustard"
"78","42","27","18.6","48.81","6.81","47.01","mustard"
"64","41","33","12.7","50.77","7.61","47.15","mustard"
"72","44","24","17.94","62.65","6.38","81.07","mustard"
"57","34","32","17.26","54.38","6.9","67.36","mustard"
"74","43","30","16.57","56.17","6.74","63.17","mustard"
"90","45","28","13.53","52.83","6.93","53.09","mustard"
"68","43","35","12.93","57.64","6.85","54.5","mustard"
"68","40","32","24.45","56.14","6.33","62.53","mustard"
"62","36","26","18.19","56","7.56","72.4","mustard"
"70","30","35","16.23","62.78","7.8","68.57","mustard"
"72","38","35","13.29","58.84","7.36","71.71","mustard"
"80","40","25","15.39","51.58","6.1","42.77","mustard"
"63","45","29","11.31","53.01","6.83","55.52","mustard"
"55","35","26","18.03","53.41","6.92","60.85","mustard"
"59","42","27","15.48","53.82","6.4","60.08","mustard"
"55","50","23","14.88","55.86","6.74","41.29","mustard"
"78","50","34","19.03","65","6.51","48.43","mustard"
"79","42","45","17.21","52.15","6.73","59.49","mustard"
"75","46","28","18.61","55.24","6.22","52.39","mustard"
"74","36","27","19.22","50.29","7.41","84.46","mustard"
"58","36","32","10","54.91","6.85","74.1","mustard"
"75","40","33","16","60.75","6.42","62.85","mustard"
"78","39","20","12.03","51.26","6.59","71.59","mustard"
"64","48","30","15.32","55.43","6.56","78.1","mustard"
"80","49","32","15.7","52.48","6.58","63.16","mustard"
"62","43","30","16.11","51.28","6.82","41.34","mustard"
"77","40","37","15.84","53.16","6.5","39.64","mustard"
"73","42","30","18.43","58.46","6.69","71.48","mustard"
"71","42","31","19.21","45.95","6.61","60.15","mustard"
"62","43","31","24.42","49.75","7.45","66.93","mustard"
"64","41","33","20.44","59.75","7.02","61.6","mustard"
"53","38","34","16.27","53.3","7.73","66.73","mustard"
"67","52","35","19.72","53.83","7.46","59.96","mustard"
"68","47","32","19.83","47.93","6.48","39.3","mustard"
"60","38","20","16.86","55.14","6.09","68.56","mustard"
"65","41","25","19.8","58.4","6.94","70.49","mustard"
"76","36","32","15.89","54.74","7.24","46.42","mustard"
"64","46","25","15.87","56.82","6.83","56.19","mustard"
"70","43","34","15.38","56.54","6.67","41.91","mustard"
"78","44","33","14.48","49.63","7.28","64.07","mustard"
"54","46","32","22.08","51.83","6.72","81.04","mustard"
"67","42","45","11.64","58.13","6.05","79","mustard"
"76","55","33","21.57","65","6.63","66.92","mustard"
"70","46","37","19.42","56.64","6.95","54.9","mustard"
"73","42","38","17.28","49.96","6.28","63.97","mustard"
"66","38","25","14.89","59.84","6.44","35","mustard"
"67","43","30","16.8","52.59","6.56","55.95","mustard"
"81","41","28","11.75","59.73","7.11","36.63","mustard"
"83","32","22","17.4","63.07","7.06","59.12","mustard"
"71","49","32","11.67","52.95","7.21","49.77","mustard"
"70","47","33","14.93","48.03","7.03","67.87","mustard"
"79","42","42","15.11","45","7.14","50.88","mustard"
"75","37","30","15.94","51.02","7.29","35","mustard"
"86","36","33","21.92","55.41","7.07","45.97","mustard"
"50","45","28","19.79","55.75","7.28","44.5","mustard"
"66","39","36","14.66","52.22","7.7","72.11","mustard"
"74","46","36","14.53","51.84","6.53","40.91","mustard"
"67","49","21","18.09","57.41","6.64","35","mustard"
"79","43","20","18.67","63.68","7.2","76.01","mustard"
"68","33","22","15.46","52.17","6.81","49.12","mustard"
"67","33","27","20.54","60.94","6.82","72.14","mustard"
"90","45","30","18.69","58.55","6","85.46","mustard"
"56","42","22","18.06","52.56","6.38","46.13","mustard"
"72","39","28","18.45","56.18","6.84","63.78","mustard"
"69","45","29","20.71","62.11","7.8","65.29","mustard"
"51","37","32","17.22","60.25","6.97","69.02","mustard"
"81","46","24","17.09","62.63","6.96","52.57","mustard"
"65","46","40","17.03","45","7.46","35","mustard"
"65","37","29","15.2","51.86","7.39","70.95","mustard"
"70","42","35","15.92","59.21","6.98","54.17","mustard"
"53","40","33","17","61.04","7.2","63.93","mustard"
"73","38","25","17.6","59.64","6.33","72.43","mustard"
"88","36","36","19.92","54.26","6.59","58.87","mustard"
"68","39","28","14.7","56.76","6.63","55.96","mustard"
"67","46","34","12.08","56.99","6.47","44.86","mustard"
"69","48","60","24.51","66.66","7.05","52.64","sunflower"
"66","46","65","23.48","56.43","7.08","50","sunflower"
"77","50","55","28","54.71","6.98","67.86","sunflower"
"71","36","64","22.13","57.35","7.3","52.04","sunflower"
"67","39","44","26.87","63.01","6.7","59.49","sunflower"
"66","49","64","25.47","56.39","7.12","65.16","sunflower"
"66","35","62","23.41","56.07","6.6","68.72","sunflower"
"70","35","62","27.4","66.37","6.73","68.56","sunflower"
"73","56","64","23.15","51.68","6.94","80.94","sunflower"
"66","39","77","22.32","63.24","7.28","67.25","sunflower"
"85","46","48","23.02","60.65","7.17","74.58","sunflower"
"69","57","67","23.95","63.76","7.3","64.75","sunflower"
"59","47","48","20","63.4","6.92","59.79","sunflower"
"82","42","53","25.84","56.11","7.02","77.08","sunflower"
"60","53","40","27.93","70","7.29","62.44","sunflower"
"73","46","53","23.94","62.35","7.05","58.51","sunflower"
"69","38","55","22.16","57.9","7.34","66.8","sunflower"
"69","43","60","21.52","57.5","6.88","76.07","sunflower"
"89","45","65","23.44","50","7.24","78.93","sunflower"
"73","60","55","24.76","58.99","7.38","92.04","sunflower"
"79","44","40","22.93","55.19","7.23","75.04","sunflower"
"77","52","61","24.79","69.7","7.1","57.49","sunflower"
"65","42","58","25.67","57.89","7.23","73.94","sunflower"
"90","52","64","20.46","56.4","6.81","98.38","sunflower"
"58","50","80","23.81","61.4","6.85","50","sunflower"
"67","35","54","22.24","67.18","6.79","67.91","sunflower"
"62","54","58","27.19","65.94","6.78","61.58","sunflower"
"62","49","40","21.02","53.11","6.5","90.35","sunflower"
"58","54","71","21.24","61.24","6.59","100","sunflower"
"68","42","54","21.47","65.26","6.95","70.2","sunflower"
"76","49","69","24.54","64.7","6.55","69.45","sunflower"
"78","46","68","23","57.83","7.31","97.44","sunflower"
"67","42","64","28","56.64","7.21","61.85","sunflower"
"68","49","69","23.52","56.66","7.21","63.66","sunflower"
"57","50","65","23.72","58.26","6.82","78.12","sunflower"
"83","46","69","21.83","63.43","6.73","70.68","sunflower"
"70","60","67","20.95","54.35","7.21","61.9","sunflower"
"67","47","54","23.8","58.86","6.75","72.84","sunflower"
"78","49","48","24.83","64.4","7.5","61.9","sunflower"
"68","43","59","26.35","51.51","6.94","72.63","sunflower"
"62","48","59","24.63","62.91","7.5","71.49","sunflower"
"80","37","46","27.09","56.19","7.24","63.88","sunflower"
"59","53","65","27.57","60.63","6.84","88.35","sunflower"
"57","46","58","20","63.42","7.35","69.56","sunflower"
"71","49","42","28","50","6.74","80.99","sunflower"
"85","42","63","26.56","63.16","6.66","79.42","sunflower"
"64","49","59","25.3","61.29","7.26","69.04","sunflower"
"63","47","66","23.42","58.93","7.06","81.84","sunflower"
"79","35","66","23.81","64.88","6.56","73.52","sunflower"
"78","51","62","23.56","52.12","7.05","66.73","sunflower"
"70","49","65","23.81","59.85","7.08","50","sunflower"
"57","42","62","28","59.87","7.16","69.3","sunflower"
"69","55","61","28","52.69","6.68","82.45","sunflower"
"64","47","74","23.75","61.59","7.5","56.41","sunflower"
"73","52","64","23.19","53.52","7.15","71.44","sunflower"
"69","51","65","22.17","63.84","7.13","66.61","sunflower"
"63","60","52","24.22","51.75","6.86","79.83","sunflower"
"88","53","40","21.92","53.87","7.37","64.54","sunflower"
"76","49","70","23.64","51.79","7.5","78.39","sunflower"
"78","43","80","22.61","59.51","6.7","56.75","sunflower"
"73","49","48","22.44","60.38","7.03","74.72","sunflower"
"72","57","75","24.23","63.38","7","55","sunflower"
"73","59","74","23.44","59.64","7.37","85.31","sunflower"
"81","56","55","23.51","60.03","6.83","82.07","sunflower"
"72","54","65","27.32","67.85","7.01","75.56","sunflower"
"66","43","60","22.73","64.07","6.91","78.55","sunflower"
"81","52","59","25.63","55.73","7.33","72.63","sunflower"
"66","41","54","26.61","66.89","6.86","84.67","sunflower"
"60","50","58","22.29","63.54","7.42","89.08","sunflower"
"50","45","71","26.46","58.36","6.95","82.97","sunflower"
"83","60","63","25.03","60.12","6.87","50","sunflower"
"68","44","47","21.65","50","6.82","50.76","sunflower"
"61","52","70","27.86","52.08","6.98","54.07","sunflower"
"55","36","72","23.12","58.95","6.51","77.38","sunflower"
"50","41","40","24.38","59.68","7.38","57.43","sunflower"
"74","46","80","24.35","50.72","6.71","70.27","sunflower"
"58","37","58","20.52","55.67","6.95","72.2","sunflower"
"65","43","74","21.84","63.73","6.69","59.58","sunflower"
"63","57","45","25.59","56.44","7.43","57.82","sunflower"
"86","43","69","23.06","59.37","7.32","67.34","sunflower"
"80","44","67","25.55","61.32","7.33","82.79","sunflower"
"76","53","66","26.2","63.09","6.81","50.58","sunflower"
"68","50","63","26.76","61.38","7.16","55.81","sunflower"
"73","40","69","21.94","63.83","6.92","84.77","sunflower"
"61","40","62","26.53","61.36","7.1","76.7","sunflower"
"67","44","51","21.33","56.67","7.01","78.72","sunflower"
"67","44","66","22.05","59.03","6.8","67.46","sunflower"
"57","47","52","25.5","53","6.93","62.97","sunflower"
"76","44","72","23.36","66.94","7.42","55.29","sunflower"
"54","60","45","24.39","61.2","7.25","69.29","sunflower"
"53","53","63","24.8","52.57","6.55","81.99","sunflower"
"61","60","40","25.4","66.57","7.22","81.22","sunflower"
"84","42","50","25.73","56.64","6.57","83.84","sunflower"
"67","59","55","25.44","56.43","7.13","65.41","sunflower"
"71","58","62","25.36","50","6.55","81.95","sunflower"
"75","50","52","21.28","55.72","7.12","57.9","sunflower"
"53","50","73","24.64","62.33","6.62","98.96","sunflower"
"68","47","57","24.37","50","6.63","73.14","sunflower"
"56","55","57","22.77","55.25","6.76","71.54","sunflower"
"77","53","53","25.84","53.8","7.17","79.68","sunflower"
"82","49","40","24.59","62.13","7.22","76.29","sunflower"
"87","37","62","25.74","59.64","6.79","62.62","sunflower"
"56","57","63","25.19","58.34","6.89","67.28","sunflower"
"64","47","73","24.37","55.23","6.68","86.86","sunflower"
"76","37","75","22.5","63.41","7.07","87.98","sunflower"
"65","50","56","25.07","53.03","7.5","82.23","sunflower"
"59","51","42","24.61","66.46","6.79","80.74","sunflower"
"71","43","55","22.3","54.4","7.03","94.22","sunflower"
"73","43","53","21.82","58.75","7.15","70.87","sunflower"
"70","45","66","26.58","58.83","7.01","88.15","sunflower"
"76","48","42","24.19","60.87","6.9","84.84","sunflower"
"73","55","60","23.18","58.46","6.64","70.51","sunflower"
"61","53","51","26.37","60.23","6.5","67.69","sunflower"
"66","57","63","20.06","69.86","6.63","76.02","sunflower"
"50","59","75","26.25","51.47","7.41","72.77","sunflower"
"84","54","53","25.58","62.37","7.11","86.89","sunflower"
"62","41","56","24.65","58.32","6.91","86.87","sunflower"
"85","51","55","23.12","60.18","6.96","68.52","sunflower"
"57","45","75","23.72","67.9","6.5","69.58","sunflower"
"68","53","70","22.23","63.54","7.17","68.18","sunflower"
"65","50","68","21.73","51.11","7.32","61.51","sunflower"
"81","51","40","22.18","61.39","7.09","62.43","sunflower"
"64","44","72","22.16","50","6.62","68.01","sunflower"
"66","46","49","24.49","52.31","7.44","80.63","sunflower"
"61","48","61","22.18","59.88","6.9","73.97","sunflower"
"71","47","61","24.23","58.37","6.5","100","sunflower"
"50","42","69","24.21","61.33","6.65","66.86","sunflower"
"66","51","52","23.69","50.16","6.93","59.95","sunflower"
"70","39","70","24.77","57.1","7.23","70.44","sunflower"
"68","46","53","23.51","60.4","6.78","52.41","sunflower"
"72","52","60","26.94","50.05","6.77","62.84","sunflower"
"69","54","62","25.98","57.87","7.5","81.85","sunflower"
"64","35","68","26.81","50","6.5","86.38","sunflower"
"83","52","40","26.19","58.71","6.89","53.67","sunflower"
"90","44","48","23.05","54.84","6.87","75.26","sunflower"
"58","49","80","22.58","64.61","7.5","56.76","sunflower"
"62","51","40","22.5","57.01","6.93","83.85","sunflower"
"63","43","55","24.97","62.45","6.61","67.97","sunflower"
"86","59","69","20.9","64.51","6.8","94.41","sunflower"
"80","41","76","23.08","56.72","6.97","85.06","sunflower"
"80","49","64","20","60.12","7.44","91.58","sunflower"
"86","51","62","23.94","56.97","6.82","59.97","sunflower"
"79","39","69","26.1","65.8","7.49","59.16","sunflower"
"53","60","66","22.53","58.71","7.31","98.87","sunflower"
"73","58","43","22.98","57.66","6.5","86.7","sunflower"
"71","44","60","26.02","64.74","6.84","79.58","sunflower"
"90","51","40","23.76","60.42","7.17","73.42","sunflower"
"73","49","76","22.24","58.51","6.58","53.43","sunflower"
"70","43","47","25.72","58.75","6.97","87.19","sunflower"
"73","38","56","24.83","54.36","7.04","80.76","sunflower"
"64","46","40","23.87","70","7.14","68.95","sunflower"
"64","49","62","22.58","63.74","6.62","66.24","sunflower"
"76","42","59","21.57","51.67","6.64","97.79","sunflower"
"69","52","58","22.31","54.51","6.68","84.87","sunflower"
"60","38","57","25.4","56.95","7.5","66.4","sunflower"
"62","44","59","27.82","61.5","7.05","65.24","sunflower"
"70","48","63","23.8","65.2","6.96","97.63","sunflower"
"74","44","76","20.52","59.76","6.82","70.96","sunflower"
"58","35","50","23.62","55.23","7.33","85.47","sunflower"
"81","48","54","25.16","68.47","7.12","86.53","sunflower"
"68","36","66","24.34","61.23","7.32","67.79","sunflower"
"78","49","69","28","64.29","6.5","80.21","sunflower"
"60","35","54","23.31","70","6.91","81.12","sunflower"
"70","48","55","25.16","60.4","7.5","86.1","sunflower"
"65","48","54","23.62","60.54","7.08","63.64","sunflower"
"71","35","67","22.09","69.24","6.63","52.04","sunflower"
"88","35","48","26.44","57.04","6.6","71.29","sunflower"
"60","53","70","24.87","61.85","7.29","65.77","sunflower"
"50","44","78","25.99","60.34","6.79","59.25","sunflower"
"80","60","57","23.94","63.57","7.16","65.57","sunflower"
"63","50","60","24.82","59.85","7.48","71.32","sunflower"
"80","46","63","20","70","7.02","92.98","sunflower"
"73","49","57","24.38","65.58","6.96","74.65","sunflower"
"76","54","49","27.26","50","6.81","92.83","sunflower"
"77","56","69","28","58.51","7.28","95.99","sunflower"
"54","35","47","26.73","54.91","6.67","58.41","sunflower"
"76","51","57","25.9","56.64","7.05","84.32","sunflower"
"73","51","54","23.94","65.49","6.91","69","sunflower"
"80","45","44","25.1","58.65","6.77","85.53","sunflower"
"86","60","80","22.34","52.9","6.84","90.54","sunflower"
"71","52","79","24.5","59.06","7.03","57.66","sunflower"
"61","46","65","22.43","60.88","7.1","63.62","sunflower"
"81","36","66","28","58.22","7.04","91.76","sunflower"
"66","55","56","27.67","59.38","7.5","83.23","sunflower"
"82","47","62","25.28","70","7.5","69.09","sunflower"
"60","48","51","22.86","59.83","6.68","86.4","sunflower"
"67","35","58","24.9","61.39","7.4","63.25","sunflower"
"52","52","68","23.76","53.44","7.32","82.27","sunflower"
"67","47","61","22.47","64.16","7.5","92.47","sunflower"
"57","49","52","25.47","58.46","7.16","59.22","sunflower"
"86","55","64","24.23","65.06","7.5","75.58","sunflower"
"71","47","57","22.73","64.13","7.21","76.9","sunflower"
"86","56","55","23.4","58.58","6.77","65.95","sunflower"
"54","47","67","22.15","53.3","7.12","89.98","sunflower"
"59","46","50","26.16","62.15","7.13","82.86","sunflower"
"59","39","51","20.96","59.57","6.73","72.87","sunflower"
"63","47","73","22.31","66.19","7.19","67.37","sunflower"
"87","54","59","25.48","52.12","7.32","82.82","sunflower"
"89","35","54","25.89","62.81","7.19","59.55","sunflower"
"69","41","62","25.2","64.33","7.31","56.42","sunflower"
"76","58","45","21.68","53.04","7.17","97.85","sunflower"
"69","35","56","24.51","64.49","6.5","62.28","sunflower"
"75","52","42","22","58.28","7.41","84.46","sunflower"
"68","41","80","22.97","61.9","7.34","61.17","sunflower"
"75","48","52","23.35","59.51","7.24","100","sunflower"
"80","59","71","23.1","63.16","7.18","71.91","sunflower"
"90","35","46","24.59","58.16","7.26","71.92","sunflower"
"89","53","73","23.69","54.78","7.06","66.87","sunflower"
"71","48","63","22.3","55.81","7.01","81.93","sunflower"
"76","56","46","23.34","58.04","7.08","57.9","sunflower"
"73","39","51","26.18","56.9","7.13","90.19","sunflower"
"70","56","49","22.45","53.2","6.6","68.73","sunflower"
"87","52","55","24.26","62.38","6.5","86.08","sunflower"
"55","47","65","24.31","59.99","6.62","79.4","sunflower"
"80","59","54","24.43","50","7.04","66.62","sunflower"
"72","43","51","25.1","61.11","7.06","55.78","sunflower"
"66","46","57","24.6","59.75","6.99","81.11","sunflower"
"60","44","66","23.4","53.97","7.19","70.31","sunflower"
"76","42","50","22.99","63.99","7.5","83.63","sunflower"
"81","56","59","26.84","59.19","7.46","76.55","sunflower"
"70","54","59","24.74","64.9","6.77","63.34","sunflower"
"78","53","47","26.23","59.44","7.29","70.33","sunflower"
"54","48","53","20.92","62.49","7.22","60.21","sunflower"
"71","50","70","20.12","60.73","7.02","75.58","sunflower"
"74","55","64","25.96","67.41","6.79","83.98","sunflower"
"70","46","61","25.65","59.89","7.5","71.54","sunflower"
"69","49","54","28","59.1","6.89","50","sunflower"
"64","50","44","22.22","50.13","7.16","75.65","sunflower"
"80","40","80","26.58","61.39","6.98","77.11","sunflower"
"55","49","50","25.32","57.45","7.03","59.61","sunflower"
"61","43","48","21.86","61.4","7.21","63.89","sunflower"
"66","42","65","21.11","54.11","7.06","93.5","sunflower"
"73","43","46","27.81","52.78","6.5","62.87","sunflower"
"60","43","53","24.56","56.48","7.5","84.01","sunflower"
"79","43","68","22.62","63.5","6.79","66.78","sunflower"
"76","42","69","23.99","58.92","7.13","66.4","sunflower"
"65","45","47","22.33","65.91","7.2","75.93","sunflower"
"55","47","50","23.72","57.1","7.07","78.88","sunflower"
"90","49","45","25.37","68.37","6.96","60.37","sunflower"
"66","60","61","26.23","50","6.7","71.24","sunflower"
"70","38","64","21.1","59.22","6.5","85.9","sunflower"
"76","45","56","20.72","57.89","7","59.68","sunflower"
"70","47","57","24.45","64.08","7.04","66.21","sunflower"
"65","38","78","25.05","66.21","7","61.09","sunflower"
"50","42","65","22.34","70","7.36","81.19","sunflower"
"76","39","70","23.72","54","7.05","62.57","sunflower"
"65","35","50","23.84","60.85","7.3","83.73","sunflower"
"58","49","48","22.97","59.41","7.3","90.31","sunflower"
"63","41","60","23.01","54.68","6.93","68.96","sunflower"
"77","48","46","21.01","57.1","7.22","60.07","sunflower"
"72","48","64","23.34","68.56","6.82","74.75","sunflower"
"57","54","61","21.09","54.42","6.9","84.29","sunflower"
"79","55","62","24.09","52.24","6.81","69.17","sunflower"
"63","52","47","21.56","56.5","6.8","100","sunflower"
"79","54","59","25.52","65.83","7.22","82.82","sunflower"
"71","41","67","25.26","54.31","7.32","67.37","sunflower"
"73","43","49","24.96","60.77","6.89","76.2","sunflower"
"57","49","59","24.52","56.74","6.77","60.97","sunflower"
"82","50","73","27.24","63.39","7.19","74.32","sunflower"
"76","50","53","22.78","51.07","7.06","50.17","sunflower"
"79","60","50","21.68","68.33","6.79","86.19","sunflower"
"74","51","65","25.74","54.22","6.5","81.11","sunflower"
"67","42","47","28","63.4","6.89","74.68","sunflower"
"73","54","62","25.33","50.62","6.89","58.57","sunflower"
"75","40","77","24.79","61.26","6.95","74.09","sunflower"
"68","45","54","22.02","65.45","7.32","86.44","sunflower"
"79","41","44","26.21","59.08","6.8","90.22","sunflower"
"67","42","61","23.49","62.39","6.72","91.3","sunflower"
"79","43","60","22.67","54.94","6.83","70.47","sunflower"
"58","47","80","26.7","53.58","7.1","56.85","sunflower"
"66","52","47","25.51","59.63","7.41","65.32","sunflower"
"80","51","46","25.74","60.29","6.97","80.94","sunflower"
"73","43","62","23.64","56.7","7.26","76.19","sunflower"
"57","50","57","22.9","55.46","6.74","61.45","sunflower"
"63","35","49","22.59","63.8","6.81","57.37","sunflower"
"70","50","52","24.67","64.67","6.65","73.48","sunflower"
"78","48","68","22.45","55.39","7.09","90.08","sunflower"
"62","53","63","25.78","60.17","7.35","68.6","sunflower"
"64","41","56","25.7","66.15","6.9","94.18","sunflower"
"67","39","51","22.89","69.3","6.7","60.88","sunflower"
"80","47","51","25.04","70","6.64","62.99","sunflower"
"63","51","69","22.41","55.84","6.92","76.98","sunflower"
"64","48","47","23.36","60.16","7.41","68.7","sunflower"
"79","60","47","24.26","60.8","7.02","67.74","sunflower"
"69","52","54","22.94","50","7.14","54.45","sunflower"
"64","60","53","20","53.74","7.44","89.27","sunflower"
"76","48","59","24.93","63.38","6.89","71.03","sunflower"
"82","42","58","25.43","56.2","7.28","70.7","sunflower"
"83","58","40","25.11","65.24","6.5","50.38","sunflower"
"58","47","69","24.21","65.34","7.26","61.89","sunflower"
"62","54","71","23.98","55.12","6.5","73.66","sunflower"
"72","48","68","22.61","56.27","6.87","89.02","sunflower"
"74","39","59","21.85","59.71","7.03","57.73","sunflower"
"67","56","67","20.05","59.24","6.9","66.87","sunflower"
"60","55","64","24.86","60.89","6.91","67.75","sunflower"
"80","51","40","28","60.96","7.37","94.37","sunflower"
"64","41","66","25.66","67.2","7.09","50","sunflower"
"67","35","52","28","53.94","6.82","54.71","sunflower"
"74","49","65","25.22","59.05","7.46","65.57","sunflower"
"76","51","55","25.35","58.6","7","74.14","sunflower"
"89","52","44","23.35","61.34","7.15","50","sunflower"
"65","48","67","27.06","63.66","7.22","100","sunflower"
"79","57","55","24.84","56.31","6.83","74.85","sunflower"
"66","53","59","22.62","68.04","6.8","74.22","sunflower"
"60","52","57","24.84","63.99","6.5","70.38","sunflower"
"55","47","51","20.3","55.61","7.24","83.58","sunflower"
"86","49","62","21.4","63.58","7.32","50","sunflower"
"62","43","58","23.21","56.28","6.57","65.36","sunflower"
"82","41","50","22.01","60.69","6.91","61.58","sunflower"
"58","44","64","28","56.25","7.27","53.72","sunflower"
"90","55","74","22.62","54.35","6.82","71.73","sunflower"
"77","38","58","24.51","60.67","6.75","58.15","sunflower"
"82","50","45","25.76","61.89","6.72","53.01","sunflower"
"76","40","71","22.58","53.75","7.37","74.9","sunflower"
"78","42","59","20","64.39","7.26","90.06","sunflower"
"59","49","67","23.28","58.22","6.82","77.22","sunflower"
"73","45","53","25.75","67.36","6.79","51.54","sunflower"
"78","51","60","22.93","60.47","7.34","73.72","sunflower"
"61","47","72","21.7","59.15","6.58","62.22","sunflower"
"50","51","59","23.5","50.16","6.76","87.29","sunflower"
"75","60","74","22.19","63.2","6.54","77.56","sunflower"
"65","49","76","23.63","57.4","6.88","63.8","sunflower"
"64","35","69","28","61.52","7.28","67.17","sunflower"
"76","48","53","20.59","66.26","7.28","81.6","sunflower"
"76","42","59","23.4","59.96","7.25","100","sunflower"
"72","39","80","21.22","65.68","7","72.37","sunflower"
"62","44","72","23.31","53.94","6.89","74.8","sunflower"
"68","59","58","25.33","57.66","7.5","88.32","sunflower"
"64","39","65","23.82","63.45","6.95","58.44","sunflower"
"63","59","55","21.05","66.48","6.9","66.25","sunflower"
"65","49","60","21.75","65.1","6.74","73.72","sunflower"
"64","40","61","26","59.53","7.27","70.65","sunflower"
"86","51","58","22.5","61.88","6.75","82.11","sunflower"
"87","36","65","24.01","59.15","7.18","72.29","sunflower"
"84","42","66","25.82","60.55","6.54","100","sunflower"
"84","46","43","22.55","59.5","7.5","58.35","sunflower"
"68","44","65","21.24","58.01","7.25","83.67","sunflower"
"70","53","61","24.07","64.64","7.4","82.96","sunflower"
"76","54","67","22.63","66.91","7.18","94.19","sunflower"
"71","38","63","22.38","56.65","7.09","74.26","sunflower"
"78","53","42","25.25","52.01","6.58","71.36","sunflower"
"67","56","55","22.85","65.2","6.62","62.23","sunflower"
"56","37","52","22.16","69.74","7.39","82.42","sunflower"
"61","47","59","22.98","57.52","6.83","58.98","sunflower"
"72","59","46","26.09","59.63","7.25","83.57","sunflower"
"81","38","56","25.78","63.12","6.98","71","sunflower"
"76","38","61","24.52","50.98","7.09","60.68","sunflower"
"70","43","61","25.48","65.99","7.05","56.05","sunflower"
"59","50","44","21.68","55.1","7.27","54.72","sunflower"
"67","57","64","20.5","67.53","7.5","78.39","sunflower"
"64","46","43","20.88","60.61","6.82","75.1","sunflower"
"70","56","64","25.99","57.81","7.17","79.77","sunflower"
"75","49","70","26.28","55.99","6.89","50","sunflower"
"55","38","67","27.53","52.63","7.19","89.86","sunflower"
"81","43","65","26.28","56.65","6.82","73.68","sunflower"
"63","50","57","26.79","57.65","6.99","69.34","sunflower"
"50","45","58","23.46","62.16","6.69","64.3","sunflower"
"68","41","45","23.87","57.32","7.43","60.78","sunflower"
"88","42","66","21.78","59.37","7.31","70.03","sunflower"
"66","55","56","23.24","63.03","7.31","93.95","sunflower"
"68","37","61","24.12","63.24","6.86","79.66","sunflower"
"69","53","60","24.42","52.4","7.16","53.74","sunflower"
"76","46","67","26.51","55.66","6.78","51.7","sunflower"
"74","39","50","24.42","59.65","7.06","83.02","sunflower"
"55","59","77","26.05","51.44","6.74","74.97","sunflower"
"66","53","56","26.16","57.17","7.11","78.94","sunflower"
"82","57","62","24.14","68.89","7.07","65.46","sunflower"
"50","51","60","22.8","57.21","7.02","73.04","sunflower"
"64","39","74","25.2","60.46","6.7","85.03","sunflower"
"73","43","80","21.3","60.45","6.74","66.41","sunflower"
"66","35","58","23.49","54","6.66","76.45","sunflower"
"69","44","53","27.35","68.51","7.05","89.38","sunflower"
"75","55","71","22.78","50","7.34","50","sunflower"
"65","46","73","25.85","62.39","7.02","83.23","sunflower"
"79","49","65","22.64","63.45","7.04","85.93","sunflower"
"65","53","47","22.43","53.23","7.34","64.89","sunflower"
"90","45","59","20","61.95","7.42","90.17","sunflower"
"61","43","63","25.12","60.63","6.87","68.42","sunflower"
"79","52","67","24.24","66.08","7.12","54.59","sunflower"
"79","39","76","22.87","63.87","7.26","96.07","sunflower"
"82","50","60","25","53.95","6.8","54.19","sunflower"
"80","48","67","27.81","50.12","7.19","86.96","sunflower"
"62","46","55","24.74","55.86","7.5","100","sunflower"
"72","40","58","25.24","62.84","6.97","50.72","sunflower"
"59","52","41","22.8","70","6.72","74.97","sunflower"
"64","56","53","22.13","61.55","6.75","72.27","sunflower"
"65","59","46","20","67.95","6.5","73.45","sunflower"
"59","56","52","20","64.09","6.84","98.35","sunflower"
"80","35","54","24.24","63.28","7.5","54.94","sunflower"
"75","44","55","22.62","59.62","7.47","50","sunflower"
"71","43","64","21.88","57.75","6.5","78.83","sunflower"
"79","46","65","22.6","53.39","7.04","80.19","sunflower"
"77","48","51","23.72","62.16","7.08","58.64","sunflower"
"65","35","61","21.36","64.38","6.91","50","sunflower"
"64","46","40","21.21","58.81","6.59","75.94","sunflower"
"68","53","61","26.19","70","7.1","59.86","sunflower"
"71","40","43","23.88","61.31","7.25","84.39","sunflower"
"61","48","78","25.55","66.21","7.41","61.71","sunflower"
"78","53","46","21.98","61","7.04","50","sunflower"
"69","46","70","25.25","59.79","6.69","100","sunflower"
"90","52","60","22.59","57.14","7.15","50","sunflower"
"76","46","67","22.87","58.32","7.13","50","sunflower"
"75","60","54","22.38","57.04","6.65","51.27","sunflower"
"66","46","72","21.48","50","7.18","86.68","sunflower"
"62","47","59","22.13","55.82","6.84","69.54","sunflower"
"90","45","48","27.05","64.37","6.96","72.02","sunflower"
"71","42","55","26.99","59.37","6.86","89.56","sunflower"
"62","57","44","25.99","62.98","6.63","77.08","sunflower"
"67","40","63","23.21","55.78","6.91","82.05","sunflower"
"64","35","63","25.74","55.02","7.2","73.91","sunflower"
"67","38","40","24.79","54.65","7","69.04","sunflower"
"69","54","67","23.51","66.12","7.06","70.96","sunflower"
"69","40","49","26.27","50","7.44","53.03","sunflower"
"80","48","57","21.28","57.88","7.5","85.52","sunflower"
"77","36","48","26.63","61.18","6.91","88.32","sunflower"
"78","47","44","22.74","68.15","6.76","58.66","sunflower"
"67","47","63","24.08","56.48","6.5","56.82","sunflower"
"83","47","63","24.75","62.13","6.76","70.93","sunflower"
"75","35","52","25.01","56.78","7.17","70.08","sunflower"
"62","41","55","20","62.09","7.16","79.32","sunflower"
"73","51","49","25.88","55.83","7.34","89.2","sunflower"
"90","48","48","23.83","57.02","6.67","91.89","sunflower"
"61","53","55","26.5","59.97","7.28","74.2","sunflower"
"75","40","75","25.99","66.13","7.08","58.47","sunflower"
"69","51","64","24.28","56.64","6.94","58.68","sunflower"
"64","50","55","26.61","55.27","6.83","64.78","sunflower"
"78","48","52","23.71","68.48","6.69","77.8","sunflower"
"67","53","48","21.85","59.53","7.2","50","sunflower"
"75","57","65","26.54","65.19","7.33","86.67","sunflower"
"89","43","44","27.55","56.86","7.33","61.39","sunflower"
"67","39","63","23.52","57.16","6.5","50","sunflower"
"66","45","61","23.4","61.95","7.21","78.73","sunflower"
"86","45","47","26.55","68.47","7.26","74.28","sunflower"
"85","48","57","22.22","56.47","7.27","61.73","sunflower"
"56","50","70","20.96","57.6","6.96","68.53","sunflower"
"76","59","58","24.63","61.87","6.7","95.27","sunflower"
"68","48","47","23.04","66.62","6.96","79.08","sunflower"
"69","42","60","26.02","60.22","7.47","96.35","sunflower"
"73","53","79","20.44","56.91","7.2","73.18","sunflower"
"81","40","63","23.99","56.78","7.06","74.01","sunflower"
"59","51","50","20.53","62.18","6.95","66.72","sunflower"
"73","43","54","23.25","57.27","7.29","82.72","sunflower"
"71","43","59","22.54","59.37","7.03","66.18","sunflower"
"63","38","40","25.78","53.87","6.67","77.28","sunflower"
"50","56","45","22.54","54.1","6.79","71.19","sunflower"
"55","38","62","21.17","58.36","7.14","54.84","sunflower"
"66","47","54","21.56","59.59","6.95","68.94","sunflower"
"72","44","41","22.69","59.49","7.12","75.59","sunflower"
"67","51","42","22.56","63.63","7.5","71.62","sunflower"
"53","48","57","28","60.67","7.47","58.95","sunflower"
"50","57","56","21.02","63.59","6.94","57.67","sunflower"
"71","49","62","22.03","51.71","7.25","81.36","sunflower"
"50","49","61","23.21","59.12","7.27","60.89","sunflower"
"85","54","45","25.87","70","6.73","53.85","sunflower"
"66","41","43","23.16","50","7.01","61.77","sunflower"
"79","53","61","23.49","68.71","6.9","58.12","sunflower"
"78","55","58","26.74","66.71","6.5","64.95","sunflower"
"74","58","66","24.61","69.51","7.41","77.6","sunflower"
"64","38","59","26.79","60.68","6.9","95.17","sunflower"
"77","49","44","25.93","55.32","7.48","55.75","sunflower"
"72","41","67","22.13","56.62","7.5","76.52","sunflower"
"85","46","73","23.86","58.74","6.93","69.64","sunflower"
"56","54","67","24.78","61.49","7.17","69.71","sunflower"
"64","46","69","23.71","55.6","7.5","72.15","sunflower"
"60","50","66","24.57","66.19","6.76","76.01","sunflower"
"60","47","65","25.83","52.22","7.13","63.11","sunflower"
"81","59","47","20.88","58.85","6.98","50","sunflower"
"61","52","80","21.53","57.28","7.22","72.23","sunflower"
"64","58","56","25.49","60.59","7.14","100","sunflower"
"90","54","52","25.36","61.44","6.76","65.86","sunflower"
"84","46","70","22.39","61.32","7.09","70.15","sunflower"
"83","51","51","24.17","52.02","7.02","74.05","sunflower"
"70","36","64","22.58","70","6.87","66.27","sunflower"
"80","56","63","27.43","52.66","6.71","71.29","sunflower"
"69","51","53","22.83","57.35","7.32","58.94","sunflower"
"59","39","73","24.92","55.94","7.27","59.92","sunflower"
"53","46","62","26.21","64.36","6.93","83.56","sunflower"
"76","48","60","23.71","59.96","7.13","76.24","sunflower"
"68","53","66","25.34","63.2","7.17","77.23","sunflower"
"54","40","48","25.54","53.25","6.69","56.98","sunflower"
"65","48","76","24.46","61.4","7.14","64.81","sunflower"
"67","49","68","22.4","63.45","7.37","52.06","sunflower"
"52","44","80","22.54","62.3","7.44","79.28","sunflower"
"58","40","40","25.18","62.64","7.11","99.3","sunflower"
"82","46","48","20.81","57.55","6.5","70.91","sunflower"
"64","39","55","23.05","61.42","6.92","50.04","sunflower"
"79","51","64","22.16","58.02","7","53.77","sunflower"
"73","54","40","24.82","51.28","7.35","56.82","sunflower"
"71","52","55","22.11","58.14","6.78","89.86","sunflower"
"74","42","69","22.52","63.09","7.36","69.4","sunflower"
"83","39","72","23.2","57.5","7.1","50","sunflower"
"72","49","49","24.37","54.82","6.9","65.58","sunflower"
"80","35","68","21.33","55.66","6.91","81.52","sunflower"
"63","38","64","23.36","66.97","6.58","79.51","sunflower"
"64","52","58","24.18","62.88","6.94","87.52","sunflower"
"65","35","54","22.14","63.65","6.82","79.1","sunflower"
"68","49","67","26.14","60.95","7.5","74.81","sunflower"
"69","41","55","22.82","60.51","6.5","87.83","sunflower"
"72","52","72","22.82","56.58","6.86","98.05","sunflower"
"50","52","66","20","70","6.95","61.19","sunflower"
"59","59","72","23.8","64.78","6.62","72.74","sunflower"
"72","36","51","23.58","60.76","7.5","64.3","sunflower"
"81","37","72","24.2","54.21","7.39","67.78","sunflower"
"73","39","46","27.75","53.84","6.72","92.84","sunflower"
"72","49","49","23.56","61.74","6.74","74.66","sunflower"
"77","35","40","22.23","62.54","7.5","64.33","sunflower"
"57","52","49","25.15","59.14","6.71","63.69","sunflower"
"64","47","69","23.47","59.32","7.03","84.78","sunflower"
"71","47","51","23.47","70","7.32","51.28","sunflower"
"69","55","67","24.37","60.98","7.05","100","sunflower"
"63","51","77","26.21","65.64","7.03","67.32","sunflower"
"65","35","51","27.64","60.71","7.29","71.77","sunflower"
"60","51","71","25.67","66.17","7.3","76.15","sunflower"
"66","54","70","26.53","62.38","6.9","82.08","sunflower"
"68","48","59","23.65","63.12","6.81","76.03","sunflower"
"67","51","77","23.66","59.29","7.03","73.47","sunflower"
"71","44","59","25.55","62.5","6.63","72.88","sunflower"
"90","60","45","25.98","60.42","6.79","64.71","sunflower"
"80","55","75","22.11","61.41","7.36","89.45","sunflower"
"75","43","54","24.92","67.15","7.26","70.31","sunflower"
"56","60","53","26.58","51.67","6.79","66.39","sunflower"
"78","46","69","23.67","67.84","7.4","69.63","sunflower"
"82","46","44","21.74","58.39","7","50.09","sunflower"
"56","60","73","25.96","65.54","7.21","58.22","sunflower"
"61","46","51","23.27","60.64","6.69","62.54","sunflower"
"90","41","63","22.85","51.48","6.7","55.49","sunflower"
"76","56","59","22.46","54.39","7.5","73.82","sunflower"
"63","52","69","22.18","61.23","6.94","79.82","sunflower"
"65","43","48","22.66","54.73","7.4","84.33","sunflower"
"56","45","70","23.97","58.25","6.5","69.54","sunflower"
"75","52","55","26.18","58.92","7.03","82.23","sunflower"
"75","60","49","21.9","66.8","6.52","54.48","sunflower"
"82","47","80","24.95","50","7.5","78.73","sunflower"
"65","51","53","26.29","68.61","6.79","73.95","sunflower"
"76","40","60","26.99","60.66","7.32","94.04","sunflower"
"81","60","49","22.08","62.24","7.46","63.61","sunflower"
"64","38","50","25.32","56.59","6.9","75.47","sunflower"
"63","47","60","22.56","69.61","7.25","90.44","sunflower"
"56","54","62","24.19","62.2","7.03","71.3","sunflower"
"90","45","48","25.47","60.58","7.4","51.4","sunflower"
"59","43","79","25.16","59.91","7.12","100","sunflower"
"71","35","57","24.91","58.24","7.2","50","sunflower"
"58","57","58","26.88","61.06","7.24","63.24","sunflower"
"69","42","80","28","55.05","6.82","66.29","sunflower"
"73","40","74","24.47","59.27","6.77","81.68","sunflower"
"89","50","56","21.3","55.98","6.5","94.4","sunflower"
"62","52","55","25.1","50","6.95","71.38","sunflower"
"50","43","58","26.11","50","6.7","68.99","sunflower"
"58","39","51","23.01","65.58","6.96","81.9","sunflower"
"61","46","73","21.47","63","6.82","50","sunflower"
"74","48","70","21.88","55.77","7.01","50","sunflower"
"74","54","52","24.9","50","7.19","68.49","sunflower"
"78","42","65","27.26","63.51","6.86","89.76","sunflower"
"76","43","40","21.54","69.26","6.89","88.19","sunflower"
"66","40","65","23.73","58.72","7.03","74.33","sunflower"
"66","50","67","25.83","61.15","6.5","61.24","sunflower"
"65","53","65","24.41","56.35","7.04","73.4","sunflower"
"80","47","59","24.98","58.7","6.91","55.77","sunflower"
"70","60","59","20.49","53.66","7.15","75.69","sunflower"
"71","48","53","23.49","62.96","7.33","56.28","sunflower"
"57","39","52","23.71","57.77","7.17","77.2","sunflower"
"74","56","69","24.19","54.78","7.2","66.67","sunflower"
"51","54","53","25.88","53.25","6.6","63.28","sunflower"
"66","49","58","23.57","63.43","7.2","68.54","sunflower"
"69","57","49","26.95","56.77","6.8","84.68","sunflower"
"73","40","60","26.41","68.91","7.38","88.9","sunflower"
"60","42","74","25.4","62.19","6.63","78.48","sunflower"
"72","48","70","25.33","60.85","7.1","72.82","sunflower"
"67","54","78","21.44","62.98","6.99","65.12","sunflower"
"58","46","50","24.65","69.17","6.99","96.72","sunflower"
"68","48","69","23.14","62.17","7.2","51.67","sunflower"
"74","47","40","26.56","64.78","7.21","66.24","sunflower"
"70","48","69","24.24","58.1","6.65","67.76","sunflower"
"83","35","46","26.45","51.64","6.8","91.07","sunflower"
"77","44","59","24.07","56.09","6.5","60.58","sunflower"
"79","49","46","22.47","65.28","6.99","51.38","sunflower"
"80","44","54","25.01","54.97","7.07","59.79","sunflower"
"79","48","45","24.6","50","6.92","62.17","sunflower"
"69","35","55","26.98","61.73","7.05","85.63","sunflower"
"63","42","63","25.2","56.36","7.33","73.51","sunflower"
"84","35","62","24.1","61.26","7.1","64.93","sunflower"
"78","51","58","26.9","52.4","7.09","69.34","sunflower"
"60","36","62","21.84","55.76","6.63","70.48","sunflower"
"82","46","48","24.35","59.16","6.82","74.71","sunflower"
"63","48","62","24.12","66.48","6.82","97.07","sunflower"
"66","44","61","25.24","60.74","7.5","98.77","sunflower"
"62","50","60","22.51","69.77","6.76","80.05","sunflower"
"83","58","57","20.65","60.93","6.9","76.41","sunflower"
"63","54","61","20.85","64.02","6.64","89.43","sunflower"
"70","50","55","27.28","59.38","7.5","95.18","sunflower"
"80","45","56","20.54","55.19","7.03","76.03","sunflower"
"50","60","56","28","56.58","7.14","65.97","sunflower"
"62","47","63","28","58.86","6.9","83.75","sunflower"
"58","43","69","21.43","58.48","6.63","60.6","sunflower"
"67","39","67","22.58","68.03","7.1","83.3","sunflower"
"65","53","40","22.83","70","7.02","78.19","sunflower"
"89","47","51","24.07","63.1","7.07","87.06","sunflower"
"68","37","56","22.23","57.82","6.99","90.73","sunflower"
"77","38","70","24.7","60.18","6.84","87.37","sunflower"
"73","52","72","25.55","62.7","7.09","71.53","sunflower"
"77","45","66","23.83","67.73","6.5","71.63","sunflower"
"85","36","64","27.96","54.77","7.25","73.66","sunflower"
"63","58","68","23.23","63.36","7.5","60.42","sunflower"
"68","49","59","22.05","60.79","7.01","50.23","sunflower"
"90","47","52","24.44","56.07","6.5","60.44","sunflower"
"64","36","59","23.61","62.74","6.87","75.21","sunflower"
"78","50","73","24.23","56.34","6.5","69.9","sunflower"
"79","53","65","23.15","62.17","7.2","65.57","sunflower"
"55","49","42","22.52","62.39","7.05","73.42","sunflower"
"65","43","58","23.91","61.48","7.06","76.47","sunflower"
"70","46","51","23.91","53.09","6.94","86.62","sunflower"
"80","43","49","23.46","68.58","7.17","77.44","sunflower"
"80","35","67","21.56","65.31","7.37","70.62","sunflower"
"87","60","40","23.59","54.84","7.15","50","sunflower"
"67","53","41","24.97","63.64","7.11","50","sunflower"
"75","47","74","23.9","63.13","7.33","53.59","sunflower"
"50","53","53","24.15","50","6.72","80.54","sunflower"
"83","38","45","24.67","56.45","6.81","87.59","sunflower"
"77","43","56","25.84","65.5","6.62","65.87","sunflower"
"65","39","40","23.2","62.01","7.25","76.3","sunflower"
"75","57","75","26.52","60.48","6.98","94.08","sunflower"
"62","50","76","22.31","70","7.06","90.07","sunflower"
"67","43","58","24.2","69.04","7.38","78.78","sunflower"
"59","46","69","25.17","56.24","6.92","75.28","sunflower"
"65","48","64","24.62","54.96","6.93","77.3","sunflower"
"63","42","58","22.54","59.67","6.75","76.57","sunflower"
"74","51","58","24.06","56.27","6.52","81.71","sunflower"
"57","38","72","25.07","61.64","6.74","59.39","sunflower"
"77","41","54","24.11","61.89","6.84","59.53","sunflower"
"66","51","76","26.02","55.43","7.08","67.83","sunflower"
"85","50","68","24.35","66.94","7.19","56.19","sunflower"
"77","38","49","24.76","50","6.65","88.09","sunflower"
"78","49","57","25.06","55.17","6.81","66.58","sunflower"
"85","57","52","25.18","59.21","7.03","67.89","sunflower"
"76","53","49","24.1","65.73","6.5","91.55","sunflower"
"72","47","59","24.82","64.42","6.98","73.47","sunflower"
"60","35","42","24.74","50","7.34","74.48","sunflower"
"74","54","60","25.84","63.75","7.12","72.26","sunflower"
"75","47","66","22.76","65.14","7.11","75.99","sunflower"
"67","42","75","25.34","63.43","7.1","63.93","sunflower"
"77","44","53","22.29","52.86","7.32","83.01","sunflower"
"62","52","68","23.91","55.8","7.05","69.2","sunflower"
"70","35","58","23.52","62.68","6.98","69.91","sunflower"
"85","59","56","25.81","63.92","7.3","63.97","sunflower"
"75","44","51","23.5","52.81","7.3","61.73","sunflower"
"66","58","49","24.01","61.66","7.03","65.57","sunflower"
"75","54","74","23.83","67.71","6.91","60.41","sunflower"
"77","37","61","20","55.49","7.14","100","sunflower"
"74","39","63","23.42","58.17","6.58","75.91","sunflower"
"66","60","55","21.54","59.26","6.73","79.66","sunflower"
"68","60","67","20.74","57.13","6.5","50","sunflower"
"64","52","40","26.18","60.47","7.14","59.23","sunflower"
"79","37","63","25.22","60.04","7.38","93.44","sunflower"
"67","46","54","24.13","58.41","6.73","74.8","sunflower"
"60","51","55","24.29","63.14","7.23","83.9","sunflower"
"67","60","63","22.65","55.58","7.3","81.81","sunflower"
"90","39","71","24.21","65.58","6.64","60.98","sunflower"
"73","57","62","24.66","62.19","6.53","59.55","sunflower"
"50","41","41","22.38","64.08","7.07","77.28","sunflower"
"55","42","75","26.01","57.65","7.24","55.02","sunflower"
"65","56","53","24.83","59.76","6.98","73.4","sunflower"
"61","43","57","25.51","57.31","6.5","78.96","sunflower"
"70","48","66","23.11","57.98","7.33","100","sunflower"
"74","54","58","27.31","58.64","6.84","50","sunflower"
"73","42","80","23","52.56","7.23","82.37","sunflower"
"73","52","49","20.64","66.66","6.64","62.68","sunflower"
"73","47","55","25.19","65.14","6.93","88.1","sunflower"
"76","44","58","23.07","62.76","7.17","70.65","sunflower"
"66","37","47","26.9","64.84","6.8","68.85","sunflower"
"81","40","56","25.01","55.62","7.08","89.54","sunflower"
"84","40","55","24.03","60.06","6.98","62.56","sunflower"
"89","60","71","24.68","56.44","7.49","74.53","sunflower"
"54","41","58","24.41","54.83","6.85","85.9","sunflower"
"74","46","47","25.44","63.01","6.5","62.58","sunflower"
"80","35","44","27.63","61.53","7.42","69.66","sunflower"
"77","48","59","24.99","54.89","7.28","78.96","sunflower"
"80","43","55","23.51","58.85","7.16","62.23","sunflower"
"76","48","46","23.59","55.33","6.84","50","sunflower"
"54","41","49","26.41","58.17","7.16","67.71","sunflower"
"90","60","80","24.12","62.08","7.38","75.86","sunflower"
"69","58","46","22.97","62.81","6.63","99.11","sunflower"
"72","58","72","22.54","58.81","7.35","50","sunflower"
"75","53","42","23.08","70","7.12","60.9","sunflower"
"68","52","55","26.69","59.74","7.23","67.05","sunflower"
"82","45","64","24.51","65.39","7.18","72.24","sunflower"
"55","60","61","21.68","53.38","7.14","84.19","sunflower"
"58","58","68","24.42","56.68","6.91","87.28","sunflower"
"73","36","55","21.33","52.41","7.19","60.67","sunflower"
"67","38","80","24.64","66.73","6.87","61.77","sunflower"
"53","41","47","24.39","63.11","6.6","62.03","sunflower"
"80","59","56","23.14","64.27","7.37","81.46","sunflower"
"61","45","41","22.75","58.15","6.88","72.83","sunflower"
"58","50","65","23.47","61.3","7.35","68.74","sunflower"
"71","37","72","22.42","59.26","6.72","50","sunflower"
"69","45","69","23.68","67.1","7.31","63.49","sunflower"
"78","51","73","24.47","58.77","7.05","65.17","sunflower"
"50","35","49","24.83","54.47","7.22","65.99","sunflower"
"79","43","68","23.98","59.31","6.86","71.25","sunflower"
"60","38","51","20","65.41","6.83","75.35","sunflower"
"50","35","53","25.43","65.34","7.23","84.86","sunflower"
"58","52","52","23.83","55.65","6.99","50","sunflower"
"81","49","64","23.42","68.67","7.46","86.93","sunflower"
"76","51","54","22.46","50","7","67.3","sunflower"
"73","44","61","22.46","62.42","7.15","60.86","sunflower"
"61","39","61","24.61","60.7","7.37","57.78","sunflower"
"80","54","68","24.23","56.37","7.19","71.67","sunflower"
"60","35","77","21.33","62.56","7.35","95.34","sunflower"
"56","44","58","24.79","58.98","6.71","51.24","sunflower"
"76","52","41","23.84","60.71","7.28","86.23","sunflower"
"67","40","54","20.64","50","7.16","70.4","sunflower"
"50","47","40","25.08","53.66","6.92","58.19","sunflower"
"61","42","56","21.59","64.24","6.8","80.32","sunflower"
"60","53","74","25.75","58.77","6.72","71.73","sunflower"
"64","45","57","24.19","58.47","6.87","89.15","sunflower"
"84","51","60","20.46","59.01","6.96","96.38","sunflower"
"90","60","72","23.82","58.01","6.85","64.72","sunflower"
"50","49","63","26.12","54.71","6.64","91.15","sunflower"
"78","50","56","26.42","55.81","6.97","54.67","sunflower"
"70","44","40","20.87","60.04","7.33","73.17","sunflower"
"66","43","50","23.82","59.25","7.4","82.48","sunflower"
"50","45","56","20.23","50","6.86","85.45","sunflower"
"89","47","67","21.85","59.41","7.17","72.02","sunflower"
"66","42","65","26.24","61.98","6.93","52.65","sunflower"
"58","41","53","24.33","57.78","7.23","88.42","sunflower"
"76","42","76","20.85","59.67","7.15","85.98","sunflower"
"57","50","70","21.36","56.28","6.66","50","sunflower"
"72","54","42","25.2","61.3","6.95","50.6","sunflower"
"79","41","56","23.88","50.62","7.18","63.19","sunflower"
"76","48","60","23.13","57.35","7.21","92.43","sunflower"
"61","52","58","25.59","52.84","7.09","85.67","sunflower"
"66","54","43","23.92","56.56","6.69","89.83","sunflower"
"62","49","53","27.21","59.77","7.11","77.9","sunflower"
"63","55","49","22.51","56.9","7.5","74.42","sunflower"
"90","48","58","24.39","52.4","7.16","59.38","sunflower"
"90","59","58","21.73","58.46","6.87","77.41","sunflower"
"82","40","63","24.69","53.26","7.15","70.39","sunflower"
"65","50","53","25.98","69.7","6.84","52.68","sunflower"
"74","36","70","24.03","58.61","7.25","76.16","sunflower"
"68","52","40","23.32","63.45","7.06","50","sunflower"
"87","47","61","23.95","66.08","7.18","93.55","sunflower"
"62","52","54","25.25","69.82","7.17","73.88","sunflower"
"77","60","62","20.95","55.71","6.69","73.26","sunflower"
"64","38","52","21.89","59.49","7.28","82.85","sunflower"
"59","43","47","23.44","64.25","7.15","68.55","sunflower"
"60","56","51","22.83","64.27","6.97","77.45","sunflower"
"86","50","64","24.04","56.1","7.15","61.5","sunflower"
"78","48","69","25.69","58.86","7.07","84.08","sunflower"
"71","38","58","25.58","68.51","6.99","80.7","sunflower"
"86","41","54","23.34","53.18","6.81","51.29","sunflower"
"64","51","60","23.17","63.23","6.9","54.68","sunflower"
"69","36","59","23.77","70","6.57","82.74","sunflower"
"66","51","76","25.63","62.9","6.66","72.53","sunflower"
"72","44","43","20.66","58.21","7.5","91.88","sunflower"
"75","44","45","26.3","55.12","7","98.82","sunflower"
"75","50","76","21.13","69.65","7.04","78.1","sunflower"
"74","38","52","22.26","57.38","6.83","100","sunflower"
"50","53","52","25.64","55.12","7.36","59.46","sunflower"
"74","43","62","24.1","54.32","6.61","62.53","sunflower"
"60","46","69","22.97","67.07","7.36","89.17","sunflower"
"68","52","69","21.26","58.07","6.76","86.77","sunflower"
"69","56","62","23.9","59.58","7.03","77.56","sunflower"
"59","51","52","27.7","57.38","6.71","79.13","sunflower"
"64","35","54","26.37","58.15","6.8","83.09","sunflower"
"53","52","66","20.12","62.33","7.28","67.74","sunflower"
"79","56","51","21.88","66.56","6.93","51.42","sunflower"
"72","43","62","21.32","56.82","6.56","57.1","sunflower"
"71","60","64","21.86","70","7.31","66.82","sunflower"
"50","47","65","25.15","65.61","7.08","85.63","sunflower"
"61","59","67","20.26","54.63","7.1","79.94","sunflower"
"73","43","57","21.57","58.33","6.84","72.54","sunflower"
"68","52","63","22.9","61.39","7.5","68.55","sunflower"
"78","49","65","24.77","63.21","6.69","87.75","sunflower"
"60","35","66","25.93","58.58","6.8","86.77","sunflower"
"70","54","44","24.71","63.75","7.45","75.14","sunflower"
"74","55","61","23.44","62.87","7.11","82.78","sunflower"
"70","40","60","24.3","66.92","7.15","84.99","sunflower"
"58","60","63","24.29","62.39","6.82","84.09","sunflower"
"63","38","48","26.48","61.08","7.18","80.71","sunflower"
"78","42","51","23.95","52.55","6.85","91.55","sunflower"
"70","49","59","25.83","52.72","7.3","72.74","sunflower"
"79","51","52","22.9","56.37","7.15","76.94","sunflower"
"82","53","66","25.82","59.56","6.57","73.72","sunflower"
"64","47","62","23.93","61.11","6.5","88.95","sunflower"
"77","54","60","28","59.31","7.15","58.64","sunflower"
"79","48","71","24.68","63.12","6.81","57.01","sunflower"
"57","39","42","26.19","59.98","7.21","80.13","sunflower"
"61","43","69","20.7","65.49","7.22","87.29","sunflower"
"63","42","64","25.42","66.32","7.41","78.05","sunflower"
"60","42","80","23.75","56.55","6.51","77.53","sunflower"
"53","45","62","26.32","51.84","6.75","64.42","sunflower"
"90","43","53","23","52.58","7.01","72.86","sunflower"
"62","49","53","24.95","54.48","6.94","80.25","sunflower"
"73","43","55","23.63","59.99","6.69","78","sunflower"
"64","50","60","23.57","64.44","7.04","52.97","sunflower"
"71","52","58","26.34","62.32","6.98","70.06","sunflower"
"68","48","53","22.38","62.25","6.99","62.7","sunflower"
"77","47","52","21.94","59.02","7.05","62.49","sunflower"
"83","55","61","22.17","57.6","7.14","66.79","sunflower"
"62","47","64","25.21","62.17","7.5","70.53","sunflower"
"66","36","54","26.19","58.81","6.79","76.98","sunflower"
"63","45","70","24.6","56.09","7.5","75.8","sunflower"
"65","40","80","22.73","60.29","7.46","61.52","sunflower"
"78","51","51","25.45","59.89","7.34","52.93","sunflower"
"79","50","69","24.38","64.15","7.5","74.26","sunflower"
"55","54","71","25.02","69.17","6.84","89.38","sunflower"
"78","46","72","26.37","55.71","7.03","58.63","sunflower"
"65","49","52","25.4","59.95","6.91","54.52","sunflower"
"84","36","73","23.31","57.75","6.77","50","sunflower"
"65","40","56","23.34","67.74","7.31","68.94","sunflower"
"62","38","69","26.15","65.53","6.98","85.61","sunflower"
"68","36","69","25.65","65.36","6.84","66.46","sunflower"
"58","51","61","23.21","59.01","7.17","86.64","sunflower"
"66","46","51","25.52","66.96","7.34","76.03","sunflower"
"70","53","78","23.79","62.88","7.1","63.92","sunflower"
"62","56","54","23.66","63.66","6.67","68.6","sunflower"
"86","55","51","22.07","57.47","7.34","54.88","sunflower"
"64","47","43","22.84","60.92","6.69","73.74","sunflower"
"58","48","51","24.39","54.34","7.01","70.03","sunflower"
"62","44","46","25.43","58.82","7.05","73.45","sunflower"
"79","39","53","24.34","61.75","7.08","72.51","sunflower"
"66","53","70","22.03","68.51","6.92","90.69","sunflower"
"67","41","56","26.2","64.61","6.89","97.13","sunflower"
"55","41","64","20.77","56.18","7.11","87.53","sunflower"
"80","35","48","24.61","61.11","6.86","64.61","sunflower"
"80","52","61","22.83","59.56","7.16","66.31","sunflower"
"57","45","68","21","58.68","7.15","63.35","sunflower"
"57","49","51","22.78","58.23","6.95","72.7","sunflower"
"62","48","49","25.23","65.36","6.7","76.07","sunflower"
"59","48","64","28","64.32","7.03","73.23","sunflower"
"64","35","65","27.7","61.35","7.04","73.56","sunflower"
"72","58","53","20.43","52.47","7.04","50","sunflower"
"82","46","51","28","55.27","6.9","75.52","sunflower"
"66","38","58","24.79","57.94","6.77","70.63","sunflower"
"68","47","63","25.04","62.64","7.26","75.21","sunflower"
"84","40","63","21.04","65.86","6.83","74.93","sunflower"
"71","38","55","23.5","64.77","6.88","75.65","sunflower"
"60","50","65","24.19","62.07","7.23","56.62","sunflower"
"73","43","64","20.91","66.97","6.99","64.92","sunflower"
"90","43","56","25.08","61.82","6.69","85.29","sunflower"
"64","54","60","27.68","61.32","7.18","59.43","sunflower"
"72","35","72","25.42","62.5","6.91","81.46","sunflower"
"67","60","59","23.84","55.22","7.29","63.99","sunflower"
"58","43","54","28","56.12","6.87","70.65","sunflower"
"64","51","53","24.73","61.17","7.01","80.63","sunflower"
"77","44","65","23.97","60.25","6.5","81.41","sunflower"
"83","40","61","22.55","67.7","7.05","72.95","sunflower"
"76","37","40","22.65","60.54","7.14","84.81","sunflower"
"90","44","80","25.93","63.01","6.89","80.69","sunflower"
"80","35","51","24.18","57.05","6.78","67.76","sunflower"
"78","56","44","22.99","62.82","7.04","64.73","sunflower"
"73","39","48","24.16","57.46","7.37","99.11","sunflower"
"76","55","49","25.82","67.78","6.71","57.36","sunflower"
"65","40","47","23.84","58.92","7.43","65.96","sunflower"
"63","41","66","26.29","55.81","6.51","67.24","sunflower"
"63","47","68","25.42","57.43","6.98","63.94","sunflower"
"69","50","57","26.44","57.97","6.74","95.56","sunflower"
"74","48","73","20","67.27","7.24","63.81","sunflower"
"74","37","68","24.01","58.5","6.99","89.56","sunflower"
"71","35","73","22.49","55.22","6.57","63.97","sunflower"
"80","60","75","22.6","58.57","7.2","64.76","sunflower"
"76","41","57","22.2","67.57","7.2","50","sunflower"
"76","52","57","27.01","57.72","7.18","62.34","sunflower"
"60","53","56","21.83","65.84","7.06","51.05","sunflower"
"67","40","70","25.24","56.68","6.93","82.93","sunflower"
"74","37","64","22.16","55.76","6.84","95.17","sunflower"
"64","47","49","26.71","63.41","7.43","74.27","sunflower"
"69","43","56","23.27","60.43","6.93","76.5","sunflower"
"70","51","59","24.26","60.19","7.07","77.99","sunflower"
"61","42","64","25.21","59.95","7.26","59.63","sunflower"
"64","37","40","23.81","58.21","7.33","69.13","sunflower"
"72","42","67","23.41","57.78","7.5","89.14","sunflower"
"55","44","66","22.59","60.52","6.5","79.69","sunflower"
"65","50","58","22.33","70","7.07","81.77","sunflower"
"73","46","62","23.68","57.26","7.5","85.77","sunflower"
"84","52","65","23.11","57.65","7.02","78.83","sunflower"
"74","37","77","23.76","64.75","7.19","58.01","sunflower"
"78","40","55","28","65.44","6.82","62.25","sunflower"
"79","46","62","23.35","67.21","7.14","82.96","sunflower"
"79","54","55","26.6","63.03","6.64","85.14","sunflower"
"53","42","65","24.6","67.13","7.05","71.63","sunflower"
"68","42","65","26.9","62.87","6.51","87.55","sunflower"
"66","46","53","21.13","63.91","7.46","89.47","sunflower"
"79","50","61","24.6","66.24","6.7","55.4","sunflower"
"67","57","61","23.3","65.49","6.67","93.19","sunflower"
"62","52","55","23.97","62.23","7.5","78.05","sunflower"
"63","38","66","23.84","60.14","7.32","53.69","sunflower"
"61","43","55","24.24","53.77","7.08","74.11","sunflower"
"71","45","59","23.69","60.2","6.96","67.36","sunflower"
"90","60","51","21.45","68.54","6.88","61.64","sunflower"
"67","42","57","23.13","62.6","6.94","73.73","sunflower"
"51","56","51","23.2","57.57","6.64","97.66","sunflower"
"69","40","65","25.28","65.57","7.22","66.56","sunflower"
"74","48","53","26.26","65.14","6.98","72.62","sunflower"
"57","49","66","23.01","56.71","6.73","69.08","sunflower"
"74","40","68","25.95","58.62","6.56","84.8","sunflower"
"68","50","44","22.23","50","6.78","70.06","sunflower"
"67","39","78","24.97","66.93","7.06","71.58","sunflower"
"62","45","63","26.92","62.11","6.92","54.22","sunflower"
"65","49","54","22.81","53.09","7.05","84.97","sunflower"
"72","60","68","24.98","58.99","6.75","65.79","sunflower"
"77","60","73","23.66","59.35","7.36","65.59","sunflower"
"64","43","40","23.59","59.51","7.18","94.06","sunflower"
"76","51","70","26.63","60.18","7.18","91.9","sunflower"
"90","50","56","23.73","52.58","6.91","59.97","sunflower"
"77","40","44","22.84","61.69","7.5","86.21","sunflower"
"85","39","56","22.97","59.17","6.93","79.58","sunflower"
"71","60","75","26.4","56.52","7.21","76.82","sunflower"
"81","41","44","23.28","52.49","6.7","77.76","sunflower"
"61","39","58","26.97","55.59","7.2","74.83","sunflower"
"63","41","73","25.14","56.08","7.21","72.44","sunflower"
"67","53","59","24.92","51.75","6.94","79.38","sunflower"
"62","37","52","22.67","55.92","7.18","67.67","sunflower"
"72","51","60","24.84","63.88","6.81","50","sunflower"
"74","40","68","24.15","55.14","6.73","87.97","sunflower"
"59","50","72","21.97","64.4","7.05","82.16","sunflower"
"72","51","59","26.89","60.61","6.67","65.89","sunflower"
"76","53","59","22.74","55.62","7.01","85.37","sunflower"
"79","59","68","21.05","70","7.24","60.34","sunflower"
"64","48","43","24.59","65.11","6.66","90.22","sunflower"
"85","35","54","24.13","61.35","6.61","56.71","sunflower"
"64","46","47","24.36","66.26","6.93","56.31","sunflower"
"84","47","57","24.51","58.96","6.73","88.2","sunflower"
"90","44","62","24.01","57.82","7.09","88.98","sunflower"
"66","38","55","28","59.19","6.7","50.45","sunflower"
"80","44","53","24.26","58.41","7.25","76.94","sunflower"
"60","57","60","23.24","65.11","6.5","74.05","sunflower"
"80","52","67","25.72","52.39","6.63","55.31","sunflower"
"50","49","55","21.52","59.81","6.9","76.82","sunflower"
"63","56","48","20","60.1","7.33","78.05","sunflower"
"73","45","59","21.5","58.26","6.92","72.23","sunflower"
"59","35","43","23.08","53.68","7.18","75.62","sunflower"
"55","49","64","22.96","55.88","6.93","60.49","sunflower"
"56","57","59","23.86","60.92","7.11","95.3","sunflower"
"64","46","49","23.11","56.26","6.5","95.28","sunflower"
"79","60","68","23.65","51.99","7.21","86.92","sunflower"
"72","47","73","22.83","61.26","6.76","60.63","sunflower"
"69","53","80","21.56","58.71","7.45","76.28","sunflower"
"77","52","40","23.88","55.84","7.27","100","sunflower"
"60","56","62","23.76","56.27","7.21","52.4","sunflower"
"56","41","60","23.67","64.49","6.73","65.22","sunflower"
"72","50","63","22.2","52.78","7.19","63.49","sunflower"
"74","49","54","23.32","54.31","6.75","81.73","sunflower"
"75","35","59","21.37","59.62","6.99","86.94","sunflower"
"63","41","63","23.99","61.94","6.96","65.13","sunflower"
"73","46","42","28","50","7.21","50","sunflower"
"59","60","54","22.8","59.61","7.5","100","sunflower"
"63","51","61","27.58","59.92","7.1","82.42","sunflower"
"88","44","72","20.85","59.21","6.84","92.24","sunflower"
"74","44","42","26","65.5","6.65","68.05","sunflower"
"64","45","52","24.75","50.73","6.96","59.66","sunflower"
"56","43","63","23.9","67.32","6.66","77.22","sunflower"
"70","57","41","28","59.98","7.47","67.57","sunflower"
"61","46","59","22.9","59.71","7.12","80.06","sunflower"
"72","55","73","25.34","57.59","7.01","75.49","sunflower"
"57","55","60","25.92","58.84","6.76","76.12","sunflower"
"70","47","73","23.78","57.4","6.5","63.89","sunflower"
"90","56","54","24.16","63.26","6.78","86.16","sunflower"
"75","38","62","24.65","70","7.4","72.83","sunflower"
"76","52","66","23.15","65.03","7.5","51.95","sunflower"
"67","37","73","22.24","63.2","6.99","87.3","sunflower"
"54","43","75","22.43","53.43","6.64","70.9","sunflower"
"74","57","74","20.93","64.74","7.15","58.38","sunflower"
"82","41","66","27.22","53.15","7.11","76.19","sunflower"
"68","47","66","21.75","55.59","6.94","100","sunflower"
"72","59","56","24.55","59.3","7.26","70.25","sunflower"
"77","36","58","21.55","51.52","7.48","69.67","sunflower"
"84","50","50","25.79","56.87","7.19","71.2","sunflower"
"80","42","65","22.08","59.17","6.58","67.86","sunflower"
"64","53","69","22.87","65.58","6.89","50","sunflower"
"68","46","64","23.68","63.03","7.04","82.45","sunflower"
"79","41","68","23.05","66.9","7.01","62.28","sunflower"
"79","39","58","25.31","55.12","6.84","93.92","sunflower"
"90","58","61","28","57.95","6.78","67.14","sunflower"
"84","37","54","22.77","57.54","7.13","74.95","sunflower"
"67","35","67","25.54","59.13","7.3","96.98","sunflower"
"67","44","73","23.53","62.98","7.26","81.89","sunflower"
"89","43","64","26.71","64.26","7.03","72.19","sunflower"
"79","37","72","23.87","53.21","6.78","50","sunflower"
"50","48","61","20","65.75","6.71","63.52","sunflower"
"52","43","65","24.74","59.44","6.7","72.35","sunflower"
"58","51","62","24.35","63.87","6.57","68.7","sunflower"
"73","52","57","21.88","59.55","6.95","68.89","sunflower"
"78","38","59","24.56","58.95","7.5","77.4","sunflower"
"65","54","73","27.53","69.16","6.86","50","sunflower"
"75","57","72","23.48","63.53","7.15","66.23","sunflower"
"59","56","60","24.58","63.69","6.5","76.6","sunflower"
"58","47","51","23.26","58.76","7.19","76.74","sunflower"
"81","43","64","23.19","59.77","7.02","57.2","sunflower"
"56","51","57","20.18","58.49","7.21","100","sunflower"
"66","44","61","21.31","58.45","7","65.73","sunflower"
"68","41","50","25.07","63.66","6.92","100","sunflower"
"66","52","74","23.19","55.7","6.92","50","sunflower"
"73","52","68","26.67","62.63","7.18","90.27","sunflower"
"75","48","45","24.08","64.01","7.08","90.69","sunflower"
"67","50","49","24.59","53.98","7.04","58","sunflower"
"50","48","80","26.09","60.18","6.62","50","sunflower"
"58","60","40","21.54","57.66","6.87","65.32","sunflower"
"69","38","59","23.29","65.86","6.69","64.11","sunflower"
"67","51","65","20.69","58.7","7.06","70.27","sunflower"
"64","35","49","22.46","50.04","7.11","59.95","sunflower"
"54","43","41","31.04","64.1","6.34","65.77","sorghum"
"64","37","41","27.12","45","6.84","59.82","sorghum"
"70","37","35","35","51.46","6.72","68.46","sorghum"
"59","46","40","30.86","54.78","7.55","51.25","sorghum"
"63","50","31","32.84","63.05","6.86","56.55","sorghum"
"77","50","31","33.03","53.35","6.83","45.7","sorghum"
"56","48","33","25","55.22","6.91","58.24","sorghum"
"75","41","42","28.47","64.53","6.93","67.39","sorghum"
"78","46","38","29.81","52.72","7.3","42.41","sorghum"
"72","33","29","31.34","60.49","6.84","76.82","sorghum"
"66","42","32","27.89","55.55","6.27","69.5","sorghum"
"50","49","29","27.67","59.15","6.27","62.6","sorghum"
"72","43","30","32.87","67.66","7.03","81.3","sorghum"
"68","37","34","34.68","53.91","7.89","58.15","sorghum"
"79","35","35","26.81","57.77","7.31","69.7","sorghum"
"70","39","47","31.44","70","7.28","40","sorghum"
"87","43","40","31.39","60.08","7.07","40","sorghum"
"82","42","47","27.93","52.54","6.81","40.07","sorghum"
"81","49","32","30.11","55.97","6.55","59.6","sorghum"
"76","50","41","25.83","47.42","6.21","65.51","sorghum"
"67","42","33","34.5","53.77","6.66","64.18","sorghum"
"60","30","40","33.47","63.43","7.26","40","sorghum"
"62","37","35","27.52","50.64","7.53","43.02","sorghum"
"58","43","43","30.19","60.19","7.55","56","sorghum"
"76","46","28","26.34","67.23","7.34","88.8","sorghum"
"61","34","31","28.34","62.3","7.79","40","sorghum"
"50","37","45","25","59.06","6.83","42.16","sorghum"
"80","44","39","25","59.15","6.5","57.44","sorghum"
"82","38","31","26.3","50.96","6.71","71.26","sorghum"
"50","43","39","27.11","51.92","6.37","77.82","sorghum"
"81","31","38","28.93","56.08","7.61","53.51","sorghum"
"71","36","35","28.41","56.98","7.32","72.13","sorghum"
"58","44","37","25","59.89","6.26","77.48","sorghum"
"69","33","33","26.96","63.46","7.01","48.77","sorghum"
"72","38","32","25.47","54.04","6.09","67.06","sorghum"
"56","32","30","31.84","55.88","7.48","51.43","sorghum"
"73","46","36","28.94","55.52","6.66","70.7","sorghum"
"64","41","46","32.32","57.91","7.1","68.65","sorghum"
"74","45","41","29.89","52.77","6.95","47.01","sorghum"
"68","36","49","28.63","46.95","6.37","69.84","sorghum"
"78","36","34","29.98","50","6.36","48.01","sorghum"
"74","33","34","28.19","69.17","7.5","66.15","sorghum"
"66","47","30","27.74","59.1","7.15","64.92","sorghum"
"74","41","34","33.68","67.6","7.4","48.66","sorghum"
"69","41","33","27.84","67.54","6.76","85.37","sorghum"
"67","48","44","25.67","52.9","7.5","92.34","sorghum"
"55","39","25","32.84","56.97","7.37","61.81","sorghum"
"62","49","30","28.22","57.39","7.73","46.04","sorghum"
"53","35","50","27.19","56.54","6.68","59.37","sorghum"
"72","44","29","35","58.99","7.07","61.52","sorghum"
"76","30","38","27.59","45","6.76","57.15","sorghum"
"78","40","40","33.08","64.64","7.37","50.61","sorghum"
"64","48","44","28.02","63.23","6.84","82.94","sorghum"
"90","41","29","31.91","57.22","7.05","72.69","sorghum"
"50","45","32","30.73","58.74","7.15","41.15","sorghum"
"50","46","41","25","63.6","6.51","86.83","sorghum"
"74","32","26","25.78","49.5","7.86","84.32","sorghum"
"63","30","36","31.62","57.42","6.22","73.74","sorghum"
"69","43","33","30.52","54.7","7","83.23","sorghum"
"63","39","29","29.62","56.96","6.53","58.2","sorghum"
"68","37","36","31.09","58.46","6.83","63.61","sorghum"
"69","37","40","31.55","57.96","7.01","44.15","sorghum"
"78","40","44","25.2","62.59","7.17","51.58","sorghum"
"60","36","35","29.87","55.94","6.41","54.58","sorghum"
"72","30","29","35","45","6.24","55.48","sorghum"
"76","44","32","29.4","62.42","7.95","74.21","sorghum"
"76","39","32","28.52","60.41","7.01","71.82","sorghum"
"67","40","34","30.66","52.58","6.2","49.44","sorghum"
"59","39","37","28.24","66.67","6.79","82.06","sorghum"
"56","40","35","35","61.6","7.71","43.84","sorghum"
"83","30","32","27.46","61.4","7.24","68.24","sorghum"
"73","39","36","26.91","62.84","7.22","82.96","sorghum"
"62","43","28","25","64.19","6.59","70.07","sorghum"
"88","36","36","25","58.19","7.04","64.06","sorghum"
"80","44","27","32.18","52.2","6.49","60.59","sorghum"
"74","46","35","31.67","56.38","6.34","71.03","sorghum"
"72","47","38","27.91","54.96","6.64","61.51","sorghum"
"85","41","37","30.05","67.05","7.03","100","sorghum"
"74","41","39","28.23","66.4","6.4","74.19","sorghum"
"56","36","46","25","52.67","7.06","67.53","sorghum"
"73","43","43","28.39","60.94","7.57","73.35","sorghum"
"52","44","27","32.11","50.45","7.09","67.11","sorghum"
"79","40","38","31.31","63.85","6.65","84.8","sorghum"
"75","38","34","25","51.43","7.05","75.93","sorghum"
"63","48","45","30.16","45","6.25","65.57","sorghum"
"70","38","30","29.72","61.56","6.93","60.32","sorghum"
"64","30","36","29.1","48.26","6.69","74.55","sorghum"
"74","42","26","25","50.54","7.55","73.23","sorghum"
"68","44","33","27.76","45.43","6.6","65.09","sorghum"
"57","43","50","31.14","55.64","7.1","60.12","sorghum"
"59","45","41","29.38","58.84","7.16","41.51","sorghum"
"51","38","30","26.38","45","7.37","68.99","sorghum"
"69","44","39","32.72","67.45","6.88","61.55","sorghum"
"71","37","37","35","60.13","6.96","71.12","sorghum"
"67","41","32","25.73","55.81","7.04","68.87","sorghum"
"84","39","45","34.1","57.06","8","49.39","sorghum"
"73","36","36","31.43","65.41","6.93","64.38","sorghum"
"66","36","37","31.08","55.57","6","89.57","sorghum"
"68","36","39","31.26","60.33","7.58","44.6","sorghum"
"50","32","50","29.13","56.2","7.24","76.39","sorghum"
"62","49","37","25","48.84","7.24","86.27","sorghum"
"73","33","39","31.33","51.82","7.63","58.43","sorghum"
"79","38","46","30.7","61.83","6.94","68.75","sorghum"
"69","38","37","25","70","7.17","57.35","sorghum"
"77","45","34","26.76","64.26","7.32","77.96","sorghum"
"74","45","31","28.47","60.34","7.04","61.83","sorghum"
"58","39","33","30.51","58.53","6.22","68.72","sorghum"
"66","35","32","28.6","49.58","6.18","66.38","sorghum"
"67","50","35","31.84","69.27","6.84","40","sorghum"
"88","31","41","30.01","61.37","6.02","64.66","sorghum"
"53","45","27","25","52.27","6.98","84.26","sorghum"
"61","43","31","27.06","53.59","6.94","60.57","sorghum"
"63","30","35","34.62","56.48","7.34","57.89","sorghum"
"63","46","48","26.77","48.54","6.82","68.83","sorghum"
"73","43","33","25.92","57.44","6","60.1","sorghum"
"81","43","28","31.72","48.34","7.14","46.21","sorghum"
"81","38","31","26.26","45","7.67","86.94","sorghum"
"70","30","32","27.88","53.26","6.66","44.97","sorghum"
"69","42","32","29.53","62.87","7.5","79.63","sorghum"
"66","41","31","30.62","62.39","6.89","90.24","sorghum"
"62","41","32","28.48","57.57","6.94","48.72","sorghum"
"87","35","36","31.27","53.87","6.85","47.74","sorghum"
"67","34","42","30.76","65.17","7.43","69.16","sorghum"
"50","38","43","29.21","55.34","7.37","78.35","sorghum"
"63","37","25","25.93","66.55","7.77","69.6","sorghum"
"71","46","32","31.68","65.4","6.95","57.09","sorghum"
"58","35","32","33.06","66.59","6.59","100","sorghum"
"78","33","31","28.48","45","7.21","58.48","sorghum"
"55","43","41","27.32","49.85","6.67","45.98","sorghum"
"53","36","34","25","59.84","7.51","75.23","sorghum"
"65","43","45","29.32","55.6","6.57","45","sorghum"
"52","43","32","28.97","62.24","7.4","69.21","sorghum"
"63","44","26","30.02","63.19","6.99","72.25","sorghum"
"90","34","37","29.77","55.29","7.74","57.53","sorghum"
"85","48","33","28.34","50.8","7.59","66.3","sorghum"
"73","44","45","31.62","68.36","7.39","69.82","sorghum"
"86","40","35","29.8","60.78","6.61","40","sorghum"
"59","40","35","30.85","58.67","7.23","55.53","sorghum"
"59","44","40","29.6","69.88","7.28","66.98","sorghum"
"66","33","34","25","69.95","6.74","69.67","sorghum"
"57","39","39","29.24","57.94","6.83","47.77","sorghum"
"78","39","37","25","56.94","7.3","72.86","sorghum"
"71","38","44","26.08","63.34","7.35","82.81","sorghum"
"85","41","33","30.33","53.85","7.39","85.21","sorghum"
"67","35","42","32.93","60.58","7.78","58.9","sorghum"
"74","37","33","25","70","7.14","71.28","sorghum"
"70","32","27","25","61.77","7.63","59.77","sorghum"
"68","37","39","27.11","58.52","7.67","64.92","sorghum"
"58","42","39","25.38","60.93","6.68","49.75","sorghum"
"73","39","41","27.02","51.62","6.53","66.91","sorghum"
"69","33","48","29.22","59.3","6.5","67.63","sorghum"
"76","42","33","26.43","57.93","6.93","49.18","sorghum"
"84","47","39","28.78","47.56","6.74","67.19","sorghum"
"71","38","29","28.91","57.82","7.74","58.25","sorghum"
"66","30","31","28.7","56.33","6.65","50.68","sorghum"
"76","42","42","29.46","61.32","7.29","57.24","sorghum"
"64","45","29","28.85","46.72","7.03","51.26","sorghum"
"67","39","38","29.7","63.49","6.65","44.11","sorghum"
"63","42","25","26.61","57.51","6.57","41.92","sorghum"
"51","31","35","30.28","63.16","7.35","40.13","sorghum"
"80","32","36","28.72","55.13","6.49","53.08","sorghum"
"78","37","36","31.02","55.44","7.26","84.88","sorghum"
"63","42","33","29.43","46.39","7.38","86.27","sorghum"
"64","41","44","26.74","59.03","6.76","63.52","sorghum"
"63","30","38","30.67","58.91","6.55","71.58","sorghum"
"70","30","27","27.11","53.66","6.81","60.19","sorghum"
"64","37","42","28.31","57.14","7.12","77.31","sorghum"
"75","43","33","34.55","49.35","7.25","63.81","sorghum"
"68","35","47","26.7","49.35","7.1","40","sorghum"
"61","32","46","28.73","49.48","7.39","63.52","sorghum"
"72","50","36","31.89","52.82","6.88","66.85","sorghum"
"70","35","39","25","53.89","6.97","42.12","sorghum"
"69","43","42","30.6","57.3","6.44","54.59","sorghum"
"73","36","35","33.96","53.12","6.82","64.17","sorghum"
"63","36","31","33.49","52.77","6.64","68.35","sorghum"
"60","40","41","26.07","54.01","6.88","75.34","sorghum"
"86","36","44","29.69","46.79","6.71","42.08","sorghum"
"50","43","44","30.29","54.66","6.89","52.88","sorghum"
"69","47","40","25.8","58.31","6.69","52.73","sorghum"
"70","35","40","27.96","57.9","7.01","66.59","sorghum"
"75","37","46","32.71","67.41","7.87","60.73","sorghum"
"64","30","32","25","62.08","8","58.95","sorghum"
"80","44","35","26.25","49.48","7.68","55.2","sorghum"
"83","44","41","29.34","58.45","6.78","75.88","sorghum"
"62","45","40","30.17","58.44","6.05","72.42","sorghum"
"64","43","47","28.04","60.47","7.11","72.84","sorghum"
"87","40","41","26.3","53.25","7.03","70.2","sorghum"
"69","35","42","33.88","55.78","6.85","66.88","sorghum"
"74","40","33","31.44","46.19","6.48","63.67","sorghum"
"69","40","40","27.7","48.78","6.99","72.3","sorghum"
"62","35","35","35","59.87","7.24","83.31","sorghum"
"64","32","28","30.96","62.2","7.44","58.9","sorghum"
"60","34","39","29.95","56.11","6.96","73.13","sorghum"
"53","30","42","26.76","66.71","7.6","55.52","sorghum"
"68","31","37","30.2","57.44","7.74","86.66","sorghum"
"78","42","30","28.05","53.84","6.97","54.94","sorghum"
"82","41","43","32.12","60.78","6.42","80.35","sorghum"
"75","43","37","26.57","53.51","6.04","46.84","sorghum"
"75","38","38","30.15","59.18","7.93","50.36","sorghum"
"80","31","34","33.14","51.3","6.8","93.02","sorghum"
"63","38","25","30.16","63.91","6.08","70.61","sorghum"
"75","38","27","25","63.63","7.13","63.5","sorghum"
"78","31","32","25","49.33","6.69","41.93","sorghum"
"74","37","31","33.31","53.76","7.11","81.79","sorghum"
"62","38","35","29.29","45.67","7.16","51.73","sorghum"
"69","46","34","26.65","58.88","6.81","63.08","sorghum"
"71","43","37","27.41","57.37","6.84","81.26","sorghum"
"69","36","49","27.95","60.05","7.02","89.25","sorghum"
"51","38","39","26.37","57.86","7.45","69.47","sorghum"
"70","46","39","28.89","58.52","6.99","73.35","sorghum"
"71","41","25","27.82","55.83","7.21","50.15","sorghum"
"63","39","31","29.68","61.16","7.15","70.84","sorghum"
"55","38","32","29.71","53.02","7.94","40.53","sorghum"
"88","36","34","32.91","51.72","6.79","80.22","sorghum"
"69","38","40","28.91","56.65","6.79","100","sorghum"
"80","31","32","31.81","55.08","6.62","67.14","sorghum"
"70","40","35","30.47","51.15","6.83","40","sorghum"
"67","33","27","25.39","57.58","6.48","93.9","sorghum"
"63","48","36","31.36","46.34","6.31","52.53","sorghum"
"69","33","46","26.22","50.17","7.38","79.7","sorghum"
"62","38","34","27.23","58.57","7.29","67.23","sorghum"
"66","48","46","29.08","63.91","6.35","73.65","sorghum"
"61","36","36","28.19","60.19","6.95","75.04","sorghum"
"87","46","44","29.82","60.82","6.83","60.56","sorghum"
"63","44","34","26.94","54.25","7.04","66.16","sorghum"
"66","38","30","32.32","62.81","6.45","93.97","sorghum"
"77","40","31","25","69.51","7.56","40","sorghum"
"84","35","34","31.56","70","7.07","73.84","sorghum"
"73","43","44","27.58","64.97","7.36","63.47","sorghum"
"74","40","29","25.9","51.98","7.32","74.01","sorghum"
"66","41","43","28.08","55.72","7.42","66.07","sorghum"
"60","44","29","25.75","67.07","7.31","68.41","sorghum"
"76","43","42","26.35","62.28","7.04","60.9","sorghum"
"77","44","38","26.56","62.25","6.68","64.99","sorghum"
"56","50","34","25","62.32","7.73","51.98","sorghum"
"64","44","41","25","61.34","6.48","100","sorghum"
"60","42","43","27.37","51.46","6.93","68.38","sorghum"
"81","44","29","28.06","53.02","8","80.82","sorghum"
"66","33","44","25","54.77","7.71","40.5","sorghum"
"50","44","35","32.02","59.69","6.59","64.24","sorghum"
"56","30","32","26.58","54.63","7.11","40","sorghum"
"50","43","31","25.65","53.51","6.78","61.66","sorghum"
"66","32","39","33.99","62.4","6.46","60.03","sorghum"
"70","33","40","25","59.12","7.26","72.29","sorghum"
"58","42","35","27.21","55.82","7.6","57.93","sorghum"
"89","31","38","30.96","60.36","7.28","52.4","sorghum"
"66","42","41","30.87","54.87","6.83","99.97","sorghum"
"57","50","40","26.59","50.55","7.61","66.85","sorghum"
"62","32","35","27.56","62.28","6.98","55.06","sorghum"
"79","44","32","33.21","58.53","7.49","81.14","sorghum"
"66","34","33","29.76","58.67","6","89.37","sorghum"
"70","40","34","29.02","65.23","7.03","73","sorghum"
"62","41","39","30.23","60.69","6.94","61.66","sorghum"
"54","32","28","29.22","58.19","7.31","73.61","sorghum"
"51","41","36","31.6","64.35","6.64","49.28","sorghum"
"60","42","40","33.86","50.81","6.74","60.22","sorghum"
"73","45","34","27.09","55.66","7.2","62.35","sorghum"
"66","46","29","33.63","57.04","6.47","70.94","sorghum"
"79","40","44","32.04","54.24","7.5","62.83","sorghum"
"79","42","35","31.85","57.94","6.97","40","sorghum"
"58","33","45","32.9","70","7.06","83.85","sorghum"
"80","42","34","32.05","62.49","6.53","47.64","sorghum"
"69","41","34","33.61","48.64","7.07","50.42","sorghum"
"66","30","40","27.88","61.19","7.05","45.17","sorghum"
"68","39","36","28.23","70","6.9","44.82","sorghum"
"61","33","39","31.1","45","6.65","40","sorghum"
"60","36","38","32.01","58.12","6.25","59.56","sorghum"
"61","35","36","29.12","68.61","7.02","73.18","sorghum"
"50","37","40","28.3","56.66","6.62","48.5","sorghum"
"70","42","34","28.57","60.83","7.1","91.85","sorghum"
"68","37","29","25.24","57.96","6.97","77.32","sorghum"
"80","37","25","31.16","54.02","6.82","48.44","sorghum"
"81","46","41","31.33","50.55","6.33","66.09","sorghum"
"56","48","50","30.09","66.23","7.28","51.99","sorghum"
"64","37","39","26.49","50.89","6.53","55.76","sorghum"
"60","50","29","26.14","52.76","7.19","55.31","sorghum"
"50","50","34","29.14","57.42","7.51","66.13","sorghum"
"53","44","34","25.52","53.61","6.55","60.38","sorghum"
"67","34","41","28.39","70","6.71","40","sorghum"
"50","31","45","27.22","54.16","7.79","79.74","sorghum"
"63","40","34","28.54","64.7","6.74","64.12","sorghum"
"71","40","36","29.46","66.12","6.59","64.59","sorghum"
"72","32","38","31.8","58.08","7.63","73.07","sorghum"
"85","34","30","28.07","57.55","7.45","67.61","sorghum"
"61","36","43","33.82","45.57","7.25","44.35","sorghum"
"77","49","28","28.43","56.59","7.31","52.87","sorghum"
"69","48","37","29.63","64.61","7.38","62.39","sorghum"
"57","49","33","28.88","55.71","6.09","56.52","sorghum"
"63","42","49","30.79","64.74","6.59","71.38","sorghum"
"68","44","38","25","64.32","6.36","44.86","sorghum"
"50","30","39","32.48","57.1","6.54","80.49","sorghum"
"73","43","35","25","68.36","7.09","59.15","sorghum"
"58","39","45","29.05","48.93","6.91","94.29","sorghum"
"67","36","41","28.89","62.41","7.3","88.08","sorghum"
"70","30","35","31.09","56.69","6.67","91.71","sorghum"
"90","43","37","30.55","59.13","7.62","53.33","sorghum"
"69","38","41","28.91","62.73","6.99","69.26","sorghum"
"74","41","40","30.58","70","7.62","42.65","sorghum"
"66","40","42","26.42","58.07","6.87","65.18","sorghum"
"72","44","40","26.22","57.56","6.64","83.71","sorghum"
"60","35","35","26.4","60.72","6.73","97.64","sorghum"
"77","49","27","25.47","70","6.7","63.51","sorghum"
"90","44","39","26.8","70","7.81","40","sorghum"
"50","46","37","32.71","59.26","6.98","55.72","sorghum"
"74","43","37","31.08","58.52","6.89","49.84","sorghum"
"70","36","39","31.66","53.94","7.3","62.64","sorghum"
"62","30","37","25","57.93","7.36","52.59","sorghum"
"61","46","44","27.69","53.92","7.46","61.72","sorghum"
"60","48","30","28.39","56.23","6.77","55.62","sorghum"
"70","42","49","25.72","58.11","7.14","42.18","sorghum"
"64","34","28","29","62.51","6.86","59","sorghum"
"58","44","37","31.82","66.98","7.13","71.06","sorghum"
"73","43","45","32.25","66.45","7.36","89.69","sorghum"
"61","35","48","28.58","70","8","72.27","sorghum"
"71","41","42","30.92","61.22","7.16","52.08","sorghum"
"65","35","37","26.14","56.03","6.85","49.29","sorghum"
"70","50","39","25","47.19","7.36","47.71","sorghum"
"72","30","31","35","61.07","6.61","63.66","sorghum"
"65","31","43","30.64","66.32","7.16","75.41","sorghum"
"64","45","40","32.72","55.74","6.75","63.34","sorghum"
"68","35","36","31.48","62.4","6.44","57.55","sorghum"
"67","31","38","27.83","64.53","7.01","65.86","sorghum"
"56","43","28","30.79","56.77","6.04","68","sorghum"
"66","42","41","28.91","46.64","7.42","57.02","sorghum"
"77","36","34","25","60.27","6.2","71.65","sorghum"
"76","44","35","32.41","45","6.02","64.22","sorghum"
"60","40","42","29.9","62.45","6.37","78.75","sorghum"
"78","45","40","32.23","55.22","7.09","65.49","sorghum"
"64","42","41","27.22","60.15","6.76","41.98","sorghum"
"78","38","31","30.76","66.81","7.46","51.29","sorghum"
"65","30","34","29.85","60.9","6.77","82.89","sorghum"
"76","47","25","30.16","58.69","7.78","67.31","sorghum"
"68","33","42","27.5","58.35","7.41","42.41","sorghum"
"57","43","43","25","47.81","6","77.64","sorghum"
"83","40","32","26.18","52.66","6.98","85.59","sorghum"
"76","34","44","31.06","52.39","7","47.79","sorghum"
"57","40","43","28","53.48","7.01","70.68","sorghum"
"51","31","38","27.9","58.11","6.8","68.44","sorghum"
"62","46","36","25","49.42","7.76","74.35","sorghum"
"72","32","30","28.64","56.53","6.74","73.83","sorghum"
"63","42","43","30.6","51.48","6.92","54.6","sorghum"
"63","42","32","32.01","45.65","6.89","52.39","sorghum"
"79","33","33","30.75","59.77","7.05","62.59","sorghum"
"72","37","35","29.34","67.55","6.61","86.2","sorghum"
"61","36","28","28.46","59.87","7.22","51.28","sorghum"
"77","41","36","27.85","47.98","6.89","73.04","sorghum"
"67","48","41","27.62","70","7.09","40.84","sorghum"
"60","47","33","33.61","50.71","6","52.66","sorghum"
"84","30","26","30.08","54.89","6.68","73.4","sorghum"
"56","31","36","26.73","62.98","6.9","55.66","sorghum"
"67","35","43","27.28","62.07","6.82","59.45","sorghum"
"85","42","26","33.58","50.48","6.16","61.87","sorghum"
"78","42","39","31.83","55.4","7.68","58.55","sorghum"
"58","42","35","29.69","45","6.75","53.8","sorghum"
"82","33","34","33.94","65.57","6.57","40","sorghum"
"62","36","40","29.04","67.06","7.05","40.52","sorghum"
"67","33","34","31.69","55.39","6.33","69.48","sorghum"
"66","42","45","30.93","59.92","7.02","70.22","sorghum"
"68","48","25","27.27","70","7.49","46.04","sorghum"
"50","44","35","29.49","48.33","6.2","60.16","sorghum"
"59","43","38","30.05","45","7.22","70.08","sorghum"
"61","43","34","28.58","61.48","6.86","78.89","sorghum"
"65","39","45","30.98","56.91","7.34","62.84","sorghum"
"70","47","40","34.62","55.68","6.87","40.57","sorghum"
"74","44","33","25.41","61.36","7.22","78.41","sorghum"
"82","38","25","30.99","54.09","7.15","57.56","sorghum"
"75","43","35","26.68","55.04","6.91","48.75","sorghum"
"66","46","38","27.72","54.2","6.97","55.45","sorghum"
"83","48","31","25","52.63","6.43","79.39","sorghum"
"79","43","38","25","61.27","7.43","51.4","sorghum"
"73","35","31","31.02","64.78","7.65","90.49","sorghum"
"55","31","39","34.12","49.84","7.2","51.48","sorghum"
"74","40","37","25","56.9","6.79","60.68","sorghum"
"53","41","35","26.6","53.25","7.47","52.68","sorghum"
"70","30","37","27.52","56.98","7.07","57","sorghum"
"85","47","31","26.23","55.57","7.31","64.54","sorghum"
"67","38","39","28.22","57.56","6.54","82.81","sorghum"
"72","47","40","28.9","59.4","6.36","79.65","sorghum"
"79","39","34","29.33","50.56","6.87","76.49","sorghum"
"65","37","46","27.79","59.03","7.37","67.81","sorghum"
"68","33","46","25","56.58","6.9","54.88","sorghum"
"68","39","50","33.7","59.37","6.59","65.45","sorghum"
"80","40","29","27.8","54.85","7.67","51.4","sorghum"
"68","37","46","28.81","59.31","6.73","78.34","sorghum"
"77","34","35","29.16","52.16","7.35","56.22","sorghum"
"50","45","34","31.17","52.92","6.89","78.39","sorghum"
"67","30","42","32.09","45","6.98","61.07","sorghum"
"75","41","29","33.05","62.5","6.55","57.21","sorghum"
"82","45","44","25","59.89","7.12","71.42","sorghum"
"66","47","48","29.69","61.21","6.37","64.84","sorghum"
"59","30","38","25.74","59.34","7.15","40","sorghum"
"73","50","35","33.71","60.11","7.26","61.95","sorghum"
"61","37","39","29.66","53.67","6.06","50.16","sorghum"
"76","43","31","27.52","60.29","6.29","78.41","sorghum"
"67","30","32","29.81","58.79","7.1","60.96","sorghum"
"67","41","38","25","70","7.53","70.39","sorghum"
"75","47","32","30.89","55.63","6.54","77.89","sorghum"
"83","41","34","29.87","50.99","6.48","43.44","sorghum"
"59","45","34","34.61","62.45","7.64","60.44","sorghum"
"62","43","25","30.57","59.96","7.96","62.88","sorghum"
"53","45","35","32.27","55.28","7.5","56.4","sorghum"
"78","39","25","29.17","59.1","6.49","80.02","sorghum"
"86","34","25","29.03","66.48","7.08","73.42","sorghum"
"77","31","25","30.34","48.23","6.48","82.61","sorghum"
"69","45","39","28.35","53.04","7.88","40","sorghum"
"63","50","41","26.79","52.34","7.36","65.49","sorghum"
"66","47","43","34.48","58.4","7.18","49.09","sorghum"
"75","45","28","32.17","57.08","7.04","40.41","sorghum"
"69","50","29","25.45","49.23","6.5","83.71","sorghum"
"74","34","28","34.08","57.31","6.94","83.99","sorghum"
"69","39","34","26.73","45.74","6","60.82","sorghum"
"65","30","50","33.55","67.51","6.79","59.58","sorghum"
"71","40","29","28.21","56.46","7.52","71.42","sorghum"
"65","43","35","35","51.21","7.13","65.57","sorghum"
"75","36","30","29.12","55.12","7.2","66.36","sorghum"
"70","39","31","25.2","50.79","7.47","100","sorghum"
"71","46","35","32.05","55.71","6.7","84.82","sorghum"
"54","44","36","30.71","57.83","6.55","74.14","sorghum"
"61","35","47","25","50.11","6.71","49.23","sorghum"
"50","46","39","28.5","57.4","7.07","47.96","sorghum"
"65","40","44","32.47","53.75","6.92","40.18","sorghum"
"77","30","47","26.17","60.28","7.17","84.55","sorghum"
"53","48","41","25","53.86","7.56","69.74","sorghum"
"63","50","32","29.47","58.76","6.83","40","sorghum"
"70","40","29","25","57.72","6.31","58.02","sorghum"
"66","40","45","27.79","52.14","6.03","61.26","sorghum"
"62","44","38","30.12","66.22","7.63","72.06","sorghum"
"72","41","48","27.04","56.47","6.26","61.75","sorghum"
"81","34","35","28.93","56.91","6.87","44.66","sorghum"
"79","38","25","25.7","53.94","6.91","87.4","sorghum"
"66","42","31","32.79","58.17","6.77","73.39","sorghum"
"75","42","36","33.24","55.48","6.55","92.02","sorghum"
"75","37","46","27.96","49.8","6.74","75.96","sorghum"
"77","34","39","30.42","50.68","6.62","51.56","sorghum"
"75","43","38","25","59.39","6.96","94.77","sorghum"
"53","41","29","27.95","49.42","7.13","61.34","sorghum"
"64","44","39","30.6","56.19","6","71.23","sorghum"
"72","44","50","25.48","59.03","6.52","70.09","sorghum"
"50","41","35","27.64","54.3","6.67","50.04","sorghum"
"59","40","43","27.8","56.89","6.46","84.99","sorghum"
"59","38","33","32.92","51.92","6.55","80.09","sorghum"
"62","42","36","27.02","67.09","7.41","80.88","sorghum"
"74","36","35","25.17","52.2","6.48","41.1","sorghum"
"69","30","39","27.8","58.58","6.88","83.11","sorghum"
"65","50","37","26.45","60.35","7.61","62.63","sorghum"
"68","36","43","30.87","56.71","6.27","56.86","sorghum"
"75","50","34","27.83","57.95","6.92","50.89","sorghum"
"78","41","38","29.8","63.88","7.23","100","sorghum"
"65","40","41","31.68","45.92","6","46.13","sorghum"
"61","41","41","27.28","63.47","6.72","75.85","sorghum"
"67","36","33","27.9","59.09","7","71.67","sorghum"
"72","43","29","25","68.04","6.65","57.03","sorghum"
"66","40","26","30.65","63.95","6.39","87.87","sorghum"
"68","40","31","25.08","56.11","7.15","81.66","sorghum"
"76","34","34","33.94","60.07","7.76","83.74","sorghum"
"67","36","29","25","47.83","7","66.6","sorghum"
"76","46","29","32.07","57.6","7.2","53.62","sorghum"
"75","34","34","25","53.94","7.53","79.05","sorghum"
"55","49","38","31.63","59.55","6.12","82.07","sorghum"
"70","50","30","27.68","57.27","7.04","81.59","sorghum"
"69","41","31","26.28","67.91","7.14","46.82","sorghum"
"67","48","26","29.74","57.29","7.69","66.18","sorghum"
"54","36","26","25","47.2","6.72","64.6","sorghum"
"74","44","34","26.69","55.72","6.97","68.94","sorghum"
"68","47","42","29.74","45","7.04","60.36","sorghum"
"78","46","30","28.02","56.79","6.43","73.11","sorghum"
"52","41","42","31.48","55.24","7.5","56.89","sorghum"
"74","39","33","30.08","60.09","7.06","57.44","sorghum"
"72","30","31","32.42","58.69","7.3","74.36","sorghum"
"68","33","33","28.29","57.38","6.62","51.13","sorghum"
"59","38","38","33.86","57.1","7.17","88.93","sorghum"
"81","30","34","27.66","63.46","6.75","89.79","sorghum"
"80","50","25","35","70","6.93","60.56","sorghum"
"65","42","33","33.64","58.16","6.56","60.44","sorghum"
"89","38","40","30.57","55.46","6.99","41.41","sorghum"
"69","41","39","27.89","54.97","7.45","52.7","sorghum"
"69","35","29","33.15","50.41","6.74","61.13","sorghum"
"58","40","37","28.94","62.08","7.22","67.21","sorghum"
"80","44","48","27.08","57.02","7.24","59.1","sorghum"
"73","44","28","31.6","59.81","7.41","74.74","sorghum"
"74","32","29","29.01","57","6.06","64.76","sorghum"
"86","44","32","31.69","56.35","6.79","62.6","sorghum"
"67","35","30","28.67","55.44","6.37","43.22","sorghum"
"68","40","37","27.93","54.71","7.28","61.65","sorghum"
"77","42","32","26.59","57.36","6.71","51.52","sorghum"
"50","39","41","28.52","52.22","6.62","58.09","sorghum"
"54","47","33","28.35","64.78","6.43","66.66","sorghum"
"72","42","34","29.79","61.1","6.92","72.66","sorghum"
"62","38","41","32.16","57.42","6.46","63.82","sorghum"
"64","43","28","29.03","57.33","7.26","52.31","sorghum"
"63","38","50","31.72","67.45","6.67","81.91","sorghum"
"77","43","28","27.11","63.56","6.56","43.9","sorghum"
"64","39","37","30.25","51.7","7.16","72.61","sorghum"
"74","47","36","27.62","63.11","7.48","80.99","sorghum"
"83","39","29","31.72","53.13","6.56","75.2","sorghum"
"65","43","48","32.51","57.62","7.33","67.48","sorghum"
"65","30","32","27.96","64.96","7.01","59.53","sorghum"
"69","39","39","28.67","64.87","6.97","68.12","sorghum"
"67","45","50","28.78","53.52","6.77","76.58","sorghum"
"57","36","28","33.75","67.84","7.91","40.69","sorghum"
"72","36","36","30.23","56.76","7.57","85.76","sorghum"
"76","35","31","34.47","65.36","6.74","64","sorghum"
"50","36","35","31.09","54.52","7.51","73.67","sorghum"
"65","41","32","29.87","64.49","7","84.54","sorghum"
"76","44","38","31.4","45.74","6.53","75.2","sorghum"
"62","30","33","30.55","49.89","6.8","72.71","sorghum"
"85","46","38","30.81","49.96","7.1","58.65","sorghum"
"68","42","44","33.64","56.13","6.81","62.1","sorghum"
"73","41","30","28.87","54.64","7.17","45.89","sorghum"
"59","35","39","26.99","59.31","6.23","74.16","sorghum"
"61","48","26","27.95","59.07","7.4","81.55","sorghum"
"73","49","28","27.48","63.43","7.12","43.07","sorghum"
"76","45","30","28.67","60.41","7.13","68.97","sorghum"
"77","30","41","25","64.57","6.33","40","sorghum"
"52","42","39","31.77","59.91","6.95","44.55","sorghum"
"76","45","44","32.6","56.71","6.88","71.37","sorghum"
"50","32","33","25.84","56.2","6.95","85.64","sorghum"
"58","37","35","25","53.16","6.43","98.37","sorghum"
"75","41","27","25.4","63.91","7.48","69.94","sorghum"
"85","39","29","31.63","51.34","6.66","68.71","sorghum"
"65","44","33","26.09","45","7.56","74.4","sorghum"
"62","36","42","35","57.3","6.75","71.28","sorghum"
"63","42","26","32.19","51.03","7.08","56.36","sorghum"
"71","33","35","33.69","57.49","6.5","66.69","sorghum"
"81","35","40","29.44","65.05","7.62","63.95","sorghum"
"68","44","31","29.75","57.08","6.46","88.15","sorghum"
"68","31","37","27.7","55.86","7.45","61.34","sorghum"
"68","41","39","29.09","56.42","6.84","76.17","sorghum"
"61","33","41","34.17","58.97","6.96","81.41","sorghum"
"79","50","37","25.73","55.15","7.45","76.45","sorghum"
"66","38","42","34.89","53.11","6.65","62.36","sorghum"
"60","46","31","32.52","64.84","6.2","51.35","sorghum"
"69","40","32","28.14","60.98","8","62.56","sorghum"
"73","50","40","27.85","55.07","6.69","63.24","sorghum"
"61","50","31","32.26","45","7.32","63.66","sorghum"
"57","35","28","31.53","61.17","7.79","80.01","sorghum"
"84","44","38","32.74","45","6.35","68.48","sorghum"
"70","37","33","30.53","63.82","6.48","83.5","sorghum"
"69","36","38","25.07","45","8","64.1","sorghum"
"69","30","34","26.87","64.54","7.19","60.03","sorghum"
"67","38","44","29.99","59.09","6.3","42.53","sorghum"
"61","47","33","30.59","47.24","7.32","56.11","sorghum"
"59","37","40","29.46","46.23","6.54","44.4","sorghum"
"64","43","31","29.3","63.48","7.02","87.34","sorghum"
"80","41","42","25.6","56.05","6.52","75.74","sorghum"
"65","37","43","31.31","58.82","6.39","68.21","sorghum"
"66","34","40","27.72","52.55","6.42","65.17","sorghum"
"78","38","42","28.16","57.76","7.01","83.83","sorghum"
"77","44","30","29.25","62.54","7.29","45.26","sorghum"
"72","41","39","28.42","59.25","7.99","59.45","sorghum"
"77","39","32","27.08","53.88","6.66","57.14","sorghum"
"74","33","40","28.01","51.96","7.43","61.86","sorghum"
"81","35","28","31.15","47.92","7.66","83.98","sorghum"
"73","49","39","29.18","50.41","6.91","48.66","sorghum"
"60","48","25","27.88","60.24","7.27","64.04","sorghum"
"80","50","26","31.26","54.03","6.59","68.11","sorghum"
"68","44","29","29.77","57.65","6.96","53.52","sorghum"
"68","46","40","29.15","64.42","7.36","53.23","sorghum"
"66","46","47","29.46","58.22","7.58","75.37","sorghum"
"80","33","36","27.72","52.51","6.76","75.37","sorghum"
"68","32","48","32.4","66.24","6.95","78.06","sorghum"
"74","41","47","32.64","64.33","7.67","40","sorghum"
"59","31","30","26.33","56.67","6.92","52.2","sorghum"
"81","44","37","28.33","55.78","7.43","42.49","sorghum"
"71","38","47","31.44","61.78","7.63","69.76","sorghum"
"69","37","25","27.71","59.01","6.14","48.31","sorghum"
"60","33","33","29.03","70","6.54","58.71","sorghum"
"67","30","25","25.69","61.1","6.48","59.63","sorghum"
"67","40","41","33.28","54.28","7.5","50.16","sorghum"
"69","30","44","27.36","60.9","6.69","61.97","sorghum"
"54","41","29","27.71","52.51","6.6","45.06","sorghum"
"69","43","34","35","67.78","6.67","50.19","sorghum"
"80","39","42","33.24","59.63","8","58.35","sorghum"
"69","31","38","28.36","66.03","6.87","63.05","sorghum"
"88","50","33","32.37","45","7.16","84.67","sorghum"
"86","30","38","25.96","51.91","6.5","77.95","sorghum"
"75","42","38","35","62.73","7.8","76.17","sorghum"
"74","32","34","31.75","60.17","6.97","71.74","sorghum"
"69","34","38","25","46.59","7.21","76.35","sorghum"
"68","38","40","27.06","55.2","7.05","61.58","sorghum"
"76","32","35","27.58","54.96","6.31","66.15","sorghum"
"53","50","47","29.3","56.78","6.97","71.98","sorghum"
"71","34","28","28.02","49.48","6.73","65.83","sorghum"
"75","44","43","29.41","54.52","7.11","57.99","sorghum"
"76","46","39","27.56","59.09","6.95","81.95","sorghum"
"90","41","37","28.61","55.78","7.29","44.45","sorghum"
"73","42","31","28.25","57.5","6.74","78","sorghum"
"70","38","43","25","67.79","7.14","55.08","sorghum"
"67","42","32","28.21","57","7.68","63.64","sorghum"
"70","32","32","27.85","54.56","6.97","54.21","sorghum"
"61","50","37","29.9","57.07","7.29","83.84","sorghum"
"68","41","27","28.8","48.63","7.25","54.55","sorghum"
"73","45","25","31.06","62.42","7.38","61.53","sorghum"
"81","37","28","28.58","57.19","6.91","78.87","sorghum"
"63","45","26","25","60.52","7.92","70.1","sorghum"
"56","33","29","32.38","59.46","6.7","64.23","sorghum"
"67","37","41","28.69","56.14","7.08","83.53","sorghum"
"65","30","32","27.44","61.33","7.02","68.33","sorghum"
"72","44","43","26.24","50.97","7.48","60.51","sorghum"
"60","42","25","30.72","63.84","7.88","45.68","sorghum"
"79","30","30","29.03","65.06","6.76","57.44","sorghum"
"62","43","35","26.29","61.99","7.45","40","sorghum"
"70","36","32","29.28","63.03","7.23","56.56","sorghum"
"71","30","38","33.72","50.39","7.34","65.75","sorghum"
"54","45","39","25","64.65","7.46","45.85","sorghum"
"54","43","31","27.51","59.91","7.46","57.38","sorghum"
"51","50","40","29.92","53.12","6.84","57.06","sorghum"
"63","36","33","30.59","51.05","7.08","64.56","sorghum"
"60","40","32","27.95","56.1","7.45","74.37","sorghum"
"72","40","39","27.74","52.26","7.25","63.35","sorghum"
"58","35","33","32.79","65.23","7.43","71.61","sorghum"
"75","35","31","25","67.82","6.39","83.96","sorghum"
"66","50","30","28.29","47.26","6.55","52.39","sorghum"
"64","37","26","29.63","53.31","6.96","49.99","sorghum"
"67","38","42","32.2","55.96","6.32","65.08","sorghum"
"59","44","48","25.91","51.05","7.01","43.66","sorghum"
"81","44","35","29.45","55.15","6.76","55.67","sorghum"
"66","33","35","32.29","62.16","6.73","67.34","sorghum"
"50","40","26","25.2","57.12","6.92","64.3","sorghum"
"62","41","42","27.99","51.76","7.76","59.07","sorghum"
"74","45","40","26.22","58.38","7.15","78.67","sorghum"
"74","42","32","26.64","51.93","7.16","69.58","sorghum"
"50","36","32","34.8","63.25","6.92","69.89","sorghum"
"88","39","40","27.87","59.02","7.12","68.84","sorghum"
"53","47","35","33.7","45","7.52","100","sorghum"
"73","36","25","29.67","60.83","6.64","57.93","sorghum"
"88","39","29","25","51.28","6.54","57.72","sorghum"
"69","35","44","30.27","53.67","6.78","57.12","sorghum"
"79","50","45","26.03","64.26","7.64","42.38","sorghum"
"67","43","33","28.26","62.1","6.88","52.16","sorghum"
"69","42","35","25","65.76","6.8","77.5","sorghum"
"50","44","25","35","52.99","7.65","90.35","sorghum"
"63","43","36","30.8","64.08","7.05","62.4","sorghum"
"57","44","42","30.94","66.01","7.35","70.4","sorghum"
"81","42","37","28.69","64.27","7.49","72.22","sorghum"
"57","47","39","28.14","62.79","6.49","58.25","sorghum"
"75","37","46","30.14","46.25","6.64","75.76","sorghum"
"50","38","41","31.29","59.85","6.3","57.94","sorghum"
"71","46","35","31.97","50.88","6.77","78.44","sorghum"
"75","43","31","28.71","56.34","6.12","82.31","sorghum"
"84","50","45","31.96","54.61","7.89","40.75","sorghum"
"65","36","40","31.61","52.44","7.32","81.36","sorghum"
"67","47","42","30.81","49.65","7.09","54.71","sorghum"
"88","38","35","30.94","64.46","7.41","45.33","sorghum"
"59","38","25","33.4","60.99","6.77","55.79","sorghum"
"61","37","37","30.21","68.33","7.12","100","sorghum"
"66","37","41","26.23","58.79","7.32","45.97","sorghum"
"54","30","25","25.92","54.98","6.32","54.29","sorghum"
"75","34","38","26.82","63.13","7.25","79.2","sorghum"
"52","41","35","27.41","47.38","6.39","63.3","sorghum"
"75","39","42","31.27","55.07","6.6","66.03","sorghum"
"77","40","36","25","48.01","6.92","56.39","sorghum"
"55","30","30","25","50.82","6.35","62.61","sorghum"
"63","37","35","25","55.37","6.87","40.12","sorghum"
"57","41","35","29.87","57.21","6.84","81.51","sorghum"
"90","43","37","28.46","50.88","6.58","59.32","sorghum"
"81","30","35","28.41","53.94","6.19","68.55","sorghum"
"73","42","34","25.1","56.18","6.99","64.32","sorghum"
"73","44","44","31.3","52.42","7.59","51.09","sorghum"
"70","48","38","31.2","52.32","6.74","40","sorghum"
"75","44","38","30.37","51.24","7.73","76.09","sorghum"
"84","33","40","26.75","52.18","7.09","87.25","sorghum"
"82","34","28","26.43","56.24","7.48","71.77","sorghum"
"62","35","31","25.52","58.1","7.17","67.3","sorghum"
"76","50","33","29.57","45.92","7.73","68.43","sorghum"
"57","30","39","32.95","61.48","7.33","79.35","sorghum"
"78","42","49","35","70","7.45","62.87","sorghum"
"68","41","32","30.25","53.9","7.34","80.89","sorghum"
"66","37","35","30.96","50.31","6.21","61.61","sorghum"
"76","36","43","30.73","67.28","6.54","85.08","sorghum"
"57","39","45","27.76","57.26","7.41","59.81","sorghum"
"52","32","33","25.52","48.35","7.38","40","sorghum"
"75","38","38","27.71","54.25","7.61","71.47","sorghum"
"57","45","44","31.68","67.01","6.44","81.62","sorghum"
"73","33","41","30.78","47.9","6.42","40","sorghum"
"58","47","46","30.69","45","6.49","88.42","sorghum"
"75","42","39","31.8","57.6","7.42","49.78","sorghum"
"82","41","38","29.25","58.85","7.18","72.59","sorghum"
"75","34","37","29.22","56.98","6.42","91.46","sorghum"
"57","35","41","27.26","49.83","6.99","62.96","sorghum"
"73","44","28","28.88","59.32","7.06","84.31","sorghum"
"50","42","36","26.99","51.9","6.62","55.79","sorghum"
"74","44","33","28.4","62.24","6.25","63.21","sorghum"
"79","49","35","29.24","56.2","7.91","78.01","sorghum"
"74","31","28","27.75","58.34","7.14","72.84","sorghum"
"50","35","35","33.25","51.12","7.76","58.67","sorghum"
"67","38","50","32.51","66.08","6.34","72.32","sorghum"
"57","41","40","27.71","49.84","7.68","56.23","sorghum"
"60","30","29","26.66","52.26","6.84","86.92","sorghum"
"50","33","44","25.01","69.22","7.14","70.2","sorghum"
"50","41","35","30.06","55.34","6","53.9","sorghum"
"69","40","42","26.22","57.33","7.69","79.13","sorghum"
"81","33","44","28.02","65.89","6.65","54.82","sorghum"
"90","46","28","31.03","54.8","7.33","66.94","sorghum"
"90","35","28","26.03","66.84","7.1","40","sorghum"
"61","40","32","30.16","52.95","8","64.21","sorghum"
"64","41","46","29.47","47.4","7.27","64.69","sorghum"
"70","44","31","31.57","62.89","7.11","57.1","sorghum"
"57","30","31","35","58.32","6.36","56.29","sorghum"
"85","42","33","25","64.96","6.89","50.64","sorghum"
"87","37","37","31.46","53.11","7.36","50.88","sorghum"
"60","39","27","25","62.93","6.55","50.28","sorghum"
"62","50","31","30.64","46.48","6.8","67.75","sorghum"
"57","38","40","26.21","61.76","6.51","47.73","sorghum"
"68","47","30","31.29","61.56","6.24","47.47","sorghum"
"60","45","31","28.98","57.22","7.19","57.01","sorghum"
"90","30","32","27.14","47.98","6.78","80.19","sorghum"
"65","46","43","30.86","53.54","6.69","91.86","sorghum"
"64","49","32","26.94","55.93","7.15","76.12","sorghum"
"77","39","47","26.11","52.66","7.08","47.28","sorghum"
"86","44","44","28.3","57.71","6.39","63.56","sorghum"
"81","45","33","29.8","65.97","6.74","72.15","sorghum"
"59","43","33","31.14","59.6","7.52","59.48","sorghum"
"52","39","34","29.18","53.48","7.33","79.42","sorghum"
"63","50","47","30.21","62.77","6.62","49.15","sorghum"
"75","38","31","29.19","63.36","7.27","75.23","sorghum"
"70","43","43","31.06","64.66","7.45","57.33","sorghum"
"80","41","41","27.67","65.73","6.85","63.82","sorghum"
"71","32","29","28.71","63.78","8","66.32","sorghum"
"52","30","34","30.59","45.24","6.52","56.09","sorghum"
"65","31","27","30.02","55.09","7.01","57.06","sorghum"
"79","38","31","32.6","59.3","6.43","67.16","sorghum"
"52","47","29","26.51","54.31","6.68","40","sorghum"
"72","41","33","27.01","60.35","7.45","73.71","sorghum"
"64","42","34","32.6","56.48","6.18","54.11","sorghum"
"73","43","38","30.01","46.76","7.91","51.41","sorghum"
"64","48","32","34.75","47.57","6.91","53.24","sorghum"
"77","34","47","33.55","60.7","6.44","54.82","sorghum"
"64","42","38","30.31","57.95","7.26","61.95","sorghum"
"62","38","38","29.84","65.21","7.03","56.49","sorghum"
"72","43","35","31.87","51.69","7.51","63.71","sorghum"
"62","46","30","25","55.51","6.94","40","sorghum"
"64","30","32","30.5","63.06","7.52","86.6","sorghum"
"89","45","37","28.4","67.37","7","66.25","sorghum"
"67","39","36","27.69","60.87","7.43","68.16","sorghum"
"89","50","32","33.63","59.04","6.81","86.42","sorghum"
"55","31","31","26.62","56.96","6.9","40","sorghum"
"54","35","29","25","60.58","6.85","48.74","sorghum"
"61","41","34","30.24","60.97","7.19","41.98","sorghum"
"55","40","49","25","51.83","6.95","97.52","sorghum"
"65","34","43","26.51","50.68","7.7","48.62","sorghum"
"74","30","33","30.01","51.83","7.98","47.78","sorghum"
"79","30","35","28.43","60.33","7.05","52.71","sorghum"
"59","36","31","28.89","54.65","6.93","50.04","sorghum"
"75","45","48","31.03","61.09","6","51.81","sorghum"
"86","40","41","30.02","45","6.62","89.7","sorghum"
"59","37","31","30.56","63.56","6.86","52.22","sorghum"
"66","42","32","27.87","56.72","6.15","41.54","sorghum"
"54","41","43","29.42","57.75","7.76","75.03","sorghum"
"76","39","37","28.93","51.07","6.89","68.78","sorghum"
"66","40","39","29.54","59.37","6.64","53.42","sorghum"
"58","46","40","26.21","53.77","7.15","71.73","sorghum"
"58","50","32","32.98","63.69","7.01","46.33","sorghum"
"70","37","44","27.89","51.12","7.43","69.33","sorghum"
"70","34","29","32.87","53.03","7.21","62.96","sorghum"
"79","33","41","29.37","58.43","6","74.94","sorghum"
"62","46","36","28.9","55.75","7.13","48.8","sorghum"
"80","38","39","31.17","52.05","7.89","61.88","sorghum"
"68","40","39","27.99","69.34","7.65","55.7","sorghum"
"64","38","40","26.96","55.6","7.23","59.69","sorghum"
"62","39","39","26.37","58.36","6.47","53.46","sorghum"
"71","50","25","34.83","51.35","7.03","60.28","sorghum"
"56","46","45","28.77","56.18","7.82","73.31","sorghum"
"89","44","43","32.24","56.57","7.06","76.81","sorghum"
"60","45","36","25.39","53.29","7.43","66.16","sorghum"
"69","37","31","31.44","48.89","7.56","69.42","sorghum"
"51","30","40","26.15","66.92","6.36","40","sorghum"
"85","45","42","31.44","67.77","7.22","74.77","sorghum"
"61","49","41","25.49","57.11","6.52","82.66","sorghum"
"73","41","28","25.7","60.67","7.14","49.45","sorghum"
"59","39","36","34.03","60.54","6.77","55.23","sorghum"
"61","32","30","33.23","50.58","6.54","70.71","sorghum"
"73","40","39","25.39","57.5","7.01","71.17","sorghum"
"73","42","32","31.07","54.41","7.18","50.78","sorghum"
"69","41","39","31.71","60.56","6.54","91.3","sorghum"
"78","40","29","33.03","57.54","6.78","62.25","sorghum"
"69","36","34","31.14","55.35","7.14","46.19","sorghum"
"87","50","39","31.58","65.74","6.88","77.87","sorghum"
"60","37","31","32.16","59.64","7.76","57.33","sorghum"
"56","35","32","35","61.33","6.62","50.85","sorghum"
"57","47","36","29.68","65.63","7.78","94.05","sorghum"
"56","44","32","29","61.69","6.16","64.79","sorghum"
"74","41","35","25.67","57.89","7","48.83","sorghum"
"69","30","42","31.86","55.14","6.67","81.11","sorghum"
"55","40","42","33.43","61.02","7.48","53.07","sorghum"
"81","38","33","25.9","61.76","6","69.39","sorghum"
"82","47","41","25","46.39","8","74.04","sorghum"
"75","39","38","33.17","54.32","6.87","87.1","sorghum"
"68","37","36","35","57.79","7","55.34","sorghum"
"72","42","28","25","70","6.84","71.88","sorghum"
"75","36","47","25","56.6","6.77","58.62","sorghum"
"75","35","49","27.05","63.79","6.39","57.86","sorghum"
"77","42","34","33.54","49.13","6.79","64.6","sorghum"
"61","45","37","32.76","66.31","7.42","52.68","sorghum"
"64","38","26","28.11","57.23","6.75","78.41","sorghum"
"72","43","34","33.11","59.54","7.71","71.77","sorghum"
"79","37","30","27.48","54.32","7.39","67.86","sorghum"
"57","42","29","31.76","64.96","7.19","69.54","sorghum"
"86","46","43","30.36","55.23","7.35","61.55","sorghum"
"62","47","29","28.98","57.79","7.75","72.49","sorghum"
"82","42","31","27.34","60.36","6.68","56.54","sorghum"
"90","48","31","31.57","52.03","7.18","86.56","sorghum"
"87","50","33","27.62","56.38","6.97","60.59","sorghum"
"88","30","40","25","55.62","6.87","52.03","sorghum"
"88","47","41","25","64.4","6.88","69.35","sorghum"
"59","30","38","25.54","52","7.24","58.03","sorghum"
"69","36","28","25.05","64.22","6.72","41.37","sorghum"
"50","40","31","25.93","56.75","6.35","63.05","sorghum"
"71","39","48","26.64","61.77","7.26","78.66","sorghum"
"63","41","35","29.95","60.85","7.22","62.72","sorghum"
"75","37","34","32.04","67.38","6.83","52.02","sorghum"
"70","41","36","29.79","55.86","6.85","76.58","sorghum"
"69","30","39","28.48","53.78","6.25","82","sorghum"
"55","48","42","32.23","48.06","7.48","64.37","sorghum"
"83","45","27","30.93","56.47","6.98","50.86","sorghum"
"52","31","36","28.78","65.57","7.14","68.76","sorghum"
"50","37","35","28.04","57.71","6.17","45.32","sorghum"
"61","43","35","29.53","51.66","7.27","53.07","sorghum"
"66","40","41","34.07","60.28","6.11","67.85","sorghum"
"56","30","30","26.37","52.48","6.28","53.39","sorghum"
"80","45","38","31.28","63.44","6.62","48.51","sorghum"
"61","40","43","26.76","55.07","7.55","41.17","sorghum"
"81","43","43","27.21","59.61","6","77.24","sorghum"
"68","40","25","26.41","57.46","6.3","72.69","sorghum"
"70","48","41","28.17","58.37","7.19","64.94","sorghum"
"61","36","32","26.31","50.5","6.54","68.96","sorghum"
"83","36","39","28.77","48.11","6.94","40","sorghum"
"58","49","39","30.7","45.27","7.22","40","sorghum"
"77","34","36","32","57.76","6","54.92","sorghum"
"82","39","28","31.22","70","7.03","62.17","sorghum"
"68","31","38","28.16","63.99","6.63","66.6","sorghum"
"58","43","40","28.9","54.89","6.42","75.05","sorghum"
"58","45","34","30.95","62.96","6.62","62.85","sorghum"
"70","49","30","27.66","64.91","7.05","63.43","sorghum"
"71","44","36","27.51","48.76","7.7","60.29","sorghum"
"59","41","49","25.85","45","6.75","53.64","sorghum"
"86","33","31","26.62","59.79","7.36","64.29","sorghum"
"76","45","40","30.62","46.29","7.38","91.88","sorghum"
"75","39","30","30.83","58.65","6.48","40.97","sorghum"
"77","34","28","32.08","57.73","6.9","89.03","sorghum"
"59","46","36","26.9","54.22","6.1","56.86","sorghum"
"63","42","38","28.85","53.88","6.14","87.74","sorghum"
"72","36","37","35","56.42","7.1","79.37","sorghum"
"66","36","28","26.3","55.34","6.32","69.69","sorghum"
"72","38","39","32.81","67.64","6.76","62.02","sorghum"
"71","33","32","28.58","45","6.98","40","sorghum"
"81","38","45","26.7","62.71","7.55","54.14","sorghum"
"65","35","50","30.31","50.04","6.57","88.04","sorghum"
"71","36","42","33.53","49.65","7.02","58.28","sorghum"
"78","45","44","29.67","61.41","7.39","40","sorghum"
"73","35","33","31.37","57.43","7.48","61.51","sorghum"
"64","36","34","25.1","46.8","7.45","74","sorghum"
"53","30","35","26.26","51.58","7.32","91.53","sorghum"
"50","50","37","29.47","56.64","6.54","53.91","sorghum"
"70","44","37","27.31","53.7","7","42.98","sorghum"
"83","32","40","27.32","49.56","7.56","82.49","sorghum"
"71","39","35","27.64","45","6.88","62.27","sorghum"
"90","44","38","25","65.48","7.35","53.33","sorghum"
"78","47","36","25","62.92","7.59","67.61","sorghum"
"58","35","25","27.97","66.91","8","65.31","sorghum"
"71","35","32","28.18","55.67","6.34","40","sorghum"
"78","30","33","27.93","51.6","8","45.67","sorghum"
"65","43","40","28.69","55.92","6.88","78.03","sorghum"
"50","33","42","33.07","56.28","6.82","65.04","sorghum"
"64","38","50","31.28","59.67","7.58","41.45","sorghum"
"67","40","43","32.45","54.18","7.56","54.42","sorghum"
"78","36","41","29.55","55.69","7.15","74.97","sorghum"
"76","34","30","28.79","63.87","6.38","76.35","sorghum"
"60","41","36","33.46","62.04","7.59","64.66","sorghum"
"51","50","30","29.93","56.77","6.86","86.75","sorghum"
"63","41","25","31.84","64.35","7.07","65.21","sorghum"
"68","50","43","25","56.56","6.31","60.11","sorghum"
"77","44","37","27.79","66.05","6.42","71.64","sorghum"
"67","37","33","30.55","49.52","7.06","40","sorghum"
"55","41","27","29.96","58.49","6.77","79.74","sorghum"
"71","43","30","25.84","64.04","6.54","68.73","sorghum"
"50","36","40","31.81","49.48","7.43","73.6","sorghum"
"71","38","33","26.89","61.42","6","40","sorghum"
"57","45","47","30.24","59.25","7.92","54.17","sorghum"
"78","30","36","25.51","57.06","6.76","59.01","sorghum"
"70","43","32","27.91","54.56","7.67","69.79","sorghum"
"64","34","32","25","50.18","7.13","50.55","sorghum"
"50","40","46","31.15","62.83","7.37","79.96","sorghum"
"72","42","46","28.36","57.19","7.64","93.16","sorghum"
"51","50","41","35","54.97","6.85","80.52","sorghum"
"50","35","32","28.29","58.68","7.69","81.77","sorghum"
"69","38","44","32.6","48.17","6.76","59.91","sorghum"
"66","44","25","26.3","57.31","6.52","71.52","sorghum"
"59","48","43","31.47","55.27","7.37","84.99","sorghum"
"59","39","31","25.39","58.54","6.88","89.02","sorghum"
"72","43","25","26.72","57.7","7.83","80.3","sorghum"
"75","34","40","31.21","49.76","7.72","70.82","sorghum"
"60","42","34","28.27","47.22","6.44","74.3","sorghum"
"89","41","30","28.33","54.85","6.81","58.19","sorghum"
"77","41","33","25","65.91","6.03","67.74","sorghum"
"76","35","40","27.97","55.06","6.66","47.91","sorghum"
"64","35","31","28.52","61.27","6.63","64.13","sorghum"
"77","42","38","25.09","62.68","7.17","61.65","sorghum"
"75","42","37","25.42","53.98","7.38","71.36","sorghum"
"69","45","41","31.57","60.1","7.23","60.36","sorghum"
"61","39","32","30.22","54.6","7.24","63.32","sorghum"
"64","44","25","31.64","55.09","7.43","75.27","sorghum"
"74","42","44","25","59.45","7.07","53.65","sorghum"
"72","36","37","31.44","53.42","6.76","65.59","sorghum"
"86","33","26","31.23","57.32","6.57","56.86","sorghum"
"61","44","27","30.27","60.72","6.46","56.51","sorghum"
"62","36","29","28.97","57.92","7.66","73.16","sorghum"
"55","38","28","28.98","50.39","6.52","59.41","sorghum"
"73","41","28","31.33","56.3","7.6","58.34","sorghum"
"69","45","29","29.86","56.15","6.3","60.51","sorghum"
"63","41","36","30.32","62.86","7.06","68.8","sorghum"
"85","45","36","27.09","57.77","7.12","43.44","sorghum"
"71","48","46","27.43","55.88","6.3","50.26","sorghum"
"56","40","40","30.38","57.81","6.34","53.48","sorghum"
"69","40","41","25.12","56.04","6.94","72.48","sorghum"
"73","50","38","29.38","56.94","6.54","68.97","sorghum"
"78","36","29","32.74","47.17","7.04","83.13","sorghum"
"80","50","27","25","52.62","6.91","57.61","sorghum"
"75","39","40","28.1","69.26","7.15","62.6","sorghum"
"58","39","31","25.94","54.49","7.46","52.18","sorghum"
"56","35","32","32.57","54.66","6.67","74.93","sorghum"
"56","39","27","29.43","45.88","7.04","70.06","sorghum"
"68","42","38","27.63","62.02","7.43","67.33","sorghum"
"72","40","30","33.11","61.01","6.75","54.57","sorghum"
"58","38","27","26.79","57.12","6.12","73.94","sorghum"
"86","41","33","27.8","53.76","7.56","55.92","sorghum"
"88","44","34","35","57.6","6.8","66.23","sorghum"
"63","40","42","29.82","47.29","7.4","62.07","sorghum"
"79","37","44","31.33","54.16","7.41","66.2","sorghum"
"80","37","34","25.22","52.62","7.51","79.8","sorghum"
"50","39","27","26.18","58.55","7.16","56.91","sorghum"
"69","39","27","28.37","62.64","6.72","77.97","sorghum"
"67","30","36","27.84","52.01","7.57","84.05","sorghum"
"57","30","35","26.38","58.29","6.42","56.95","sorghum"
"62","37","39","31.5","69.5","6.81","42.22","sorghum"
"78","32","35","31.3","56.24","6.44","51.46","sorghum"
"50","45","28","28.19","66.03","7.03","82.9","sorghum"
"73","39","48","35","54.37","6.58","80.24","sorghum"
"79","50","44","29.82","54.57","7.3","83.84","sorghum"
"62","45","43","25","58.79","6.82","60.58","sorghum"
"67","49","44","28.25","46.37","7.25","82.93","sorghum"
"75","34","44","32.49","53.88","7.29","40","sorghum"
"57","39","30","32.35","52.04","6.38","76.9","sorghum"
"64","43","37","27.45","49.57","6.38","66.7","sorghum"
"50","37","37","28.44","52.54","8","59.43","sorghum"
"65","37","45","27.87","69.09","6.65","87.07","sorghum"
"53","39","50","32.85","57.53","6.92","63.62","sorghum"
"80","45","25","30.93","50.69","6.96","71.4","sorghum"
"71","37","41","30.1","52.46","7.44","70.41","sorghum"
"80","37","34","28.14","46.92","6.88","56.67","sorghum"
"52","50","39","29.4","55.29","7.48","69.05","sorghum"
"61","50","34","28.06","55.94","7.38","48.52","sorghum"
"68","40","41","29.35","60.83","6.96","80.78","sorghum"
"81","42","35","30.34","53.42","7.23","59.87","sorghum"
"59","44","34","29.11","64.08","6.87","72.88","sorghum"
"68","50","46","31.22","52.44","7.21","69.46","sorghum"
"74","44","49","29.73","47.81","6.61","45.05","sorghum"
"53","43","29","28.92","59.52","6.02","40","sorghum"
"65","37","32","25","47.98","7.78","42.66","sorghum"
"70","45","36","25","54","7.79","49.25","sorghum"
"81","41","25","27.57","49.33","7.08","76.45","sorghum"
"71","43","25","29.73","58.46","7.23","60.28","sorghum"
"77","34","40","28.35","45","6.74","77.36","sorghum"
"57","44","45","33.22","54.4","6.61","67.08","sorghum"
"61","39","25","30.17","53.3","7.15","45.65","sorghum"
"66","39","37","25.13","56.37","6.42","65.06","sorghum"
"87","30","47","26.69","66.09","7.24","83.37","sorghum"
"56","39","32","29.46","60.33","6.81","68.44","sorghum"
"58","38","36","28.76","51.68","7.13","45.57","sorghum"
"62","39","36","26.13","49.53","7.18","43.8","sorghum"
"71","44","39","27.62","61.1","7.09","65.59","sorghum"
"70","38","42","26.94","52.61","6.05","60.86","sorghum"
"63","36","31","30.77","56.62","7.33","57.14","sorghum"
"71","37","25","30.01","52.31","6.4","73.63","sorghum"
"54","38","40","25","51.82","7.24","85.58","sorghum"
"75","30","44","26.24","63.5","6.77","68.47","sorghum"
"65","30","33","30.16","62.6","7.47","51.66","sorghum"
"77","49","25","25","66.72","6.2","42.52","sorghum"
"68","35","48","31.77","56.8","6.43","74.4","sorghum"
"50","34","38","29.73","56.05","6","75.73","sorghum"
"62","38","32","31.27","57.33","7.49","40","sorghum"
"53","36","37","28.54","59.5","6.48","46.48","sorghum"
"50","46","40","32.11","65","6.74","75.09","sorghum"
"65","50","35","27.81","52.86","6.89","74.07","sorghum"
"50","50","32","30.4","62.74","6.79","40","sorghum"
"82","34","37","29.26","62.3","7.05","76.39","sorghum"
"58","43","38","25.43","56.03","6.78","56.35","sorghum"
"68","37","44","27.34","60.88","7.31","65.28","sorghum"
"80","38","25","29.54","55.47","6.98","74.8","sorghum"
"69","39","29","35","64.34","6.25","40","sorghum"
"54","37","39","27","56.43","7.38","54.17","sorghum"
"71","49","41","26.99","61.17","6.37","43.6","sorghum"
"74","43","42","30.64","45","6.66","77.81","sorghum"
"50","39","39","32.27","53.23","6.66","57.49","sorghum"
"80","38","37","29.09","57.81","6.8","82.24","sorghum"
"62","36","44","25.36","54.11","6.22","81.86","sorghum"
"66","50","35","35","52.39","7.08","88.29","sorghum"
"73","45","40","33.12","65.87","6","65.17","sorghum"
"73","43","33","26.02","67.13","7.25","43.93","sorghum"
"56","50","31","29.8","50.17","7.29","40","sorghum"
"74","33","38","31.23","53.49","7.07","66.68","millet"
"53","34","31","25","53.35","6.18","36.6","millet"
"65","41","36","29.38","47.39","7.92","52.38","millet"
"51","27","37","32.96","53.03","6.32","42.41","millet"
"47","29","32","30.25","50.78","8.2","76.3","millet"
"50","33","39","32.66","57.21","7.93","80","millet"
"45","36","33","28.05","52.16","7.8","46.59","millet"
"40","33","40","28.07","58.54","6.68","64.27","millet"
"57","20","44","31.92","50.79","8.2","59.46","millet"
"40","44","25","28.57","58.41","8.13","50.09","millet"
"53","30","40","30.3","53.83","8","34.94","millet"
"49","27","27","28.84","50.06","6.46","30","millet"
"44","23","37","29.46","52.23","6.32","65.7","millet"
"67","31","39","25.99","45.92","6.55","45.56","millet"
"49","29","36","33.24","46.21","6.9","41.15","millet"
"59","29","32","27.64","45.86","6.96","54.22","millet"
"60","21","41","26.04","57.79","7.37","47.2","millet"
"49","26","48","30.66","48.78","7.56","38.79","millet"
"40","45","34","28.85","43.66","7.13","80","millet"
"61","29","32","30.51","55.77","6.64","67.85","millet"
"50","30","33","30.47","61.86","7.68","54.59","millet"
"64","31","34","28.59","50.57","7.42","37.62","millet"
"55","30","43","26.99","44.52","7.61","30","millet"
"51","25","34","28.93","50.4","6.01","36.33","millet"
"51","29","44","31.87","61.44","7.7","50.18","millet"
"64","30","36","26.23","56.7","6.74","62.72","millet"
"59","33","37","25","49.87","7.34","59.76","millet"
"68","40","41","29.72","53.05","7.52","49.56","millet"
"69","33","43","28.92","51.13","7.01","50.42","millet"
"55","31","45","30.89","59.77","7.03","59.51","millet"
"53","32","35","29.17","47.25","6.29","45.92","millet"
"68","32","32","33.63","55.98","7.8","67.59","millet"
"47","29","41","34.04","53.47","8.2","46.09","millet"
"65","31","31","33.24","50.05","7","62.55","millet"
"65","45","34","32.53","54.25","7.59","49.03","millet"
"55","30","40","29.12","45.63","7.15","55.05","millet"
"53","36","36","28.06","55.82","7.53","42.53","millet"
"75","25","42","30.22","53.6","7.12","67.12","millet"
"52","34","31","31.72","46.92","6.92","53.75","millet"
"59","27","38","28.71","56.05","6.61","50.98","millet"
"54","26","34","29.59","42.77","6.07","48.66","millet"
"55","26","45","29.61","63.59","6.74","38.55","millet"
"45","22","35","29.12","54.32","6.68","49.74","millet"
"57","32","38","25","51.27","7.51","58.9","millet"
"69","28","46","25","48.02","6.29","56.03","millet"
"58","33","37","29.49","48.66","7.39","61.87","millet"
"62","41","26","25.98","53.26","6.94","56.44","millet"
"59","33","50","34.22","55.44","7.02","51.71","millet"
"58","37","29","25","53.62","7.46","36.87","millet"
"53","31","37","26.24","51.95","7.24","64.6","millet"
"53","33","35","29.37","50.9","8.2","30.97","millet"
"73","35","38","35","56.99","7.27","39.39","millet"
"51","24","31","31.25","54.47","8.2","54.43","millet"
"53","27","32","28.64","40.11","6.7","52.45","millet"
"54","31","25","34.5","47.74","6.69","66.79","millet"
"47","28","50","35","60.61","6.91","43.47","millet"
"49","26","36","31.88","57.83","7.14","59.69","millet"
"58","33","39","32.85","59.07","7.2","30","millet"
"57","26","31","30.53","52.99","6.89","37.08","millet"
"59","41","30","30.24","46.74","6.76","59.59","millet"
"52","27","42","30.04","48.73","6.23","56.97","millet"
"47","31","33","30.2","53.95","7.17","52.86","millet"
"49","29","31","25.55","41.09","7.52","58.64","millet"
"69","39","35","25","61.06","7.39","48.23","millet"
"50","26","25","28.51","55.78","7.93","58","millet"
"47","34","38","25.45","49.24","7.66","45.93","millet"
"55","26","30","30.85","45.41","6.26","63.32","millet"
"51","35","31","25.36","52.34","7.07","73.49","millet"
"59","40","35","25.17","45.22","7.17","30","millet"
"68","31","42","25.01","40","7.12","50.34","millet"
"60","35","35","26.96","49.86","6.5","34.61","millet"
"65","37","43","31","54.28","6.59","40.05","millet"
"52","32","31","32.1","47.08","7.24","63.71","millet"
"57","38","36","33.58","53.81","7.2","64.43","millet"
"50","31","28","30.82","54.21","7.53","59.3","millet"
"52","30","43","29.79","48.21","6.8","44.74","millet"
"54","31","39","29.09","61.08","7.11","80","millet"
"64","36","46","32.39","52.54","6.55","72.06","millet"
"48","32","32","25","61.69","6.48","39.55","millet"
"49","30","50","33.05","53.83","7.24","31.64","millet"
"70","26","39","34.19","42.82","6.57","33.03","millet"
"63","45","28","28.26","59.89","7.22","62.83","millet"
"60","20","27","30.95","56.94","7.1","32.29","millet"
"58","25","42","30.2","51.81","7","37.03","millet"
"60","35","32","27.49","54.32","6.49","45.94","millet"
"71","34","43","26.07","51.94","7.21","40.72","millet"
"52","34","36","25","53.35","7.16","45.89","millet"
"54","34","38","32.6","51.96","7.1","30","millet"
"64","20","36","29.41","46.96","7.12","37.36","millet"
"49","40","31","30.8","45.14","7.3","72.77","millet"
"57","29","39","25.02","62.93","7.06","53.47","millet"
"50","22","37","31.83","56.56","6.06","62.63","millet"
"40","26","44","30.55","40.59","7.33","56.11","millet"
"40","39","50","35","49.21","6.65","30","millet"
"57","35","43","29.16","49.16","6.84","47.66","millet"
"53","26","41","31.23","54.64","7.8","30","millet"
"55","36","30","25","56.76","7.23","33.7","millet"
"49","25","30","32.27","49.51","7.01","79.17","millet"
"55","36","44","28.61","47.88","7.49","45.92","millet"
"58","31","42","29.57","58.56","7.5","35.68","millet"
"51","25","39","25.33","51.22","7.45","52.7","millet"
"66","34","28","31.45","58.82","7.65","33.97","millet"
"52","27","40","31.79","58.7","7.09","32.54","millet"
"46","30","27","30.25","48.36","7.1","79.65","millet"
"55","24","44","33.42","53.49","7.3","67.4","millet"
"51","30","38","25.94","45.26","6.88","53.57","millet"
"42","29","36","34.08","60.76","6.81","59.13","millet"
"56","25","50","29.43","52.4","6.64","41.26","millet"
"48","36","37","29.28","45.14","6.66","59.2","millet"
"66","37","46","31.15","53.91","7.48","38.14","millet"
"55","40","32","25.22","42.94","6.38","68.15","millet"
"58","40","27","29.62","47.9","7.36","47.88","millet"
"56","37","39","29.79","50.38","6.5","38.06","millet"
"40","37","29","27.64","61.03","7.5","31.85","millet"
"52","40","30","32.36","57.34","7.57","35.54","millet"
"53","29","40","30.38","47.86","7.01","53.96","millet"
"59","35","32","29.55","55.69","7.4","30","millet"
"64","40","40","32.53","49.2","7.88","59.88","millet"
"60","31","25","33.34","52.77","6.28","45.03","millet"
"66","34","30","29.42","55.48","7.82","64.5","millet"
"61","27","33","35","53","7.05","59.73","millet"
"57","38","30","30.61","49.98","7.18","30","millet"
"52","44","37","35","59.56","7.42","49.34","millet"
"51","30","38","31.6","57.45","6.92","30","millet"
"71","24","31","29.21","49.81","7.15","30","millet"
"55","40","36","31.8","45.19","7.4","37.35","millet"
"65","33","40","29.15","51.51","7.46","36.6","millet"
"61","41","34","25","58.83","6.94","41.69","millet"
"50","36","33","30.83","47.42","7.6","65.85","millet"
"43","24","49","31.05","57.6","6.46","36.36","millet"
"60","32","38","27.08","49.19","8.2","56.28","millet"
"60","23","29","30.73","52.33","6.07","69.06","millet"
"52","24","30","29.67","43.49","6.92","52.94","millet"
"51","44","40","35","55.99","7.7","30","millet"
"62","34","42","31.07","54.17","6.6","30","millet"
"59","33","46","28.22","55.61","7.31","59.68","millet"
"52","34","40","31.7","55.69","7.56","45.47","millet"
"54","24","28","32.6","41.7","7.37","49.05","millet"
"42","32","39","33.34","56.91","6.93","63.62","millet"
"41","33","36","29.3","57.82","7.22","56.57","millet"
"62","20","32","27.95","59.66","6.94","57.48","millet"
"47","24","45","32.07","54.18","6.58","35.57","millet"
"69","30","32","33.17","51.53","7.52","53.37","millet"
"58","36","46","26.78","56.2","6.85","64.58","millet"
"54","42","38","28.13","54.01","7.7","63.63","millet"
"61","33","26","31.67","54.36","6.8","35.29","millet"
"62","30","37","34.65","58.88","7.19","51.03","millet"
"54","30","30","29.54","57.54","7.63","53.72","millet"
"51","34","50","34.23","44.9","6.81","51.37","millet"
"45","45","41","25.9","54.88","6.04","30","millet"
"74","41","46","27.03","46.38","7.22","30","millet"
"52","33","45","31.48","61.53","6.9","47.61","millet"
"53","32","30","28.26","40.75","7.13","50.82","millet"
"43","32","44","32.73","54.71","7.3","55.73","millet"
"54","38","44","27.84","42.95","7.49","39.19","millet"
"49","33","33","27.29","52.78","7.65","45.86","millet"
"56","24","36","25.69","43.92","7.3","30","millet"
"45","29","28","28.06","59.45","6.99","38","millet"
"47","39","36","33.45","55.7","6.7","45.96","millet"
"59","35","30","30.62","54.88","6.81","55.11","millet"
"73","29","40","27.08","42.08","6.96","62.87","millet"
"54","31","50","27.17","63.81","7.32","30","millet"
"51","41","38","33.26","54.28","7.05","48.61","millet"
"67","21","26","26.39","55.59","7.04","55.1","millet"
"60","32","42","29.38","55.15","7.56","34.55","millet"
"58","27","50","27.61","51.4","7.15","61.14","millet"
"66","45","36","28.01","40","7.65","51.95","millet"
"52","32","33","31.5","49.72","6.7","37.66","millet"
"62","31","45","28.88","54.23","7.25","40.05","millet"
"65","35","32","28.82","48.06","6.64","46.48","millet"
"54","35","34","34.39","51.79","7.18","55.95","millet"
"66","35","34","28.45","51.13","7.66","56.06","millet"
"55","32","38","30.14","44.29","7.42","66.77","millet"
"48","37","39","35","62.26","6.61","45.32","millet"
"59","33","30","32.64","60.07","7.37","38.8","millet"
"48","36","36","27.61","47.4","6.7","43.4","millet"
"55","33","31","31.15","48.66","7.59","37.96","millet"
"54","29","39","32.07","59.52","7.24","53.23","millet"
"42","35","30","30.44","47.89","6.18","80","millet"
"53","33","42","31.28","55.24","7.24","46.5","millet"
"51","29","42","25","47.95","6.58","71.25","millet"
"62","25","43","30.65","58.59","7.1","54.45","millet"
"69","33","40","35","62.76","6.51","45.82","millet"
"65","43","31","33.56","57.42","7.19","39.03","millet"
"54","29","40","31.68","52.48","7.61","37.3","millet"
"40","35","46","31.74","50.65","7.26","63.11","millet"
"61","32","39","31.4","41.76","7.3","42.54","millet"
"59","25","34","28.74","54.23","6.59","63.22","millet"
"60","27","37","32.7","52.86","7.16","64.15","millet"
"62","38","39","31.11","52.03","7.73","56.75","millet"
"43","37","31","34.77","61.4","7.03","41.71","millet"
"65","38","38","27.62","48.49","6.88","66.17","millet"
"57","41","26","35","53.37","7.74","53.87","millet"
"49","32","25","25.67","64.38","6.52","38.71","millet"
"55","31","35","32.01","62.19","7.96","70.74","millet"
"64","25","34","28.19","49.87","7.02","36.19","millet"
"52","32","26","31.8","60.02","7.13","50.92","millet"
"60","24","33","30.67","47.18","7.02","50.71","millet"
"56","44","50","25.68","40.55","7.76","54.22","millet"
"63","39","41","29.02","51.71","7.15","68.68","millet"
"54","34","40","30.24","58.43","7.14","35.02","millet"
"61","29","37","30.6","51.34","6.87","61.06","millet"
"61","36","43","27.13","62.61","6.87","37.75","millet"
"64","38","41","25.5","51.15","7.05","51.83","millet"
"51","31","32","28.72","55.98","8.04","80","millet"
"50","31","28","29.76","55.78","6.97","30.33","millet"
"71","37","36","32.8","50.27","7.43","55.65","millet"
"66","34","43","30.72","46.25","7.33","64.86","millet"
"47","31","41","27.74","58.81","7.16","51.33","millet"
"62","28","37","29.15","51.52","7.08","71.38","millet"
"52","25","37","35","54.07","6.42","49.22","millet"
"67","29","42","27.47","50.98","7.12","31.29","millet"
"49","39","40","30.77","57.11","7.31","49.06","millet"
"61","30","39","32.93","40","7.41","30","millet"
"48","32","44","31.95","42.64","6.96","63.61","millet"
"50","33","44","31.44","50.76","7.85","53.32","millet"
"53","42","42","33.26","55.63","7.24","45.65","millet"
"50","34","38","32.08","49.42","7.36","32.29","millet"
"74","31","33","28.82","47.63","6.98","55.04","millet"
"53","38","35","29.33","51.11","7.74","50.17","millet"
"55","38","31","25","47.82","7.53","30","millet"
"50","28","25","29.49","56.2","6.44","53.73","millet"
"51","37","45","26.09","54.07","6.87","57.55","millet"
"60","36","41","25.46","62.78","6.4","32.07","millet"
"57","30","41","35","48.06","6.48","30.13","millet"
"56","24","35","31.76","55.36","6.85","33.89","millet"
"52","34","34","29.92","54.25","7.12","58.02","millet"
"57","31","41","35","53.06","6.69","50.36","millet"
"48","37","32","31.85","56.37","7.85","38.1","millet"
"43","27","42","28.67","48.36","6.93","69.71","millet"
"58","40","28","28.48","56.44","7.67","57.25","millet"
"59","36","40","29.78","50.3","7.05","42.97","millet"
"67","38","43","29.72","56.79","7.02","45.65","millet"
"62","30","34","30.69","57.31","7.54","43.34","millet"
"40","27","34","28.92","53.78","7.41","55.49","millet"
"63","34","45","31.04","49.71","7.89","55.83","millet"
"69","27","42","30.57","43.98","7.98","63.15","millet"
"59","40","31","26.87","40.78","6.74","45.81","millet"
"57","35","25","26.97","57.12","6.94","61.32","millet"
"48","36","38","28.44","48.02","6.36","47.74","millet"
"44","22","33","30.46","58","6.74","30","millet"
"62","30","32","26.44","42.4","7.74","50.8","millet"
"56","33","36","25.72","46.8","7.48","70.45","millet"
"52","31","32","27.41","53.88","6.72","65.61","millet"
"65","20","35","29.66","50.96","7.1","51.56","millet"
"67","34","36","27.82","48.7","7.88","49.33","millet"
"40","32","35","29.19","45.01","7.92","63.51","millet"
"63","38","35","31.83","47.91","7.62","33.86","millet"
"61","32","38","29.84","59.76","7.82","59.12","millet"
"50","43","25","26.83","53.6","6.19","46.99","millet"
"62","25","30","29.29","41.75","7.79","55.85","millet"
"62","32","41","28.58","58.74","8.04","30","millet"
"54","37","33","27.92","42.7","6.56","57.05","millet"
"58","36","31","29.2","47.97","6.81","50.93","millet"
"50","20","25","28.55","57.34","6.85","49.91","millet"
"61","36","32","30.26","54.07","8.1","63.25","millet"
"48","24","25","26.57","65","6.72","51.17","millet"
"60","40","34","34.97","54.01","6.77","46.09","millet"
"66","34","33","29.19","59.45","7.39","30.17","millet"
"69","29","32","30.21","60.27","6.99","49.92","millet"
"63","37","29","26.21","56.6","7.61","49.28","millet"
"56","36","31","32.78","50.38","7.05","58.28","millet"
"43","23","34","29.69","52.21","6","42.51","millet"
"49","37","41","30.41","56.67","6.55","50.66","millet"
"59","24","47","28.45","47.73","7.01","62.45","millet"
"45","24","43","32.01","58.12","6.81","48.69","millet"
"40","36","36","32.82","49.19","6.69","50.35","millet"
"43","23","33","26.17","56.41","6.47","69.99","millet"
"43","36","41","32.82","61.34","6.88","40.48","millet"
"62","24","41","31.9","58.61","6.11","36.92","millet"
"60","25","38","34.77","50.71","7.43","32.2","millet"
"44","32","42","29.44","40","7.27","47.33","millet"
"63","27","26","27.76","59.57","8.04","36","millet"
"57","32","43","35","53.74","7.23","32.33","millet"
"60","26","37","27.61","55.73","6.41","46.16","millet"
"58","34","31","29.62","57.07","7.04","63.44","millet"
"60","22","41","26.47","44.88","7","72.06","millet"
"51","29","38","28.17","52.62","6.51","49.31","millet"
"47","20","29","26.34","40","7.02","43.25","millet"
"57","26","43","32.61","46.84","6.72","66.8","millet"
"42","20","31","29.62","49.88","7.35","43.99","millet"
"57","32","40","33.5","45.86","6.46","55.17","millet"
"55","34","35","26.16","54.56","7.67","43.6","millet"
"66","36","40","27.94","53.73","7.74","56.46","millet"
"40","28","28","32.58","50.63","6.9","44.47","millet"
"49","44","50","28.43","55.04","7.68","48.9","millet"
"40","43","42","29.9","49.45","8","45.17","millet"
"45","37","32","31.84","55.89","6.42","50.9","millet"
"61","30","41","31.37","52.35","6.9","63.18","millet"
"53","33","36","30.93","52.65","6.65","53.82","millet"
"69","36","39","28.14","52.66","7.45","62.93","millet"
"68","28","35","26.72","49.87","6","58.17","millet"
"55","36","35","29.15","61.99","7.5","65.24","millet"
"48","31","33","32.67","57.59","7.55","38.94","millet"
"58","41","38","32.04","55.47","6.58","51.93","millet"
"51","38","26","33.63","56.44","7.66","67.63","millet"
"57","37","41","32.93","42.73","7.11","51.49","millet"
"50","31","33","32.44","52.08","7.03","48.21","millet"
"50","39","31","30.55","62.35","6.46","38.25","millet"
"66","34","32","25","45.65","7.61","59.51","millet"
"47","30","33","33.68","64.43","7.37","36.7","millet"
"66","30","38","31.1","55.9","6","51.23","millet"
"67","26","34","32.4","56.24","7.85","60.39","millet"
"70","28","40","31.87","65","6.83","59.6","millet"
"61","37","48","34.73","51.82","6.47","30","millet"
"60","45","40","25","47.55","7.19","46.59","millet"
"68","38","36","29.33","59.7","6.79","49.25","millet"
"56","35","30","32.32","47.96","6.87","61.71","millet"
"47","40","46","25.56","50.25","6.91","62.81","millet"
"57","23","44","26.37","59.26","6.76","74.46","millet"
"49","36","33","25.91","65","6.42","52.02","millet"
"61","33","42","35","54.94","7.56","30","millet"
"49","30","36","35","42.77","7.11","51.96","millet"
"54","33","31","30.57","56.94","6.92","44.09","millet"
"56","43","40","32.3","48.88","6.94","30","millet"
"52","33","40","34.4","54.32","6.99","50.18","millet"
"67","39","33","32.45","45.11","6.72","45.65","millet"
"48","33","39","33.11","49.98","6.59","46.72","millet"
"67","31","39","27.32","51.38","6.51","44.32","millet"
"48","38","34","28.74","54.13","6.72","39.37","millet"
"54","42","33","35","52.85","8.12","42.32","millet"
"57","32","47","35","57.72","7.22","58.41","millet"
"47","29","33","30.01","60.55","6.97","47.64","millet"
"50","28","35","25","42.39","6.62","41.38","millet"
"58","23","42","26.97","50.76","7.16","50.88","millet"
"41","33","32","31.58","51.66","7.47","58.35","millet"
"52","42","32","31.8","48.34","7.19","51.59","millet"
"64","32","43","31.43","47.17","7.46","57.15","millet"
"54","42","31","29.69","52.33","7.34","46.81","millet"
"60","34","39","31.16","43.31","6.52","54.53","millet"
"55","32","34","25","48.9","7.17","30","millet"
"46","25","34","30.66","50","7.24","61.1","millet"
"52","38","26","26.76","47.58","6.41","39.29","millet"
"63","25","38","33.74","53.59","7.25","54.98","millet"
"49","30","32","30.29","58.54","7","66.07","millet"
"40","31","44","31.08","50.96","7.2","48.54","millet"
"73","36","36","25","44.9","7.21","42.33","millet"
"55","36","41","27.82","45.68","7.2","59.94","millet"
"60","29","35","25.62","57.53","7.63","33.5","millet"
"50","29","36","29.99","57.94","6.88","61.84","millet"
"69","34","40","26.93","46.19","7.34","30","millet"
"51","38","37","30.03","40","6.49","43.51","millet"
"52","32","42","35","40","7.59","71.27","millet"
"62","27","31","28.74","44.32","6.79","69.33","millet"
"69","23","44","32.09","52.73","7.83","40.4","millet"
"50","26","36","26.35","58.32","7.29","35.96","millet"
"60","34","28","28.08","58.52","6.47","43.78","millet"
"47","41","32","30.82","42.35","7.37","63.51","millet"
"52","28","46","30.14","62.77","6.51","53.31","millet"
"58","34","40","30.83","57.34","6.65","37.62","millet"
"58","30","45","25.29","56.33","6.99","44.05","millet"
"54","30","36","27.27","52.12","7.58","63.71","millet"
"48","31","27","27.98","40","6.75","30","millet"
"58","41","25","32.37","42.24","6.96","59.34","millet"
"53","38","42","28.7","57.33","7.48","35.87","millet"
"46","34","32","31.07","52.46","7.18","51.38","millet"
"51","24","41","35","53.36","8.15","47.51","millet"
"65","29","31","30.77","47.25","7.2","57.56","millet"
"57","30","37","32.3","53.05","6.72","48.46","millet"
"64","26","38","27.96","51.26","7.98","46.48","millet"
"48","30","44","32.72","50.98","6","44.99","millet"
"43","30","29","28.76","46.53","7.41","30","millet"
"61","39","31","30.25","53.96","7.8","62.55","millet"
"46","26","41","28.5","54.47","6.22","67.41","millet"
"52","28","41","28.3","61.53","6","61.63","millet"
"49","35","37","29.16","55.21","6.58","41.1","millet"
"55","37","35","30.77","40.5","6.77","39.14","millet"
"75","29","26","30.34","56.34","6.88","59.22","millet"
"62","20","34","32.39","60.68","7.48","65.24","millet"
"72","29","36","35","65","6.81","76.84","millet"
"42","40","28","26.48","53.48","7.3","60.92","millet"
"40","38","35","31.89","56.08","6.98","30","millet"
"40","34","31","31.14","55.01","7.01","57.35","millet"
"56","30","40","31.6","50.83","7.08","64.44","millet"
"48","29","38","28.1","48.17","6.57","30","millet"
"54","36","31","25","58.07","7.49","42.06","millet"
"43","40","36","32.34","53.52","7.38","60.43","millet"
"50","30","41","29.85","65","7.71","45.91","millet"
"58","37","28","31.93","40","6.97","55.04","millet"
"67","36","35","28.13","44.22","6.8","59.7","millet"
"61","36","33","31.11","48.1","7.13","57.51","millet"
"63","29","37","34.48","52.54","7.12","56.75","millet"
"52","34","41","35","55.49","7.04","63.58","millet"
"53","35","50","30.73","51.49","7.52","67.4","millet"
"45","34","36","31.64","50.1","6.62","40.34","millet"
"43","26","25","30.58","65","7.09","49.92","millet"
"46","37","31","33.84","51.12","7.39","46.12","millet"
"42","33","32","34.79","49.47","7.79","62.41","millet"
"62","35","32","31.44","50.22","7.12","52.83","millet"
"62","33","27","29.5","51.3","7.13","42.36","millet"
"57","28","31","31.07","55.98","6.8","50.29","millet"
"40","34","37","31.41","46.81","6.83","36.45","millet"
"40","28","36","34.11","60.88","7.27","36.45","millet"
"40","33","45","32.54","48.67","7.27","57.27","millet"
"64","45","33","32","58.86","7.51","62.95","millet"
"57","31","29","28.53","52.62","6.79","46.39","millet"
"59","34","27","31.04","60.73","6.72","30","millet"
"49","32","38","35","54.12","7.05","48.44","millet"
"59","35","36","30.8","57.73","7.42","40.67","millet"
"73","28","28","30.18","58.02","7.21","43.91","millet"
"53","34","41","30.35","41.69","7.04","36.48","millet"
"62","32","37","32.61","57.22","6.95","60.18","millet"
"58","25","35","33.75","49.28","8.06","35.21","millet"
"47","26","30","28.27","48.74","6.37","41.08","millet"
"62","35","30","34.32","55.32","6.36","52.66","millet"
"48","38","30","30.17","57.61","7.22","39.61","millet"
"43","36","34","31.37","49.34","7.51","71.03","millet"
"54","25","33","30.77","53.67","7.12","44.23","millet"
"59","24","35","29.65","51.29","8.2","66.42","millet"
"57","26","43","28.6","55.72","7.66","49.48","millet"
"53","38","43","28","52.67","6.5","41.94","millet"
"57","31","44","30.25","51.2","7.44","62.31","millet"
"69","29","25","30.82","58.19","6.07","58.48","millet"
"57","36","26","27.36","60.06","7.08","80","millet"
"60","37","36","25.65","51.96","6.47","52.47","millet"
"64","35","32","30.18","47.69","7.1","32.15","millet"
"64","22","35","33","58.22","7.35","51.14","millet"
"53","23","37","28.53","53.88","7.29","56.94","millet"
"75","28","36","30.69","65","7.26","44.29","millet"
"64","30","33","28.94","55.57","7.39","52.47","millet"
"67","38","27","30.83","56.94","8.2","80","millet"
"69","43","40","27.51","41.87","7.67","59.97","millet"
"49","43","47","30.02","51.24","6.6","54.51","millet"
"63","23","46","29.53","55.17","7.42","52.05","millet"
"53","29","40","35","50.63","7.21","65.82","millet"
"47","35","29","35","62.89","7.19","56.85","millet"
"42","34","29","26.16","52.68","7.26","57.86","millet"
"59","35","30","28.64","56.83","6.59","68.65","millet"
"62","27","35","28.92","47.47","6.07","77.7","millet"
"67","29","50","35","55.61","6.76","55.59","millet"
"44","20","44","30.52","57.43","7.97","52.46","millet"
"53","33","38","31.29","61.02","7.24","57.19","millet"
"45","31","26","28.43","45.23","7.8","78.01","millet"
"68","31","37","33.1","56.73","7.9","30","millet"
"50","38","35","25.34","49.2","6.58","63.81","millet"
"41","39","25","31.15","55.92","7.76","43.47","millet"
"49","20","27","33.07","64.8","7.54","30","millet"
"54","25","30","32.57","40","8.2","32.06","millet"
"57","27","36","28.72","52.98","6.93","50.93","millet"
"62","35","28","28.48","42.65","6.51","57.69","millet"
"70","37","29","27.85","57.31","6.51","50.26","millet"
"57","31","30","32.84","62.84","7.29","50.92","millet"
"61","28","42","26.75","48.25","6.36","44.46","millet"
"73","30","40","31.33","45.5","7.15","49.6","millet"
"58","33","29","30.25","55.02","7.73","70.08","millet"
"54","39","34","30.98","42.87","7.38","46.48","millet"
"49","20","35","29.67","54.42","7.47","55.15","millet"
"69","28","31","29.31","47.03","6.62","30","millet"
"45","36","30","32.32","54.5","6.56","65.3","millet"
"40","44","34","29.75","45.83","6.5","59.95","millet"
"61","30","36","27.51","49.01","6.86","38.17","millet"
"40","38","35","30.83","48.39","7.57","57.99","millet"
"55","23","42","35","50.98","6.77","30","millet"
"53","37","41","34.14","58.52","7.31","71.06","millet"
"61","26","45","31.19","43.87","6.53","34.97","millet"
"40","36","39","34.87","51.14","7.38","47.32","millet"
"57","32","39","26.99","43.1","6.87","32.62","millet"
"75","37","47","25","55.5","6.61","42.05","millet"
"53","23","44","29.11","43.5","7.65","44.76","millet"
"51","29","42","29.51","48.09","7.02","38.27","millet"
"53","32","27","28.17","52.11","7.69","42.89","millet"
"69","42","38","28.12","49.87","6.82","57.08","millet"
"44","38","39","32.8","51.93","7.05","38.57","millet"
"43","37","35","29.44","54.16","7.16","46.62","millet"
"58","25","28","29.48","51.57","7.04","52.11","millet"
"44","39","34","34.63","45.62","7.39","41.11","millet"
"68","31","40","27.66","54.94","7.38","50.13","millet"
"50","29","39","29.07","44.51","7.3","57.46","millet"
"65","45","25","30.89","53.97","6.91","56.85","millet"
"48","21","45","33.12","53.95","7.33","45.07","millet"
"57","41","31","30.91","46.65","7.17","58.98","millet"
"40","36","35","31.94","60.08","7.03","58.14","millet"
"67","33","38","30.93","44.98","6.59","34.73","millet"
"61","45","42","26.35","61.77","7.12","48.52","millet"
"67","37","38","33.44","50.11","6.3","53.83","millet"
"67","33","43","29.18","60.19","7.28","53.09","millet"
"53","28","42","33.61","50.32","8.2","35.48","millet"
"56","33","32","31.56","55.14","7.03","30","millet"
"48","33","45","31.4","62.3","6.93","30","millet"
"48","32","28","29.66","42.96","7.57","40.5","millet"
"53","34","44","29.74","53.8","7.86","47.79","millet"
"54","30","45","31.18","59.67","8.2","32.5","millet"
"40","24","37","32.15","56.27","6.85","38.91","millet"
"46","41","37","30.34","51.33","6.86","54.11","millet"
"47","37","40","28.69","53.51","7.41","44.9","millet"
"43","39","43","33.83","62.53","7.6","66.73","millet"
"62","40","39","27.27","53.24","7.1","69.06","millet"
"44","31","50","27.15","47.43","7.41","58.52","millet"
"40","38","45","30.48","45.56","7.15","58.92","millet"
"55","37","33","29.18","63.68","7.15","49.34","millet"
"51","44","35","28.83","51.87","7.14","69.01","millet"
"63","40","27","31.47","58.45","7.28","47.4","millet"
"72","38","40","27.29","53.76","7.09","39.81","millet"
"51","41","41","29.31","64.14","7.07","80","millet"
"54","25","25","33.37","46.49","7.33","60.88","millet"
"45","38","38","28.7","51.96","7.98","55.82","millet"
"46","42","38","34.62","58.85","7.09","63.17","millet"
"67","35","34","35","58.35","6.41","34.33","millet"
"43","29","34","34.2","48.2","6.82","47.48","millet"
"66","38","45","34.04","58.2","7.09","41.58","millet"
"63","32","31","31.75","49.97","7.4","66.76","millet"
"69","37","34","25.44","60.18","6.94","67.59","millet"
"49","33","37","25.55","53.63","7.43","44.65","millet"
"56","42","47","33.31","58.72","7.31","66.89","millet"
"56","27","47","28.24","50.91","7.99","52.03","millet"
"44","38","35","30.5","55.23","6.63","62.72","millet"
"59","39","41","32.34","53.88","7.54","67.67","millet"
"49","26","28","33.18","51.61","7.11","63.31","millet"
"48","28","37","28.71","51.39","6.82","66.46","millet"
"54","37","44","31.61","41.83","7.06","58.72","millet"
"50","23","35","32.55","49.12","7.29","54.88","millet"
"44","34","29","33.81","61.59","7.29","59.02","millet"
"69","32","37","32.73","58.54","7.08","33.55","millet"
"50","39","37","30.63","49.72","6.93","30.87","millet"
"59","33","46","26.51","59.83","7.24","39.47","millet"
"54","27","25","27.04","50.34","6.63","72.47","millet"
"50","34","42","28.04","53.39","7.45","33.12","millet"
"63","38","36","28.03","47.25","6.68","61.86","millet"
"48","31","37","28.93","43.83","7.31","44.17","millet"
"51","27","41","33.12","59.59","7.45","30.57","millet"
"65","28","36","29.31","49.57","6.94","64.07","millet"
"51","34","44","25.17","40","7.34","53.45","millet"
"49","41","42","33.12","52.61","8.2","49.4","millet"
"61","32","37","28.49","49.2","6.49","31.39","millet"
"66","29","37","30.39","50.26","6.55","66.38","millet"
"46","36","35","34.71","52.37","7.95","42.3","millet"
"67","22","44","27.62","43.41","7.74","45.15","millet"
"70","23","33","34.18","52.68","7.36","52.99","millet"
"71","28","37","28.88","49.15","7.81","30","millet"
"65","30","34","25","57.12","6.84","35.35","millet"
"53","32","30","34.13","45.53","7.25","37.92","millet"
"50","36","47","25.22","50.78","7.46","35.58","millet"
"53","34","25","31.65","58.27","7.26","65.19","millet"
"40","22","36","32.98","54.19","7.36","70.81","millet"
"71","34","42","30.48","45.75","7.1","46.19","millet"
"65","25","30","29.3","59.74","6.84","49.3","millet"
"73","35","39","28.37","54.25","7.4","61.7","millet"
"40","27","43","28.28","52.27","7.11","58.89","millet"
"42","36","32","25.71","58.5","7.64","30.65","millet"
"44","34","29","27.94","55.83","7.24","47.55","millet"
"61","41","40","35","53.09","7.44","59.72","millet"
"56","34","32","29.55","54.61","7.1","30","millet"
"67","27","39","27.38","60.61","7.01","47.82","millet"
"61","44","33","30.24","44.83","6.58","62.27","millet"
"40","36","34","27.33","54.8","7.04","45.15","millet"
"59","25","28","29.29","64.89","7.52","54.96","millet"
"52","36","36","29.01","53.96","7.1","49.43","millet"
"48","30","44","29.01","54.88","6.93","49.39","millet"
"40","40","30","34.42","43.52","7.39","73.47","millet"
"55","28","39","30.47","56.27","6.1","61.65","millet"
"75","27","31","27.35","65","6.75","44.2","millet"
"57","33","34","30.28","54.53","7.16","80","millet"
"55","31","30","30.45","55.04","7.29","32.32","millet"
"75","37","29","28.13","63.82","7.32","50.18","millet"
"54","41","46","30.48","43.66","6.49","30","millet"
"59","25","38","31.91","58.22","7.26","58.65","millet"
"44","28","31","31.16","52.4","6.74","35.8","millet"
"54","27","41","30.78","56.31","8.09","68.47","millet"
"49","33","47","26.3","55.44","7","39.66","millet"
"66","45","33","25.74","49.09","6.55","47.91","millet"
"66","42","37","30.62","52.62","7.65","79.64","millet"
"63","30","37","31.8","47.56","7.13","41.36","millet"
"44","37","39","28.74","45.57","7.11","41.06","millet"
"50","40","29","29.92","44.95","6.71","49.63","millet"
"46","28","31","30.19","54.68","6.99","44.4","millet"
"48","40","41","32.96","56.12","6.88","48.61","millet"
"61","40","30","27.07","48.69","6.37","67.29","millet"
"54","45","41","31.26","40","6.89","52.25","millet"
"54","31","33","32.83","44.48","6.66","60.13","millet"
"53","35","25","27.97","57.92","6","67.02","millet"
"46","30","38","33.14","45.74","7.12","35.09","millet"
"54","30","36","30.32","52.75","7.79","55.83","millet"
"59","36","41","30.91","49.39","7.58","48.21","millet"
"64","27","31","30.82","56.26","6.58","39.79","millet"
"67","34","34","27.43","64.85","7.88","36.36","millet"
"48","45","38","30.65","54.03","7.28","54.89","millet"
"55","36","37","29.14","45.14","6.54","44.97","millet"
"50","31","34","25.2","46.24","7.58","63.87","millet"
"56","34","45","27.76","60.16","7.29","52.01","millet"
"57","24","27","30.87","47.58","6.47","44.91","millet"
"55","33","30","33.02","46.02","8.2","61.83","millet"
"54","34","39","31.5","46.48","7.33","58.23","millet"
"54","29","25","30.33","55.25","7.06","49.49","millet"
"47","39","41","33.65","56.27","6.99","69.91","millet"
"40","31","34","33.85","50.2","7.31","49.84","millet"
"40","32","36","28.44","52.02","6.73","40.37","millet"
"62","29","33","31.47","48.58","8.2","74.49","millet"
"59","40","32","26.89","52.37","7.37","54.62","millet"
"47","33","30","32.26","51.96","7.26","36.15","millet"
"44","36","35","25.99","57.88","7.18","46.68","millet"
"56","28","32","35","62.5","7.87","46.65","millet"
"54","29","34","30.28","52.44","7.2","52.34","millet"
"49","28","39","29.84","50.75","6.77","50.34","millet"
"59","30","41","27.27","51.43","7.87","66.15","millet"
"54","29","34","33.22","54.42","7.16","66.01","millet"
"42","26","38","30.57","51.24","7.73","42.7","millet"
"71","23","39","29.11","55.5","7.16","66.89","millet"
"61","35","35","29.72","65","6.09","54.4","millet"
"49","34","35","30.9","50.12","6.72","48.75","millet"
"56","26","39","25.09","62.68","6.83","45.88","millet"
"48","31","26","25","55.11","7.14","40.01","millet"
"61","39","41","29.66","51.32","8.09","68.17","millet"
"42","34","38","26.74","54.92","7.15","38.59","millet"
"40","34","41","32","55.03","7.14","44.4","millet"
"43","34","40","25.9","58.75","6.41","57.8","millet"
"65","24","36","29.62","53.96","7.53","53.52","millet"
"56","28","28","29.91","58.99","7.6","30","millet"
"50","28","38","31.03","48.26","7.44","44.27","millet"
"71","31","39","27.03","51.21","7.21","53.74","millet"
"52","30","28","25","40","7.38","35.29","millet"
"48","27","47","31.15","54.52","6.78","47.71","millet"
"64","39","35","27.99","45.84","7.23","46.68","millet"
"43","40","33","31.5","59.57","7.11","37.1","millet"
"53","28","39","28.81","47.64","7.14","68.04","millet"
"61","38","30","27.31","53.85","7.38","46.81","millet"
"71","20","33","25.74","45.48","7.01","52.34","millet"
"55","27","27","30.09","50.65","6.58","48.82","millet"
"60","35","40","29.09","52.6","7.73","55.54","millet"
"46","41","27","32.64","55.03","7.31","58.49","millet"
"48","41","38","32.68","45.25","6.52","49.99","millet"
"65","26","32","30.94","51.09","7.04","33.28","millet"
"46","31","43","25.31","47.86","6.93","66.69","millet"
"59","32","25","31.51","50.88","7.55","52.66","millet"
"52","32","30","30.39","53.32","7.47","58.27","millet"
"50","28","29","28.08","52.75","7.77","50.11","millet"
"64","39","37","26.51","50.11","6.59","52","millet"
"50","24","29","33.05","59.34","6.56","30","millet"
"49","37","37","35","53.43","7.4","52.54","millet"
"55","28","45","35","58.33","8.2","40.61","millet"
"64","30","44","27.65","59.49","6.9","53.22","millet"
"57","39","36","32.33","59.11","7.17","46.74","millet"
"54","39","44","32.45","65","6.74","30.62","millet"
"75","40","40","25","55.54","7.5","33.96","millet"
"50","25","40","35","57.14","7.86","55.35","millet"
"44","29","38","33.45","45.17","6.9","45.32","millet"
"47","32","40","28.02","53.11","7.6","64.87","millet"
"53","35","40","35","51.26","6.7","48.22","millet"
"46","31","29","30.77","51.83","6.71","60.18","millet"
"63","33","38","28.37","55.68","7.82","80","millet"
"55","36","36","28.07","48.09","7.05","60.48","millet"
"54","36","40","35","65","6.85","42.68","millet"
"56","34","35","30.47","65","7.78","59.82","millet"
"46","37","39","31.17","50.91","7.85","62.67","millet"
"50","36","33","30","54.33","7.04","30","millet"
"51","40","34","28.43","46.96","6.86","40.65","millet"
"52","31","36","30.04","65","7.78","52.29","millet"
"55","40","31","35","42.91","7.22","52.22","millet"
"40","29","39","35","56.83","7.22","77.5","millet"
"58","23","40","27.17","49.01","7.44","53.34","millet"
"57","21","32","25","54.77","7.46","73.73","millet"
"53","34","36","31.47","48.25","7.26","33.25","millet"
"73","31","49","30.76","49.21","7.29","42.86","millet"
"60","35","44","29.43","57.64","7.11","46.74","millet"
"58","30","28","28.81","43.94","7.7","55.75","millet"
"55","37","47","31.22","54.54","7.28","46.34","millet"
"54","31","37","27.91","60.9","6.62","64.95","millet"
"64","34","32","30.73","50.46","7.33","42.8","millet"
"42","31","43","26.22","64.87","6.88","45.86","millet"
"54","34","39","28.45","51.76","6.87","49.72","millet"
"53","27","43","32.54","47.65","6.75","39.45","millet"
"46","37","34","29.26","49.39","6.72","48.09","millet"
"45","43","31","27.37","46.51","6","34.75","millet"
"46","32","36","29.49","48.09","6.94","71.33","millet"
"42","36","25","26.64","58.31","7.25","35.2","millet"
"56","37","25","29.05","45.06","6.1","31.18","millet"
"60","32","32","28.57","45.04","7.09","55.86","millet"
"67","40","30","35","47.21","6.44","69.57","millet"
"45","45","36","28.6","42.24","6.99","61.11","millet"
"53","33","42","34.71","55.51","6.91","57.94","millet"
"61","36","37","31.4","53.53","7.12","54.11","millet"
"59","28","45","30.2","48.59","6.51","46.93","millet"
"54","34","42","28","49.16","7.18","75.61","millet"
"52","37","37","31.9","54.48","7.55","47.57","millet"
"43","37","25","32.81","56.35","7.38","51.24","millet"
"41","37","43","30.25","46.41","7.22","39.54","millet"
"46","35","34","31.04","45.35","7.01","41.19","millet"
"61","30","32","27.34","56.46","6.05","38.6","millet"
"46","35","34","32.25","57.03","6.46","61.56","millet"
"54","39","50","31.42","60.13","6.39","73.03","millet"
"68","35","34","28.13","63.36","6.52","42.66","millet"
"59","37","39","31.61","64.9","6.58","35.7","millet"
"59","27","35","30.88","40.99","8.13","59.07","millet"
"54","20","45","30.83","56.2","7.17","36.35","millet"
"49","24","48","31.83","52.36","7.24","54.28","millet"
"47","35","35","32.16","51.35","7.64","78.59","millet"
"66","35","37","34.92","40.79","7.96","60.59","millet"
"48","30","30","30.15","40.95","7.28","61.47","millet"
"40","31","40","31.04","58.44","7.17","38.53","millet"
"56","31","28","27.69","55.92","7.1","69.21","millet"
"56","30","31","30.29","51.74","6.66","54","millet"
"52","30","33","34.76","46.92","7.98","62.18","millet"
"49","24","35","31.55","43.5","6.43","31.21","millet"
"58","41","31","28.09","55.81","7.29","31.82","millet"
"53","32","45","29.9","58.9","7.16","33.35","millet"
"55","26","26","29.3","50.08","6.85","34","millet"
"50","38","25","26.3","40","7.26","41.02","millet"
"62","27","30","26.75","55.99","6.65","50.45","millet"
"68","37","32","34.86","52.59","6.76","42.12","millet"
"50","36","31","31.74","55.62","7.3","45.29","millet"
"59","36","35","30.05","49.01","6.45","77.74","millet"
"52","29","38","28.17","56.31","7.55","33.02","millet"
"42","38","38","25","49.12","6.82","59.53","millet"
"58","32","26","26.79","44.73","6.95","42.31","millet"
"57","36","25","31.69","47.24","7.2","38.01","millet"
"65","27","38","26.55","52.36","6.52","45.55","millet"
"48","31","39","30.35","42.49","7.86","30","millet"
"57","31","31","32.76","48.13","8.07","58.64","millet"
"58","35","42","27.83","43.84","6.98","46.56","millet"
"56","27","50","32.87","50.83","6.7","55.23","millet"
"58","31","36","34.9","52.27","6.95","43.7","millet"
"61","30","30","31.39","53.61","7.43","32.93","millet"
"42","23","42","35","43.84","6.66","30","millet"
"48","29","41","26.23","44.13","7.57","32.04","millet"
"50","40","33","34.28","49.18","8.15","47.29","millet"
"75","35","38","33.86","55.89","7.9","37.9","millet"
"50","28","43","28.39","46.38","6.41","58.62","millet"
"47","30","30","35","53.2","6.92","58.64","millet"
"74","32","32","34.14","42.54","6.91","49.85","millet"
"47","27","44","30.07","49.05","7.4","42.89","millet"
"65","35","33","33.03","45.36","7.31","51.6","millet"
"42","45","28","33.21","59.83","7.08","51.84","millet"
"40","34","43","28.77","62.34","7.59","43.73","millet"
"40","36","36","34.61","50.77","7.58","52.3","millet"
"69","22","41","29.11","62.39","7.29","40.83","millet"
"63","30","41","33.41","56.88","7.42","46.26","millet"
"41","37","37","31.65","57.26","6.61","50.76","millet"
"59","27","38","32.71","50.47","6.63","65.27","millet"
"40","33","36","26.79","47.85","6.84","30.55","millet"
"47","35","42","30.46","56.96","7.33","51.01","millet"
"70","35","30","35","55.34","7.17","75.28","millet"
"52","36","32","28.97","50.55","6.09","36.5","millet"
"70","38","36","30.49","52.94","7.12","68.08","millet"
"59","35","34","25.75","44.48","6.17","63.24","millet"
"51","30","34","34.45","50.26","7.36","56","millet"
"50","34","45","28.98","57.47","6.12","54.82","millet"
"63","36","40","27.53","40","7.21","44.09","millet"
"53","34","40","32.8","61.54","6.78","62.05","millet"
"40","40","40","30.56","49.48","6.7","50.1","millet"
"53","28","38","29.38","51.55","6.54","47.73","millet"
"55","29","37","31.16","55.54","7.27","55.93","millet"
"52","36","34","35","53.13","7.96","30.93","millet"
"64","28","33","28.36","60.08","7.25","48.09","millet"
"57","44","30","26.13","61.97","6.8","45.28","millet"
"40","35","37","35","47.45","7.08","53.16","millet"
"56","27","35","32.47","50.86","7.2","41.09","millet"
"73","40","40","27.88","47.51","6.75","50.77","millet"
"63","32","32","33.2","56.05","8.05","61.66","millet"
"43","32","35","25.86","53.52","7.64","36.47","millet"
"64","38","40","29.04","54.15","8.2","46.91","millet"
"46","24","37","26.34","40","6","30.2","millet"
"49","32","38","34.26","50.2","7.4","62.2","millet"
"59","37","31","29.48","51.04","7.09","57.89","millet"
"64","33","38","33.85","47.86","6.99","67.24","millet"
"53","32","30","30.88","46.4","7.78","30","millet"
"62","28","48","30.49","62.08","7.27","51.55","millet"
"61","30","39","28.4","50.47","7.63","48.4","millet"
"40","32","42","30.74","54.89","7.08","34.63","millet"
"63","30","42","33.01","57.96","7.53","45.23","millet"
"75","24","32","29.71","48.1","6.44","42.84","millet"
"60","33","30","27.33","53.42","6.47","59.76","millet"
"59","28","33","25.35","56.38","6","60.04","millet"
"45","34","40","30.31","51.84","7.34","53.23","millet"
"65","30","36","28.01","58.7","6.48","35.92","millet"
"61","44","39","30.49","47.83","7.75","40.51","millet"
"62","30","40","33.79","54.89","7.37","30","millet"
"55","29","41","31.73","54.87","7.39","49.67","millet"
"71","26","33","28.66","62.85","7.68","71.82","millet"
"56","29","34","29.32","53.19","6.39","54.64","millet"
"62","29","40","25.57","61.72","6.82","42.21","millet"
"44","23","43","27.28","47.56","6.77","49.74","millet"
"61","33","42","25","48.8","7.31","64.76","millet"
"60","29","44","30.61","50.46","6.56","61.91","millet"
"62","31","43","32.99","49.51","6.48","54.29","millet"
"51","23","33","31.93","46.28","6.53","55.02","millet"
"62","30","45","25.85","52.13","6.79","53.06","millet"
"40","34","29","30.73","49.07","7.43","41.85","millet"
"67","22","30","29.44","56.4","8.13","36.95","millet"
"60","41","39","25","57.61","6.56","59.52","millet"
"51","36","40","26.5","59.3","7.83","30","millet"
"54","34","46","31.15","49.34","7.22","44.16","millet"
"51","32","37","27.93","52.51","7.5","55.5","millet"
"58","32","36","29.13","56.22","6","35.85","millet"
"51","33","34","29.6","54.69","6.15","42.15","millet"
"41","28","25","31.54","43.48","7.13","60.54","millet"
"62","37","31","30.55","51.78","6.64","61.74","millet"
"52","29","37","28.1","59.46","6.7","53.06","millet"
"67","24","31","31.24","57.08","6.31","58.12","millet"
"63","24","25","33.93","49.57","7.83","61.6","millet"
"60","32","34","30.54","57.07","7.38","47.43","millet"
"52","32","40","25.42","53.66","6.45","39.64","millet"
"67","30","29","28.47","48.06","7.79","57.81","millet"
"54","39","34","30.06","62.34","6.52","50.46","millet"
"47","30","36","27.74","50.69","6.37","48.68","millet"
"53","20","44","35","59.39","6.9","51","millet"
"51","36","30","32.68","47.18","6.21","52.41","millet"
"58","34","40","30.86","59.01","7.88","51.93","millet"
"61","34","46","27.77","58.12","7.93","40.16","millet"
"73","31","43","27.58","49","7.64","41.59","millet"
"64","31","44","33.48","49.76","7.48","60.72","millet"
"70","41","35","28.18","55.24","7.55","34.22","millet"
"47","42","45","28.24","44.59","7.05","39.62","millet"
"50","30","29","29.65","51.91","6.36","54.58","millet"
"54","31","45","30.24","40","6.8","65.11","millet"
"58","34","38","30.03","60.55","7.45","30","millet"
"63","43","42","35","46.57","6.88","54.23","millet"
"52","28","36","34.44","55.12","6.28","30.99","millet"
"63","30","31","32.25","49.87","6.63","52.36","millet"
"52","39","35","30.11","54.82","6.3","33.61","millet"
"44","29","37","31.24","40","6.93","45.8","millet"
"47","20","31","31.2","49.77","6.52","51.86","millet"
"60","38","40","33.54","48.43","6","30","millet"
"57","42","35","28.67","60.36","7.39","63.25","millet"
"62","37","49","27.59","43.89","7.18","78.83","millet"
"45","36","36","28.67","51.31","6.87","50.7","millet"
"70","32","40","25.03","53.09","6.94","52.51","millet"
"62","35","36","30.73","51.31","8.09","46.54","millet"
"58","24","30","27.45","55.6","7.34","40.31","millet"
"52","39","27","29.15","54.44","6.94","58.47","millet"
"56","31","45","26.09","47.68","7.18","50.93","millet"
"49","36","28","26.99","49.33","7.46","33.86","millet"
"64","36","33","29.62","54.84","6.44","53.51","millet"
"58","42","39","27.01","43.41","6.22","45.36","millet"
"51","26","38","26.84","54.04","6.56","38.49","millet"
"61","34","27","30.32","55.16","6.96","46.21","millet"
"65","31","43","31.14","51.49","7.3","41.4","millet"
"46","30","34","30.83","41.76","7.35","53.19","millet"
"60","28","25","31.72","45.74","6.99","56.11","millet"
"44","38","33","31.17","47.89","6.88","40.44","millet"
"48","36","34","30.88","51.39","7.9","44.78","millet"
"56","28","34","30.85","52.51","7.94","60.43","millet"
"57","40","35","32.88","57.29","6.96","41.01","millet"
"45","36","43","31.74","58.37","6.75","55.95","millet"
"50","28","37","28.94","40","6.93","54.57","millet"
"68","38","34","27.14","47.59","7.01","69.46","millet"
"55","34","38","26.83","57.38","6.91","80","millet"
"47","41","37","25.58","48.8","6.52","43.28","millet"
"61","38","33","29.13","43.89","6.1","53.29","millet"
"52","43","34","30.66","50.98","6.84","60.43","millet"
"46","34","32","30.43","48.37","7.1","47.44","millet"
"47","45","37","30.47","57.41","7.39","58.65","millet"
"55","30","37","25","45.35","7.46","30","millet"
"54","24","38","28.6","55.71","7.89","67.57","millet"
"49","37","31","31.83","48.75","6.74","41.33","millet"
"73","39","41","29.56","53.49","7.02","51.54","millet"
"53","36","37","27.37","45.27","6.71","30","millet"
"55","26","45","25","54.76","6.72","30","millet"
"62","26","43","34.41","53.6","7.04","46.49","millet"
"43","32","28","32.49","40.81","7.07","76.45","millet"
"51","26","28","29.15","57.65","7.21","42.6","millet"
"67","28","40","32.79","40","7.27","65.84","millet"
"59","43","38","35","61.45","6.68","34.72","millet"
"54","33","44","28.74","61.97","7.4","65.29","millet"
"46","36","28","28.72","46.49","6.96","48.64","millet"
"71","36","43","29.83","53.23","6.99","30","millet"
"50","41","29","30.06","56.58","7.04","33.18","millet"
"55","30","30","31.84","58.92","6.98","69.25","millet"
"52","20","36","28.05","41.82","7.31","67.57","millet"
"58","40","46","28.66","51.37","7.15","38.1","millet"
"53","29","39","33.38","47.28","7.17","45.35","millet"
"53","34","47","27.57","45.45","6.1","41.16","millet"
"47","28","34","30.45","40","6.8","59.44","millet"
"65","39","36","30.44","50.16","6.77","43.82","millet"
"60","27","49","32.25","52.73","7.35","49.19","millet"
"49","37","41","32.02","53.74","6.98","40.48","millet"
"44","20","36","35","44.87","7.12","32.27","millet"
"66","36","29","30.82","47.13","7.32","48.4","millet"
"71","29","32","28.54","53.98","7.12","50.98","millet"
"47","33","40","27.89","53.8","6.66","55.36","millet"
"51","28","34","27.94","52.38","7.32","39.04","millet"
"51","28","39","32.86","46.75","6.74","47.46","millet"
"40","40","26","31.97","51.87","6.09","34.08","millet"
"65","32","25","32.17","44.72","6.37","55.21","millet"
"55","27","26","33.1","41.52","7.19","64.03","millet"
"52","38","34","34.48","49.41","6.79","51.63","millet"
"63","32","41","33.06","65","6.45","58.33","millet"
"55","35","27","29.39","56.2","6.24","51.05","millet"
"46","35","37","26.77","55.49","7.08","51.2","millet"
"57","43","34","31.37","53.77","7.36","46.3","millet"
"54","31","31","29.38","44.48","6.62","78.89","millet"
"73","41","50","27.14","57.42","6.78","67.56","millet"
"70","35","30","32.88","42.72","6.91","42.75","millet"
"52","31","35","32.36","42.98","6.98","43.5","millet"
"62","35","39","33.84","56.65","7.67","55.84","millet"
"51","41","38","28.5","59.57","6.65","60.24","millet"
"60","26","32","35","51.68","8.2","47.94","millet"
"75","33","47","25","49.92","6.32","35.97","millet"
"42","44","38","33.4","40","7.4","34.86","millet"
"63","39","37","29.69","58.02","7.27","36.64","millet"
"41","29","37","25.81","54.23","6.37","43.68","millet"
"46","39","35","29.89","52.43","7.39","41.97","millet"
"62","30","38","32.53","40","6.44","41.27","millet"
"50","36","30","32.77","60.15","6.84","56.37","millet"
"56","32","32","29.43","52.88","6.56","49.97","millet"
"44","34","34","29.79","58.38","7.03","40.66","millet"
"61","27","35","27.06","41.6","7.11","61.71","millet"
"50","20","32","30.56","55.51","7.39","53.33","millet"
"57","31","31","29.83","48.21","7.61","43.26","millet"
"55","35","31","29.87","43.56","7.08","46.82","millet"
"60","31","34","25","49.07","7.54","63.41","millet"
"55","31","30","33.33","49.37","6.79","30","millet"
"66","27","50","32.39","64.6","7.23","62.79","millet"
"59","38","37","35","50.62","6.93","42.23","millet"
"50","20","38","31.43","59.04","6.28","58.94","millet"
"49","35","37","31.66","48.77","7.39","53.69","millet"
"51","43","40","33.18","45.2","6.79","76.23","millet"
"51","30","25","33","47.86","6.67","62.88","millet"
"55","41","31","31.71","44.74","7.84","64.44","millet"
"66","30","37","32.68","57.91","6.25","51.02","millet"
"59","26","38","29.65","40","6.9","64.66","millet"
"40","23","32","29.93","52.77","6.75","30","millet"
"56","35","25","30.05","56.16","7.81","40.71","millet"
"53","35","42","29.55","53.13","7.73","61.38","millet"
"56","34","29","34.75","49.74","6.72","39.95","millet"
"40","28","35","25","44.96","6.95","53.75","millet"
"58","40","42","27.14","54.33","6.96","40.92","millet"
"49","24","41","25","60.75","6.24","47.27","millet"
"60","21","27","31.5","48.99","6","30","millet"
"47","22","35","32.65","55.9","7.93","52.63","millet"
"53","24","35","30.66","40.59","7.26","58.82","millet"
"63","21","25","31.84","43.52","7.49","45.38","millet"
"71","26","38","33.1","48.98","6.81","55.91","millet"
"59","31","33","28.09","57.66","6.91","49.75","millet"
"49","28","44","27.07","52.43","7.28","54.56","millet"
"52","43","44","32.88","48.83","7.35","58.11","millet"
"40","27","42","31.64","54.44","6.99","42.94","millet"
"48","36","36","34.67","55.4","7.65","60.36","millet"
"56","45","41","25","49.63","7.12","50.44","millet"
"48","36","29","25","45.29","6.87","40.54","millet"
"45","42","32","28.02","63.39","8.03","56.93","millet"
"54","36","30","27.63","54.31","7.7","46.66","millet"
"54","38","38","25","52.31","7.61","69.03","millet"
"55","30","25","28.73","56.77","6.62","34.14","millet"
"65","29","37","34.5","49.6","7.65","44.23","millet"
"58","24","38","28.66","42.4","6.78","61.79","millet"
"56","32","33","25.66","44.57","6.31","30","millet"
"59","42","35","28.3","57.11","6.76","52.52","millet"
"61","28","37","32.98","53.19","6.67","65.23","millet"
"57","28","32","25.34","65","7.03","43.81","millet"
"40","29","33","26.45","47.02","7.29","34.75","millet"
"53","33","42","29.15","45.04","7.26","59.8","millet"
"53","23","32","35","43.46","6.58","43.57","millet"
"45","33","38","30.01","40","6.05","52.82","millet"
"61","32","32","25.83","56.1","7.07","61.69","millet"
"62","34","29","26.93","52.52","6","71.2","millet"
"44","31","37","31.77","54.75","6.72","57.95","millet"
"55","33","45","25","59.4","6.95","39.43","millet"
"55","30","41","32.32","50.95","7.24","46.98","millet"
"62","32","29","28.97","43.54","6.96","60.95","millet"
"53","36","25","31.08","45.95","6.89","65.42","millet"
"53","37","33","25","46.45","7.66","30","millet"
"56","29","42","32.97","50.42","7.7","56.71","millet"
"47","26","34","25.3","49.47","6.9","54.35","millet"
"60","32","32","29.03","51.08","7.12","39.46","millet"
"49","31","25","31.87","42.18","7.25","44.74","millet"
"44","36","45","29.85","56.11","7.46","57.43","millet"
"67","29","34","29.72","55.92","7.23","40.17","millet"
"61","30","38","26.09","45.83","7.2","51.45","millet"
"52","22","25","27.18","54.61","7.5","64.02","millet"
"45","29","40","30.43","55.54","7.13","48.96","millet"
"46","30","32","25","51.87","7.53","49.39","millet"
"53","36","25","25.47","45.5","7.17","30","millet"
"56","31","31","31.51","51.98","6.71","30.14","millet"
"51","35","36","31.05","61.79","6.64","78.09","millet"
"75","37","39","28.88","50.23","7.39","47.04","millet"
"64","23","44","25.75","55.97","7.7","58.26","millet"
"47","30","40","30.66","49.5","7.6","46.53","millet"
"53","29","36","32.66","55.25","7.57","69.44","millet"
"60","32","33","28.92","55.49","7.46","48.38","millet"
"48","29","33","27.46","61.89","6.94","39.24","millet"
"55","29","34","31.83","51.57","6.89","68.94","millet"
"72","38","39","29.64","40.59","7.26","47.93","millet"
"62","23","40","31.52","60.67","6.83","51.74","millet"
"57","38","32","31.03","49.78","6.58","40.99","millet"
"40","27","34","28.75","46.02","7.25","30","millet"
"67","32","40","35","50.17","6.69","50.91","millet"
"44","27","41","31.4","46.49","6","48.93","millet"
"60","36","25","31.47","47.68","7.41","41.02","millet"
"64","33","40","33.09","47.42","7.33","42.17","millet"
"51","28","35","33.02","47.93","7.3","30","millet"
"47","24","41","27.08","46.51","6.93","52.68","millet"
"47","30","36","32.91","52.89","6.54","66.71","millet"
"49","31","43","26.49","51.78","7.13","71.02","millet"
"59","34","45","30.89","65","7.39","47.94","millet"
"47","28","39","35","42.79","6.96","52.06","millet"
"61","35","41","32.11","60.64","6.81","30","millet"
"40","26","27","32.4","51.33","7.8","30.31","millet"
"53","40","29","30.44","50.04","8.2","34.7","millet"
"40","27","35","32.41","65","8.2","53.83","millet"
"56","29","38","28.66","54.36","6.34","63.47","millet"
"56","26","33","28.96","48.12","7.36","44.14","millet"
"54","36","44","33.18","56.04","7.02","39.69","millet"
"52","37","48","30.67","58.9","6.95","47.06","millet"
"59","35","25","33.67","40.51","6.59","54.85","millet"
"67","33","39","31.07","46.91","6.12","51.71","millet"
"40","41","33","32.1","44.85","6.34","31.36","millet"
"62","30","32","32.14","50.87","7.04","30","millet"
"55","41","36","27.11","43.6","7.87","33.87","millet"
"51","31","25","28.25","40.95","6.7","80","millet"
"63","20","39","29.94","57.93","7.03","60.6","millet"
"51","30","36","28.65","49.68","7.81","64.62","millet"
"51","48","41","18.69","63.54","7.24","37.29","barley"
"72","33","37","12.88","50.07","7.8","61.89","barley"
"57","33","34","16.38","60.48","7.08","50.47","barley"
"55","37","29","15.5","56.61","6.59","58.14","barley"
"52","30","40","18.63","55.77","6.55","43.24","barley"
"45","49","39","22.92","48.24","7.89","72.7","barley"
"69","38","45","19.13","61.33","7.61","67.48","barley"
"60","39","39","17.94","50.9","8.09","66.84","barley"
"54","35","42","12","55.49","7.32","73.2","barley"
"63","50","37","24.83","54.18","7.04","59.65","barley"
"68","50","44","19.73","51.96","7.62","53.46","barley"
"40","34","40","12.26","51.35","7.27","71.26","barley"
"41","44","25","19.97","58.59","7.3","79.64","barley"
"56","40","35","17.26","55.08","7.14","55.19","barley"
"40","32","31","15.56","49.47","7.55","71.21","barley"
"72","44","43","21.37","45","7.19","40.64","barley"
"65","39","37","14.76","56.8","7.27","48.83","barley"
"66","30","35","18.03","58.4","8.18","49.72","barley"
"58","50","30","16.16","52.28","7.08","66.11","barley"
"54","50","39","16.53","55.68","7.12","74.12","barley"
"50","32","39","13.34","57.28","7.92","60.67","barley"
"53","40","39","16.75","57.17","7.14","35","barley"
"64","43","30","18.15","57.36","6.85","72.96","barley"
"72","44","37","19.13","49.8","7.08","35","barley"
"58","40","47","16.74","59.64","7.65","43.12","barley"
"66","41","28","16.3","55.65","8.2","60.81","barley"
"52","33","28","12","54.46","6.85","56.06","barley"
"62","43","32","20.11","57.35","8.1","48.66","barley"
"68","36","29","18.69","51.7","7.99","50.97","barley"
"59","33","42","15.72","56.63","6.92","76.88","barley"
"49","30","47","21.11","49.52","6.99","59.36","barley"
"73","45","36","19.07","50.53","7.82","68.11","barley"
"70","48","33","17.03","45","8.16","66.93","barley"
"47","39","45","23.42","63.5","7.31","65.45","barley"
"58","35","42","21.63","46.79","7.56","63.16","barley"
"62","39","38","12.81","50.74","7.49","62.61","barley"
"42","42","30","22.46","61.07","7.46","53.97","barley"
"50","37","50","12","50.44","7.17","56.32","barley"
"77","44","32","21.45","59.94","7.02","65.62","barley"
"51","46","40","17.39","64.83","7.68","56.74","barley"
"44","35","31","20.16","53.26","6.85","69.06","barley"
"63","44","46","21.4","58.85","7.25","47.06","barley"
"60","35","27","19.37","60.33","7.24","54.87","barley"
"73","32","42","17.79","58.11","7.13","72.83","barley"
"64","50","32","23.28","65","7.27","51.03","barley"
"72","46","35","24.02","58.14","7.79","59.98","barley"
"56","47","39","17.21","54.07","7.98","76.68","barley"
"57","40","35","17.97","52.82","7.28","45.15","barley"
"68","30","28","17.72","55.92","7.4","68.06","barley"
"51","39","38","14.47","50.89","7.17","85.19","barley"
"54","32","40","19.89","61.02","7.35","52.19","barley"
"80","47","29","22.62","52.63","8.2","47.41","barley"
"46","32","38","15.07","49.77","7.92","35.75","barley"
"61","30","35","16.63","65","6.96","46.21","barley"
"54","44","33","16.66","55.56","7.01","53.1","barley"
"59","50","44","12","49.96","8.01","71.22","barley"
"54","39","34","15.91","56.33","7.01","44.62","barley"
"69","34","33","12.84","54.9","7.34","55.7","barley"
"72","44","34","20.56","50.52","7.43","64.38","barley"
"61","34","29","20.21","50.08","6.5","59.49","barley"
"53","46","31","21.86","53.3","7.43","51.7","barley"
"69","37","25","14.43","62.82","7.65","69.96","barley"
"62","37","36","22.56","58.62","7.92","74.92","barley"
"60","40","26","19.68","49.85","8.2","73.02","barley"
"71","44","49","18.69","48.96","7.1","47.98","barley"
"69","35","31","17.34","61.88","7.98","57.12","barley"
"52","46","40","17.56","51.41","7.97","54.24","barley"
"74","41","50","18.33","60.88","7.95","61.05","barley"
"47","47","36","18.62","65","7.21","48.76","barley"
"75","35","39","21.02","60.7","7.72","56.54","barley"
"54","30","40","19.44","59.32","7.56","44.05","barley"
"58","30","40","13.69","59.15","7.14","66.03","barley"
"59","42","31","18.26","51.72","7.32","76.66","barley"
"66","41","47","24.71","59.68","8.02","61.24","barley"
"72","41","33","23.75","59.13","7.3","47.76","barley"
"61","50","36","16.55","55.37","7.62","76.94","barley"
"61","35","35","20.45","63.78","6.94","66.22","barley"
"75","42","29","15.3","59.92","8.2","50.24","barley"
"70","41","41","18.22","59.93","8.03","59.14","barley"
"62","38","41","17.11","55.66","7.87","40.81","barley"
"56","47","42","12.95","54.27","7.65","82.15","barley"
"68","39","41","15.1","60.79","6.66","75.85","barley"
"60","49","33","12","55.85","7.86","66.38","barley"
"70","38","35","16.75","52.41","6.57","68.85","barley"
"70","50","42","21.78","45","7.97","72.95","barley"
"40","30","30","19.59","55.07","7.77","64.91","barley"
"67","38","28","23.96","56.79","7.88","80.4","barley"
"71","35","37","20.59","56.31","7.23","58.51","barley"
"55","37","39","14.32","51.35","7.75","72.63","barley"
"76","36","34","18.08","55.96","7.33","72.3","barley"
"40","36","42","20.34","46.39","7.44","70.05","barley"
"74","38","33","18.52","52.88","7.08","42.58","barley"
"52","38","40","17.54","55.15","7.26","66.89","barley"
"47","50","40","16.2","56.58","8.11","40.65","barley"
"65","43","43","22.7","46.07","7.52","44.77","barley"
"71","36","25","19.77","51.92","8.03","64.4","barley"
"52","44","45","22.05","53.47","7.49","49.59","barley"
"66","47","42","19.76","51.16","8.2","58.53","barley"
"57","30","31","17.26","47.74","7.55","58.53","barley"
"58","43","27","22.09","58.34","7.37","77.92","barley"
"59","30","30","17.88","58.58","7.35","66.85","barley"
"78","45","35","19.81","64.94","7.56","55.68","barley"
"70","45","38","19.74","56.23","6.67","66.87","barley"
"61","39","38","20.33","59.43","7.47","68.5","barley"
"40","36","41","16.76","52.42","7.2","73.51","barley"
"60","40","34","15.32","51.05","7.71","65.62","barley"
"52","30","30","18.17","55.94","7.2","58.25","barley"
"65","50","30","17.68","57.38","6.97","48.33","barley"
"48","41","30","21.59","61.25","7.36","57.63","barley"
"40","35","44","13.69","52.04","7.09","54.68","barley"
"51","31","50","13.64","47.47","7.7","62.95","barley"
"52","31","36","24.93","63.43","6.96","70.9","barley"
"63","35","38","12","63.04","7.13","74.5","barley"
"67","47","33","14.84","55.8","7.28","74.72","barley"
"79","50","27","16.48","46.41","8.05","62.03","barley"
"60","50","38","12.56","49.35","7.44","63.02","barley"
"45","38","31","20.09","61.29","7.9","73.43","barley"
"53","43","36","17.84","59.76","6.69","82.1","barley"
"62","38","46","19.44","61.54","6.98","48.3","barley"
"45","44","39","20.56","58.5","7.06","62.61","barley"
"56","34","36","12.39","55.39","8.03","73.65","barley"
"64","49","50","15.85","52.63","6.78","62.1","barley"
"49","48","38","16.62","60.21","7.82","49.84","barley"
"54","44","31","19.78","49.63","7.42","74.41","barley"
"80","43","43","19.08","55.76","7.1","54.87","barley"
"40","48","34","21.51","62.43","6.94","75.35","barley"
"51","42","35","17.24","49.65","6.82","83.01","barley"
"48","49","29","18.33","57.43","7.32","48.23","barley"
"60","36","36","15.04","53.64","6.79","65.04","barley"
"61","30","31","16.56","47.78","8.09","46.05","barley"
"69","37","28","12","64.1","7.06","63.34","barley"
"65","37","25","17.35","45","7.26","61.36","barley"
"44","30","40","21.69","59.31","6.9","69.76","barley"
"60","41","32","21.54","56.95","7.33","62.42","barley"
"46","39","32","22.06","56.39","7.72","35.94","barley"
"44","35","39","19.49","55.9","7.24","58.76","barley"
"40","50","31","18.74","52.64","7.25","60.81","barley"
"60","50","35","18.33","52.84","7.54","53.38","barley"
"58","45","41","17.29","54.47","7.23","57.9","barley"
"56","42","40","21.34","58.64","7.56","56.67","barley"
"59","48","32","20.79","59.19","7.56","73.37","barley"
"69","50","49","15.92","54.37","7.85","35","barley"
"71","45","37","12","47.25","7.35","43.18","barley"
"78","40","27","12","61.65","7.81","54.23","barley"
"63","38","37","17.01","55.47","7.92","60.69","barley"
"62","39","32","13.51","53.4","7.27","61.19","barley"
"67","45","34","14.8","63.18","7.45","44.55","barley"
"53","42","39","19.05","57.4","7.39","57.18","barley"
"52","39","39","21.03","58.57","7.84","58.23","barley"
"72","34","29","18.85","50.6","7.51","69.19","barley"
"68","46","50","15.63","49.58","7.58","43.24","barley"
"63","43","38","18.24","49.73","6.85","74.13","barley"
"59","30","44","18.28","59.89","6.96","68.38","barley"
"59","45","44","19.49","57.47","7.17","62.5","barley"
"46","36","50","19.76","61.24","7.66","74.85","barley"
"56","41","39","22.76","52.9","7.05","70.95","barley"
"75","50","41","18.03","60.21","7.49","56.37","barley"
"72","48","40","15.63","60.15","7.23","51.66","barley"
"64","46","30","18.9","59.08","7.41","73.55","barley"
"69","43","40","16.77","60.05","6.85","70.97","barley"
"73","32","44","17.24","59.2","6.5","59.03","barley"
"55","50","46","15.25","56.6","7.85","56.31","barley"
"63","31","36","12.34","58.03","7.32","35","barley"
"62","41","38","12.08","47.93","7.68","57.57","barley"
"51","45","29","21.63","61.01","7.08","63","barley"
"60","45","38","17.74","48.23","7.67","50.59","barley"
"63","36","35","19.83","51.16","7.32","48.51","barley"
"53","37","39","16.05","58.03","8.2","47.17","barley"
"71","49","42","16.85","50.58","8.12","68.45","barley"
"72","34","30","22.3","55.22","7.6","65.84","barley"
"45","42","40","15.59","62.29","7.59","62.96","barley"
"47","45","36","12.96","50.86","7.47","36.16","barley"
"79","33","29","16.32","50.39","7.07","77.05","barley"
"54","39","41","18.26","51.82","7.48","80.48","barley"
"47","40","34","12.69","48.2","6.85","57.91","barley"
"50","33","43","17.16","56.62","6.83","67.13","barley"
"51","42","38","19.37","62.72","8.2","57.79","barley"
"60","30","41","22.32","56.61","7.74","55.92","barley"
"60","42","41","17.16","47.07","7.26","64.15","barley"
"56","32","45","20.2","52.35","7.45","90","barley"
"76","37","38","13.32","54.21","8.2","48.5","barley"
"72","44","38","15.58","56.06","6.62","70.56","barley"
"49","44","38","20.94","52.22","7.24","73.9","barley"
"50","41","31","20.29","49.62","7.11","40.64","barley"
"66","45","49","20.98","55.24","7.72","62.36","barley"
"62","47","43","17.13","51.29","7.46","57.92","barley"
"69","39","33","14.49","53.46","7.09","37.75","barley"
"60","39","31","18.38","51.58","7.86","71.1","barley"
"80","36","29","19.62","54.6","7.66","49.6","barley"
"69","40","27","18.74","55.15","7.15","47.71","barley"
"45","33","43","13.9","54.43","7.04","81.57","barley"
"64","32","36","19.53","57.1","7.57","44.84","barley"
"61","39","43","16.94","53.31","7.38","52.47","barley"
"59","40","41","19.74","63.57","7.76","53.67","barley"
"62","41","35","20.5","56.33","7.67","35","barley"
"65","30","44","17.94","54.29","7.32","57.62","barley"
"40","41","40","15.15","55.25","7.08","49.43","barley"
"54","48","35","20","51.56","7.66","90","barley"
"69","36","46","15.22","57.07","7.32","72.38","barley"
"58","39","25","17.09","51.84","6.65","36.86","barley"
"61","49","50","15.84","49.87","7.39","69.1","barley"
"80","50","37","14.5","53.31","7.05","72.4","barley"
"51","39","35","17.09","50.41","7.57","40.63","barley"
"59","43","50","16.44","48.65","7.01","61.82","barley"
"58","39","39","13.81","64.36","7.79","68.82","barley"
"50","36","36","21.26","57.69","6.61","61.23","barley"
"67","49","31","15.12","50.42","7.58","57.68","barley"
"70","47","34","15.45","57.61","6.87","63.22","barley"
"67","30","35","15.5","50.79","6.94","58.84","barley"
"61","41","33","20.43","60.39","7.23","46.14","barley"
"58","38","38","18.17","45","7.02","70.08","barley"
"56","40","43","17.73","56.39","6.64","54.63","barley"
"80","38","38","22.45","54.12","7.73","69.9","barley"
"51","48","43","17.65","65","7.1","81.89","barley"
"73","50","41","22.86","58.04","7.84","66.78","barley"
"54","46","34","18.68","56.42","7.93","49.86","barley"
"64","33","42","12.45","60.41","7.37","81.49","barley"
"66","37","39","19.29","52.3","7.57","62.8","barley"
"69","42","38","16.33","57.03","6.93","57.26","barley"
"67","42","40","20.95","57.29","8.13","58.29","barley"
"46","33","43","14.23","57.56","7.48","70.94","barley"
"49","41","35","18.82","54.59","7.59","68.2","barley"
"40","36","46","23.15","59.42","6.97","55.72","barley"
"49","39","28","17.46","61.64","7.02","55.55","barley"
"60","36","35","14.53","63.24","7.37","56.47","barley"
"66","37","28","21.54","56.87","7.49","46.56","barley"
"49","43","40","16.54","60.31","7.48","53.83","barley"
"55","45","44","18.64","48.65","7.05","63.72","barley"
"51","34","32","20.89","61.26","6.92","54.47","barley"
"51","41","33","14.45","56.53","7.35","60.45","barley"
"71","48","32","17.72","58.93","7.72","35.7","barley"
"56","39","43","17.86","55.88","7.13","56.61","barley"
"71","41","36","23.93","58.8","6.87","42.3","barley"
"46","49","33","16.86","59.2","6.97","73.2","barley"
"59","41","36","19.35","61.94","7.31","66.04","barley"
"48","38","50","22.4","56.91","7.33","50.28","barley"
"65","37","45","17.18","48.13","7.47","35","barley"
"71","30","37","21.3","57.13","7.21","68.41","barley"
"78","43","29","12","50.34","7.41","35.18","barley"
"73","42","26","16.73","56.23","7.17","66.05","barley"
"68","49","37","19.67","51.06","7.45","65.92","barley"
"52","43","33","23.68","48.94","7.52","42.15","barley"
"59","40","34","14.32","65","7.42","78.97","barley"
"56","32","39","16.17","46.04","7.7","56.1","barley"
"68","42","34","15.22","57.88","7.01","43.59","barley"
"73","45","35","15.5","56.27","7.83","84.57","barley"
"40","34","37","20.51","59.42","7.82","49.9","barley"
"80","42","36","20.19","54.18","7.84","62.43","barley"
"56","30","41","20.11","60.46","7.18","70.78","barley"
"80","37","45","24.78","59.37","7.27","61.06","barley"
"70","38","35","16.1","62.57","6.8","67.68","barley"
"60","44","36","17.84","54.54","7.07","53.62","barley"
"48","40","44","16.97","55.24","7.95","54.04","barley"
"41","35","31","19.61","55.62","6.96","77.85","barley"
"56","32","33","12","56.71","7.14","78.15","barley"
"57","35","37","21.79","49.74","6.86","68.3","barley"
"52","50","43","14.94","51.01","7.52","59.65","barley"
"45","39","34","17.18","48.28","7.72","43.46","barley"
"61","45","36","16.51","50.16","7.73","47.34","barley"
"51","43","50","17.35","47.26","8.2","56.45","barley"
"61","41","43","20.05","56.67","7.76","68.39","barley"
"55","37","25","18.79","57.45","6.96","35","barley"
"51","37","47","13.6","45","7.17","75.88","barley"
"58","50","40","18.19","54.33","6.9","63.45","barley"
"48","49","49","13.37","56.6","7.58","48.47","barley"
"53","36","45","16.11","52.28","7.54","41.8","barley"
"49","42","35","20.72","54.4","7.42","57.25","barley"
"76","40","42","16.17","52.81","7.67","51.88","barley"
"40","41","30","15.1","63.74","7.2","85.64","barley"
"70","33","47","19.64","50.86","7.98","70.8","barley"
"45","37","34","15.16","45.12","7.34","67.5","barley"
"54","45","37","16.21","59.47","7.38","65.31","barley"
"68","35","31","18.69","60.06","7.58","80.34","barley"
"62","39","25","12.22","56.71","7.52","79.83","barley"
"61","30","42","14.25","56.06","7.84","63.44","barley"
"59","36","34","19.83","53.88","7.59","56.91","barley"
"69","50","39","17.56","61.62","7.97","52.35","barley"
"55","38","38","17.57","56.16","7.6","71.88","barley"
"71","42","46","17.26","54.69","7.29","39.55","barley"
"59","40","28","17.52","45","7.1","53.66","barley"
"66","38","31","14.2","55.04","7.68","42.3","barley"
"69","34","44","18.6","50.85","7.25","71.25","barley"
"63","30","31","16.1","52.13","6.98","54.11","barley"
"55","39","36","13.28","57.13","7.95","76.75","barley"
"73","50","32","15.43","55.6","7.89","62.39","barley"
"71","39","36","18.47","51.18","7.54","71.62","barley"
"70","38","43","12.98","59.76","8.14","64.24","barley"
"54","43","36","18.66","52.96","7.99","40.62","barley"
"63","38","40","15.87","61.45","7.36","35","barley"
"78","45","26","17.29","50.52","7.18","60.64","barley"
"58","50","30","15.34","48.86","7.3","64.2","barley"
"53","38","36","20.95","58.92","7.87","62.56","barley"
"80","42","45","18.99","55.36","8.2","66.31","barley"
"59","43","48","14.47","61.06","7.38","76.49","barley"
"45","46","27","19.15","55.88","7.11","36.73","barley"
"52","33","37","14.12","54.45","7.3","70.13","barley"
"68","36","41","16.55","46.38","7.91","64.56","barley"
"53","38","41","13.45","48.96","7.11","65.56","barley"
"59","37","35","18.58","55.08","7.88","47.41","barley"
"69","44","34","19.35","58.23","7.68","39.12","barley"
"54","40","25","12.32","56.33","6.87","44.76","barley"
"57","44","41","14.97","64.12","7.96","68.96","barley"
"67","44","40","17.06","61.81","7.47","66.55","barley"
"57","45","44","13.8","59.83","6.96","82.32","barley"
"53","43","37","14.52","45","6.92","78.48","barley"
"72","33","25","17.52","52.35","7.52","35","barley"
"67","35","32","20.65","45.48","7.66","42.38","barley"
"66","35","33","20.91","63.35","6.65","77.19","barley"
"54","30","37","17.73","58.8","7.66","84.28","barley"
"49","42","40","18.46","47.73","7.7","35","barley"
"70","37","42","15.85","53.55","7.15","58.87","barley"
"70","39","37","20.93","60.91","7.9","43.63","barley"
"59","36","36","17.93","58.28","7.56","60.25","barley"
"65","44","44","17.29","55.62","6.76","65.3","barley"
"53","38","40","16.42","63.53","7.92","53.4","barley"
"56","44","38","20.12","57.68","6.92","69.16","barley"
"61","34","29","16.11","55.36","7.5","56.23","barley"
"67","39","33","19.54","56.58","7.77","66.4","barley"
"66","38","40","20.41","56.09","7.82","78.15","barley"
"67","34","44","17.83","55.01","7.37","63.64","barley"
"49","34","43","18.54","49.22","7.52","52.2","barley"
"40","41","30","17.26","52.66","7.98","64.2","barley"
"56","32","28","18.06","56.67","7.46","36.79","barley"
"68","34","33","17.29","57.77","6.5","39.9","barley"
"61","46","40","23.98","62.37","7.51","54","barley"
"46","41","38","23.51","49.53","7.4","63.77","barley"
"71","42","35","17.67","58.63","7.1","39.94","barley"
"59","33","37","14.14","58.44","7.17","42.3","barley"
"59","41","39","17.75","64.93","7.2","65.35","barley"
"54","35","44","16.83","52.48","7.05","60.14","barley"
"66","39","41","18","55.94","6.91","69.42","barley"
"61","38","38","14.54","52.29","7.77","62.85","barley"
"80","40","44","20.31","60.02","7.66","60.54","barley"
"66","48","36","16.74","64.05","7.96","67.13","barley"
"67","38","36","20.5","56.18","7.41","64.4","barley"
"77","39","41","17.99","53.42","7.15","67.79","barley"
"63","40","40","20.71","49.41","7.83","49.01","barley"
"68","35","38","24.29","50.6","7.48","68.82","barley"
"62","37","31","17.27","56.05","7.85","57.97","barley"
"52","43","46","20.74","61.83","8.02","54.48","barley"
"62","40","30","21.68","45.95","7.3","73.14","barley"
"67","38","35","18.48","56.59","7.64","54.83","barley"
"46","43","31","17.41","60.17","7.63","57.46","barley"
"68","35","50","15.88","57.9","7.04","70.4","barley"
"80","41","42","20.66","50.89","7.46","39.83","barley"
"66","43","32","25","55.66","8.2","46.73","barley"
"68","38","25","12","59.78","7.94","70.98","barley"
"62","44","33","18.37","55.27","7.66","64.71","barley"
"60","46","37","20.19","60.64","7.25","50.23","barley"
"65","50","34","20.03","51.08","7.21","63.21","barley"
"63","43","31","18.93","49.01","7.18","62.49","barley"
"68","49","32","21.09","61.46","7.8","75.83","barley"
"55","42","38","17.01","54.47","8","48.1","barley"
"59","30","36","17.83","48.48","6.94","55.49","barley"
"78","40","29","14.84","60.2","7.23","48.39","barley"
"57","50","43","22.82","48.37","8.2","56.54","barley"
"57","37","38","16.17","57.62","7.48","54.2","barley"
"52","41","44","15.41","58.35","6.89","52.98","barley"
"60","40","37","14.21","56.81","7.95","59.99","barley"
"59","40","43","15.7","58.81","7.05","60.19","barley"
"42","44","26","25","56.76","8.2","57.59","barley"
"61","32","35","18.52","52.53","7.35","82.05","barley"
"60","33","42","14.37","54.72","7.14","65.36","barley"
"67","39","31","18.26","55.08","7.24","36.47","barley"
"68","35","35","19.47","50.53","7.32","61.34","barley"
"63","50","36","19.03","61.67","7.54","50.39","barley"
"80","44","29","16.22","65","7.54","48.35","barley"
"74","43","43","22.7","55.39","7.51","59.37","barley"
"65","46","40","20.71","45","6.85","70.71","barley"
"74","42","47","19.52","53.68","7.69","39.63","barley"
"59","33","41","22.85","47.13","7.17","73.67","barley"
"40","37","32","21.29","53.07","7.7","82.59","barley"
"53","40","25","17.75","50.42","7.32","79.33","barley"
"67","35","43","17.33","60.11","7.05","64.14","barley"
"57","37","30","14.54","48.3","7.5","64.2","barley"
"42","35","32","19.07","56.55","7.86","73.29","barley"
"51","46","42","20.98","53.02","7.29","55","barley"
"53","40","28","17.66","54.2","6.56","76.24","barley"
"75","50","37","12.66","55.36","7.41","61.67","barley"
"80","41","39","19.77","51.25","7.1","66.88","barley"
"40","43","46","14.95","51.94","7.06","52.04","barley"
"62","39","34","22.25","46.34","7.53","77.3","barley"
"57","38","49","16.76","54.55","7.46","50.73","barley"
"55","33","26","15.61","52.11","6.91","66.89","barley"
"51","34","31","19.17","62.82","7.38","73.84","barley"
"73","47","46","21.92","60.21","7.81","48.08","barley"
"51","33","36","22.02","56.69","7.22","84.04","barley"
"64","44","30","22.18","57.79","6.99","68.94","barley"
"54","34","32","15.63","59.51","7.32","77.86","barley"
"54","50","45","19.49","55.58","7.71","67.73","barley"
"56","42","27","22","52.53","7.21","55.14","barley"
"40","46","31","19.57","52.94","7.65","66.7","barley"
"68","44","33","21.24","55.94","7.56","55.06","barley"
"62","38","41","25","53.17","7.05","90","barley"
"71","42","37","17.34","57.08","7.36","35","barley"
"67","35","38","20.88","53.37","7.5","90","barley"
"44","36","49","15.81","61.48","7.56","37.95","barley"
"78","30","39","16.09","56.58","7.59","55.81","barley"
"57","30","36","15.42","50.84","7.65","74.06","barley"
"73","37","36","18.85","65","7.53","55.53","barley"
"59","44","38","13.69","46.85","7.68","35","barley"
"59","44","41","18.6","60.06","7.21","62.98","barley"
"57","39","33","15.06","52.57","7.38","59.35","barley"
"58","30","40","16.44","53.17","7.45","62.15","barley"
"63","49","36","17.79","59.17","8.2","63.75","barley"
"57","42","38","16.76","48.8","7.83","36.16","barley"
"69","50","38","22.45","55.22","7.3","50.18","barley"
"50","43","46","16.67","48.69","7.45","49.96","barley"
"56","48","33","22.21","46.63","7.67","53.82","barley"
"62","44","37","20.54","45.31","7.35","49.37","barley"
"70","30","45","16.75","49.25","7.24","44.14","barley"
"51","35","46","19.6","55.78","7.61","59.46","barley"
"59","47","39","18.22","45.55","7.85","55.3","barley"
"68","39","38","22.78","51.91","6.93","59.33","barley"
"50","40","33","18.67","51.76","7.11","47.35","barley"
"53","50","32","16.08","57.21","7.21","35","barley"
"60","40","34","22.28","48.23","7.78","36.96","barley"
"52","33","37","20.77","55.23","8.07","66.53","barley"
"50","30","33","18.68","59.77","7.52","73.29","barley"
"66","37","47","18.18","63.13","6.89","52.27","barley"
"49","47","42","17.64","58.63","7.26","51.26","barley"
"67","30","31","14.39","51.45","7.65","65.29","barley"
"50","41","47","21.96","61.6","7.04","48.44","barley"
"59","50","36","20.46","58.35","7.73","53.37","barley"
"55","45","33","12","45","7.71","74.05","barley"
"57","41","35","18.34","57.45","7.18","42.15","barley"
"71","41","34","23.74","47.82","7.52","35.97","barley"
"66","38","40","19.6","54.42","7.22","57.07","barley"
"66","37","33","20.5","56.37","7.91","73.93","barley"
"55","30","41","15.01","56.99","7.44","60.42","barley"
"62","40","46","12.91","65","6.98","73.32","barley"
"51","45","39","17.58","59.75","7.88","57.91","barley"
"50","40","39","16.07","63.74","7.14","90","barley"
"72","47","36","18.53","65","7.63","76.85","barley"
"69","30","33","18.14","57.69","7.02","64.55","barley"
"68","36","33","18.18","56.33","7.85","69.01","barley"
"52","32","38","18.88","47.88","7.77","40.07","barley"
"67","46","35","21.46","55.68","7.68","46.9","barley"
"69","30","35","14.33","53.55","7.15","52.69","barley"
"42","37","37","16.99","54.09","7.6","72.26","barley"
"64","45","40","18.04","56.64","7.63","64.14","barley"
"64","30","30","17.42","49.97","7.18","66.32","barley"
"65","33","35","16.04","51.01","6.68","52.13","barley"
"64","35","27","25","54.36","7.49","76.43","barley"
"56","37","40","13.06","57.76","8.2","50.14","barley"
"70","46","33","18.61","59.5","7.1","75.46","barley"
"66","31","43","20.13","56.29","7.68","48.62","barley"
"69","38","48","17.03","65","7.15","40.58","barley"
"54","30","39","17.01","50.55","7.69","77.35","barley"
"59","42","36","14.02","51.55","7.24","78.97","barley"
"79","46","47","16.97","55.71","8.06","60.28","barley"
"52","46","40","16.14","53","7.14","36.79","barley"
"67","38","29","19.08","63.71","8.05","49.58","barley"
"78","45","30","18.07","56.45","7.46","46.98","barley"
"67","44","37","12","45.46","7.13","78.27","barley"
"62","44","34","25","48.45","7.53","47.33","barley"
"46","34","35","13.71","55.63","7.07","65.65","barley"
"61","35","44","16.74","54.27","7.77","51.48","barley"
"40","50","41","18.4","49.34","7.91","63.62","barley"
"55","50","38","13.58","50.79","7.99","64.02","barley"
"61","31","38","23.3","54.99","7.6","60.51","barley"
"60","40","27","19.05","52.3","7.28","63.85","barley"
"55","33","41","22.22","60.54","6.76","75.53","barley"
"71","40","40","25","56.59","7.52","68.14","barley"
"57","30","31","20.88","58.98","7.18","36.47","barley"
"73","36","34","16.47","58.74","7.54","78.96","barley"
"58","45","31","19.85","60.86","7.12","43.7","barley"
"45","31","35","20.23","51.48","7.32","53.91","barley"
"51","42","42","16.85","51.57","6.65","76.46","barley"
"59","30","37","18.86","58.84","7.38","66.06","barley"
"62","35","43","16.29","62.32","6.72","64.21","barley"
"66","39","46","17.75","64.24","6.87","53.86","barley"
"62","43","39","16.95","61.06","7.94","82","barley"
"51","37","37","25","60.8","7.27","55.64","barley"
"50","32","28","18.72","49.3","7.55","51.13","barley"
"65","35","32","23.45","53.92","7.39","49.68","barley"
"54","39","44","18.93","56.99","6.94","46.31","barley"
"57","44","41","19.59","53.36","6.92","47.88","barley"
"62","33","39","21.69","55.9","7.44","76.53","barley"
"73","50","34","15.21","57.38","8.09","71.18","barley"
"40","44","30","23.97","58.41","7.17","58.49","barley"
"67","43","37","17.17","55.26","7.97","59.37","barley"
"61","34","26","18.76","51.17","7.61","58.11","barley"
"70","45","39","15.53","54.97","7.17","55.55","barley"
"72","42","25","13.9","52.18","6.53","53.74","barley"
"59","44","43","22.19","59.23","8.2","84.44","barley"
"60","40","36","20.23","47.08","7.16","81.28","barley"
"59","40","41","16.31","51.49","7.17","50.41","barley"
"44","37","39","18.65","57.78","7.27","57.59","barley"
"57","30","41","15.96","59.29","7.17","58.2","barley"
"51","32","42","16.66","58.99","7.7","60.39","barley"
"52","34","33","25","57.03","7.34","59.4","barley"
"57","50","48","14.64","54.91","7.21","66.71","barley"
"66","32","26","20.43","52.28","7.8","64.19","barley"
"51","41","41","13.61","51.68","7.37","52.1","barley"
"46","43","29","15.96","52.72","7.41","49.85","barley"
"73","37","26","13.46","63.81","7.5","41.04","barley"
"66","44","33","21.07","56.59","7.39","64.75","barley"
"55","34","41","15.44","55.93","7.6","46.38","barley"
"45","30","33","16.94","58","7.39","35","barley"
"77","39","44","18.87","62.83","7.92","62.33","barley"
"77","39","36","23.19","58.11","7.38","76.69","barley"
"59","30","32","20.31","51.96","7.39","59.89","barley"
"77","42","25","15.99","59.9","7.77","54.01","barley"
"58","36","33","16.95","48.54","6.5","73.99","barley"
"58","42","25","17.8","46.13","8.02","70.39","barley"
"71","30","46","19.16","56.02","6.87","52.13","barley"
"61","41","46","23.03","63.1","7.05","77.28","barley"
"57","39","35","20.37","45","7.22","53.21","barley"
"72","33","34","22.15","53.28","7.81","44.98","barley"
"60","43","28","21.96","63.52","8.06","87.42","barley"
"55","32","35","14.4","50.76","7.81","42.63","barley"
"76","37","36","17.11","60.39","7.12","50.82","barley"
"42","35","28","23.53","63.48","7.5","75.99","barley"
"47","42","31","20.55","56.89","7.4","41.21","barley"
"60","36","45","18.49","58.58","8.1","55.86","barley"
"58","48","25","22.29","52.3","7.53","55.55","barley"
"63","43","30","16.31","45.49","7.79","52.33","barley"
"66","38","35","20.5","56.69","7.53","55.93","barley"
"64","37","36","18.56","54.78","7.44","60.28","barley"
"51","39","31","18.68","52.99","6.5","69.86","barley"
"60","40","36","18.6","62.57","6.5","38.82","barley"
"66","43","39","14.48","56.83","8.02","35","barley"
"57","40","40","23.29","57.06","7.2","55.76","barley"
"49","40","42","14.24","65","7.48","53.9","barley"
"47","43","44","18.86","55.06","7.57","62.79","barley"
"60","35","32","17.58","50.92","7.34","43.36","barley"
"53","44","33","18.26","48.74","7.53","68.24","barley"
"52","41","31","20.27","57.95","7.37","67.2","barley"
"57","30","33","23.66","54.74","6.91","78.66","barley"
"56","36","32","20.6","60.21","7.48","65.31","barley"
"57","40","40","17.6","57.22","7.63","54.45","barley"
"60","41","31","18.85","59.9","7.33","67.58","barley"
"60","40","33","20.17","51.19","8.02","50.28","barley"
"69","35","43","16.94","45.11","7.11","72.81","barley"
"62","32","39","22.91","52.76","6.87","54.95","barley"
"59","44","31","18.36","53.92","7.97","45.34","barley"
"41","49","45","20.04","45","7.24","37.51","barley"
"67","31","44","18.44","58.4","7.73","82.6","barley"
"71","48","43","13.24","47.5","7.77","37.9","barley"
"70","30","43","17.33","59.27","8.2","41.31","barley"
"60","50","40","18.03","53.8","7.93","45.77","barley"
"67","38","32","13.83","54.55","7.81","67.2","barley"
"60","48","39","21.23","57.44","7.37","71.09","barley"
"70","45","35","24.28","52.72","7.89","70","barley"
"80","46","31","13.75","51.89","7.78","65.66","barley"
"56","40","35","14.16","53.47","7.23","51.53","barley"
"53","45","31","15.12","53.86","7.94","54.3","barley"
"75","45","28","19.65","46.06","7.25","35","barley"
"59","42","29","17.33","53.4","7.37","60.9","barley"
"56","43","29","16.99","63.46","7.63","56.11","barley"
"63","42","33","16.18","55.98","7.15","64.54","barley"
"61","39","25","17.88","56.86","7.83","72.33","barley"
"58","49","42","15.96","55.1","7.64","77.19","barley"
"61","38","42","13.96","54.65","6.72","49.09","barley"
"41","36","27","12","53.05","7.27","53.08","barley"
"73","43","33","21.34","51.33","6.94","71.38","barley"
"61","45","33","16.14","51.72","7.48","47.23","barley"
"43","37","32","21.97","54.06","7.36","58.22","barley"
"50","50","38","21.34","59.44","7.26","54.17","barley"
"63","50","25","20.72","50.09","8.17","64.55","barley"
"69","32","30","18.48","46.19","7.23","80.72","barley"
"69","49","35","21.99","45.76","7.86","46.17","barley"
"57","38","38","20.37","58.7","8.2","59.29","barley"
"68","38","34","19.15","57.26","7.66","52.9","barley"
"74","40","38","17.57","55.93","7.65","58.81","barley"
"66","30","29","13.5","51.39","6.88","54.45","barley"
"65","40","38","20.98","50.75","7.73","42.76","barley"
"52","50","39","23.5","55.29","7.46","77.76","barley"
"66","46","46","24.14","57.62","7.81","58.8","barley"
"68","49","26","23.58","55.02","6.69","68.56","barley"
"58","40","36","17.8","56.93","6.95","45.27","barley"
"54","38","50","13.73","58.26","7.83","43.17","barley"
"53","38","42","24.09","54.69","7.27","68.97","barley"
"57","46","35","20.7","53.66","7.02","50.06","barley"
"56","31","35","14.72","58.34","7.99","71.61","barley"
"57","46","31","16.52","49.22","7.62","47.31","barley"
"69","47","36","19.4","52.74","7.3","75.19","barley"
"65","34","36","15.04","56.29","7.53","36.29","barley"
"79","45","32","16.65","58","7.21","61.06","barley"
"49","33","38","12","64.6","7.52","46.93","barley"
"71","43","25","13.98","54.18","7.62","54.27","barley"
"68","45","37","20.66","58.02","7.33","62.09","barley"
"71","34","33","20.69","55.68","7.72","61.6","barley"
"59","41","39","18.52","58.2","7.24","67.92","barley"
"65","44","33","20.3","57.83","8.2","49.67","barley"
"57","35","25","19.1","51.39","7.2","53.45","barley"
"70","31","35","20.17","61.8","7.15","50.03","barley"
"71","36","29","18.13","54.59","7.4","63.19","barley"
"51","50","36","18.98","54.56","7.72","70.69","barley"
"61","42","38","19.98","58.14","7.64","58.15","barley"
"65","41","30","12","57.88","7.24","57.56","barley"
"58","32","27","12","56.74","7.49","44.09","barley"
"41","31","36","18.89","55.81","7.53","63.53","barley"
"55","39","39","18.73","48.24","7.16","53.11","barley"
"57","30","28","22.26","53.51","6.76","58.45","barley"
"57","34","33","15.83","57.59","7.43","49.75","barley"
"42","33","33","17.51","51.21","6.97","80.94","barley"
"56","38","41","15.18","53.41","6.82","74.18","barley"
"66","36","36","16.42","57.18","7.51","35","barley"
"59","40","35","19.25","53.16","8.11","81.71","barley"
"63","47","42","14.07","49.92","6.88","63.89","barley"
"56","40","39","16.23","56.39","7.91","65.94","barley"
"65","41","38","20.28","57.76","7.44","51.7","barley"
"58","40","29","16.88","52.85","7.26","82.42","barley"
"51","36","32","15.34","58.88","7.16","86.4","barley"
"71","44","31","20.4","51.56","7.02","55.68","barley"
"58","43","34","15.84","57.42","7.03","77.12","barley"
"58","40","30","16.88","45.15","7.27","69.36","barley"
"63","46","45","16.69","49.47","7","62.74","barley"
"61","42","29","16.74","51.05","8.16","45.21","barley"
"63","43","43","22.01","61.88","6.97","59.13","barley"
"71","43","32","20.11","61.41","7.59","67.39","barley"
"53","40","25","13.24","49.68","6.78","70.51","barley"
"54","42","33","20.41","52.57","7.49","75.6","barley"
"73","38","40","17.86","45","7.55","54.24","barley"
"73","35","38","15.07","49.36","7.68","45.81","barley"
"40","31","34","16.39","58.8","7.38","73.44","barley"
"60","42","38","21.66","59.82","7.25","66.04","barley"
"64","49","33","19.55","59.42","7.63","43.31","barley"
"58","36","50","20.1","63.45","7.5","39.25","barley"
"61","41","38","22.41","47.55","8.13","58.24","barley"
"77","36","32","18.94","53.58","7.86","68.9","barley"
"55","40","39","12.14","61.94","7.56","59.21","barley"
"61","41","25","15.37","59.19","7.98","42.32","barley"
"58","49","36","18.4","54.52","7.8","57.81","barley"
"79","39","32","14.72","54.46","7.23","35","barley"
"68","50","44","18.81","52.77","6.5","35","barley"
"65","38","39","15.32","56.9","8.2","59.91","barley"
"51","45","36","20.72","51.29","7.82","58","barley"
"48","30","31","20.39","49.29","7.47","77.21","barley"
"47","34","35","20.29","54.97","7.93","40.88","barley"
"70","49","40","23.06","58.96","7.09","57.58","barley"
"53","36","42","17.76","61.64","7.32","79.71","barley"
"80","32","41","16.36","65","7.08","69.07","barley"
"67","37","33","16.89","54.14","7.83","54.62","barley"
"72","44","35","23","62.41","7.23","65.36","barley"
"47","47","43","14.19","55.65","7.25","59.17","barley"
"60","47","31","22.25","50.83","6.92","41.08","barley"
"73","42","38","19.86","59.11","7.63","57.05","barley"
"48","37","40","19.49","60.46","7.84","53.96","barley"
"62","40","41","13.54","56.51","7.61","66.89","barley"
"56","45","42","20.91","52.53","7.51","59.93","barley"
"59","32","31","16.75","55.17","7.43","75.38","barley"
"48","38","40","15.89","57.39","7.59","52.74","barley"
"59","46","26","22.17","50.46","7.46","47.03","barley"
"60","32","25","17.91","55.16","7.58","52.76","barley"
"65","45","37","18.32","52.52","7.06","51.24","barley"
"61","48","33","16.36","55.42","7.46","56.35","barley"
"66","50","42","18.33","56.95","7.5","43.72","barley"
"66","42","25","17.66","52.08","7.44","57.06","barley"
"80","42","47","19.17","54.16","7.46","35.95","barley"
"63","35","30","16","54.66","7.32","62.2","barley"
"57","33","39","18.05","50","7.49","71.12","barley"
"54","44","34","18.19","58.86","8.17","50.85","barley"
"57","44","33","21.21","60.32","6.64","90","barley"
"70","32","29","14.35","63.36","7.39","60.24","barley"
"58","39","31","17.02","64.34","7.55","53.93","barley"
"51","42","32","18.32","53.28","6.98","90","barley"
"57","39","26","14.15","51.44","7.18","59.7","barley"
"57","35","35","17.82","53.77","7.7","60.42","barley"
"58","46","35","20.32","60.6","7.41","68.63","barley"
"54","37","39","15.71","57.48","6.65","90","barley"
"57","45","38","18.06","50.26","7.56","75.55","barley"
"59","38","39","13.74","58.39","7.71","36.47","barley"
"62","38","39","15.74","54.6","7.64","53.22","barley"
"56","37","38","18.11","63.96","7.07","57.48","barley"
"51","35","36","22.94","55.23","7.99","72.84","barley"
"64","50","41","21.39","55.47","7.5","60.31","barley"
"55","38","31","18.36","53.04","7.23","62.24","barley"
"62","44","41","16.23","59.05","7.45","56.04","barley"
"68","34","40","18.94","58.53","7.81","60.28","barley"
"67","40","29","16.68","58.94","7.12","62.59","barley"
"66","45","37","15.47","58.04","7.52","56.98","barley"
"68","34","35","21.5","47.93","8.18","69.34","barley"
"47","30","40","23.34","48.08","6.75","56.69","barley"
"68","35","31","21.58","61.88","7.83","55.72","barley"
"51","42","27","12.77","52.04","7.31","56.66","barley"
"41","37","29","17","47.84","7.69","64.3","barley"
"76","50","37","18.94","60.27","7.48","56.24","barley"
"70","43","42","21.26","57.32","7.09","64.04","barley"
"57","43","45","19.51","51.56","7.57","74.04","barley"
"73","33","36","16.93","48.69","8.2","63.05","barley"
"50","42","36","17.42","63.28","7.76","56.02","barley"
"50","34","30","18.4","50.88","7.29","85.72","barley"
"61","43","35","15.08","65","8.15","35","barley"
"62","40","43","20.16","55.98","6.91","52.69","barley"
"54","34","41","16.15","54.44","7.07","87.25","barley"
"64","30","40","22.39","55.19","6.86","57.72","barley"
"53","41","37","16.71","47.66","7.14","74.44","barley"
"59","42","38","13.65","54.64","6.7","56.9","barley"
"71","34","34","15.68","45.46","7.63","54.06","barley"
"54","48","34","18.55","49.13","8.11","56.78","barley"
"47","44","36","20.33","45.54","7.33","52.84","barley"
"66","39","38","21.73","58.74","7.95","54.13","barley"
"78","34","48","16.98","56.09","7.84","43.08","barley"
"53","36","42","20.17","50.38","7.55","51.06","barley"
"49","41","28","17.99","56.54","7.07","44.12","barley"
"66","38","43","15.91","59.37","6.91","50.66","barley"
"60","45","34","23.59","58.6","7.47","62.09","barley"
"75","43","28","17.84","56.66","7.95","69.15","barley"
"71","32","32","16.04","57.1","7.85","64.81","barley"
"66","48","33","13.86","55.44","7.25","59.88","barley"
"78","36","37","18.11","61.78","7.39","67.9","barley"
"52","32","36","20.68","56.47","7.96","43.21","barley"
"73","50","31","17.71","45.49","7.26","86.56","barley"
"57","44","31","16.18","57.07","7.26","59.7","barley"
"40","38","39","18.23","61.79","7.93","55.81","barley"
"68","38","37","23.56","60.62","8.06","52.64","barley"
"58","50","34","17.52","65","7.38","71.41","barley"
"54","36","25","12.64","53.19","7.42","76.54","barley"
"76","47","33","16.81","57.34","7.48","68.24","barley"
"53","44","39","17.11","54.59","7.8","59.06","barley"
"66","35","50","19.99","51.42","6.91","52.45","barley"
"53","35","37","16.25","53.4","7.43","63.83","barley"
"54","49","37","20.25","46.07","7.52","65.45","barley"
"67","32","37","12","52.22","7.96","54.2","barley"
"58","35","35","22.81","53.64","7.46","88.77","barley"
"62","38","37","13.57","52.83","7.34","35","barley"
"74","35","43","22.99","52.34","8.2","62.83","barley"
"80","45","27","15.73","63.03","7.78","48.43","barley"
"55","38","49","13.41","55.64","7.96","75.47","barley"
"54","39","31","21.47","61.96","7.54","82.55","barley"
"57","40","34","22.1","55.7","7.31","56.28","barley"
"68","39","46","17.85","58.2","6.91","52.89","barley"
"69","32","45","19.94","60.54","7.43","41.05","barley"
"61","42","41","23.09","53.43","7.58","71.09","barley"
"46","35","26","21.21","57.55","7","69.29","barley"
"62","38","34","15.03","53.37","7.71","43.92","barley"
"42","30","50","12","63.4","7.46","57.48","barley"
"62","44","27","25","50.93","6.9","35","barley"
"60","36","47","19.88","54.66","7.69","39.42","barley"
"68","40","33","21.31","55.94","6.76","61.22","barley"
"51","35","33","17.85","62.82","7.74","60.73","barley"
"55","38","45","24.61","64.91","7.3","55.2","barley"
"68","40","31","19.03","51.32","7.15","83.6","barley"
"49","30","31","17.59","50.63","7.53","50.57","barley"
"51","43","25","17.02","51.9","7.74","56.05","barley"
"72","50","31","19.17","51.79","6.81","57.91","barley"
"63","36","36","20.33","61.97","7.61","63.26","barley"
"52","44","39","18.05","53.9","7.49","53.58","barley"
"72","50","39","17.98","46.69","8.1","53.98","barley"
"64","48","29","19.97","50.42","8","90","barley"
"42","38","40","24.85","58.26","6.59","38.66","barley"
"47","45","36","15.74","50.31","7.67","77.35","barley"
"66","46","36","16.87","59.2","7.79","61.69","barley"
"61","45","30","16.78","47.51","7.74","69.64","barley"
"51","39","40","19.66","50.21","8.2","54.5","barley"
"68","44","33","20.89","59.19","7.04","53.3","barley"
"42","41","36","19.68","58.31","7.09","52.33","barley"
"55","36","29","16.73","61.33","6.96","51.8","barley"
"61","43","33","14.26","52.53","7.64","48.17","barley"
"60","44","34","16.78","59.47","7.24","61.64","barley"
"64","37","27","16.64","46.02","7.11","57.12","barley"
"50","46","27","17.5","65","7.87","58.61","barley"
"52","42","34","25","49.17","7.66","84.73","barley"
"58","38","48","22.11","52.12","7.18","47.65","barley"
"70","42","39","15.23","45","7.29","49.47","barley"
"58","37","38","16.46","54.36","6.96","72.01","barley"
"56","41","37","14.16","52.89","7.78","46.66","barley"
"63","39","32","20.2","53.87","7.74","60.18","barley"
"53","49","45","16.58","53.97","7.35","45.63","barley"
"68","50","39","12.92","53.21","7.52","63.44","barley"
"59","46","25","18.13","58.36","7.49","68.03","barley"
"53","38","30","14.47","50.52","7.1","51.38","barley"
"64","44","37","24.67","62.2","7.37","35","barley"
"71","39","35","16.45","60.26","7.22","56.45","barley"
"55","31","36","18.59","62.35","7.09","61.72","barley"
"64","48","36","12","49.38","7.05","45.6","barley"
"65","44","25","19.59","55.5","7.5","58.14","barley"
"40","45","41","23.14","54.9","7.21","70.39","barley"
"48","33","34","17.1","49.51","7.42","52.7","barley"
"51","30","43","16.46","54.31","7.65","52.37","barley"
"57","35","39","19.67","49.69","7.66","73.86","barley"
"41","37","41","16.3","54.02","7.94","63.35","barley"
"64","38","40","18.54","57.56","7.58","55.2","barley"
"46","36","40","19.62","52.8","7.66","76.37","barley"
"53","38","32","20.07","57.19","7.75","35","barley"
"63","50","34","20.63","56.42","7.56","37.94","barley"
"47","36","26","17.17","48.55","7.32","61.59","barley"
"78","40","38","18.05","54.2","7.98","58.66","barley"
"57","39","34","19.17","58.68","7.78","64.45","barley"
"41","37","27","14.26","62.19","7.46","68.33","barley"
"56","31","41","17.36","54.14","7.49","62.23","barley"
"78","47","34","21.79","51.7","6.99","44.45","barley"
"63","49","29","18.78","53.47","7.99","66.32","barley"
"75","33","44","17.58","57.38","7.02","48.22","barley"
"68","47","39","16.69","46.67","6.99","61.65","barley"
"51","44","41","16.78","53.76","7.77","49.8","barley"
"61","32","39","19.47","52.95","7.79","68.35","barley"
"53","30","25","14.78","65","6.65","62.28","barley"
"52","37","36","16.1","53.21","6.91","35","barley"
"50","36","39","18.94","54.97","7.96","48.3","barley"
"70","35","41","21.53","54.78","6.97","63.14","barley"
"53","43","29","22.12","54.86","7.55","60.85","barley"
"58","35","36","13.77","56.78","7.64","90","barley"
"52","38","32","17.36","62.92","7.01","63.97","barley"
"51","43","47","15.61","58.34","7.47","49.09","barley"
"62","40","31","17.33","50.82","6.84","74.11","barley"
"53","44","46","20.21","62.99","7.83","49.18","barley"
"43","33","35","20.65","56.57","7.33","73.74","barley"
"53","40","38","15.11","46.19","7.32","47.15","barley"
"62","40","30","19.4","65","7.48","45.91","barley"
"50","34","25","21.57","54.96","6.52","76","barley"
"51","46","38","16.97","47.6","6.98","74.1","barley"
"69","41","28","14.46","62.46","7.19","50.88","barley"
"70","44","36","21.68","55.42","7","84.75","barley"
"64","50","42","18.25","59.63","7.29","35","barley"
"60","48","39","17.21","55.89","7.64","51.43","barley"
"54","39","34","19.35","58.55","7.51","75.71","barley"
"72","39","40","21.32","46.52","7.83","64.32","barley"
"64","39","31","15.85","60.36","7.27","58.18","barley"
"51","37","31","19.41","48.96","7.34","47.56","barley"
"64","37","45","18.7","54.51","7.66","61.69","barley"
"52","45","39","18.29","53.07","7.1","61.99","barley"
"59","42","41","20.6","54.39","6.88","65.54","barley"
"69","34","40","14.69","54.89","7.02","54.23","barley"
"47","37","39","16.78","52.79","7.39","47.02","barley"
"49","39","38","20.22","58.91","7.49","35","barley"
"73","34","32","17.87","49.53","6.98","58.52","barley"
"62","32","40","18.95","45.15","6.65","46.68","barley"
"46","45","42","18.1","53.56","6.93","53.79","barley"
"43","41","36","12","58.2","7.35","57.69","barley"
"46","44","47","13.35","57.82","6.81","56","barley"
"65","41","30","16.59","48.39","7.27","47.7","barley"
"43","42","30","19.29","54.3","7.39","48.54","barley"
"65","30","38","14.42","51.56","7.37","39.23","barley"
"61","38","26","19.77","45","8","69.84","barley"
"74","50","32","22","51.29","7.61","57.51","barley"
"57","41","27","16.65","60.29","7.34","47.38","barley"
"49","34","33","16.97","52.47","7.53","48.88","barley"
"54","39","28","21.47","52.72","7.39","60.64","barley"
"40","43","25","21.51","48.39","7.72","74.08","barley"
"80","37","37","19.24","56.77","7.2","36.4","barley"
"77","40","43","21.03","64.35","8.2","52.92","barley"
"77","44","44","18.39","58.31","7.78","69.48","barley"
"60","35","36","14.22","56.3","6.63","43.32","barley"
"58","40","31","21.49","64.55","7.29","66.78","barley"
"71","39","38","18.33","51.36","7.18","79.45","barley"
"50","41","40","15.32","60.62","7.71","64.65","barley"
"55","31","43","16.01","55.91","7.51","56.74","barley"
"64","42","33","15.65","58.39","7.64","71.13","barley"
"68","39","49","16.55","53.43","7.11","78.22","barley"
"60","34","42","15.77","54.93","6.81","45.87","barley"
"72","46","42","18.89","49.53","7.55","56.47","barley"
"53","30","30","20","59.29","7.56","40.72","barley"
"64","50","25","13.31","53.46","7.55","51.59","barley"
"71","30","35","13.04","51.39","7.43","70.85","barley"
"55","39","32","21.11","64.06","6.95","76.4","barley"
"57","30","29","12","50.27","7.69","64.67","barley"
"53","50","34","20.17","54.15","7.52","63.3","barley"
"68","44","37","20.53","57.34","7.46","36.68","barley"
"75","43","30","16.08","45","7.56","51.47","barley"
"57","36","39","18.83","56.75","6.89","71.54","barley"
"47","42","34","15.41","54.78","8.05","61.97","barley"
"54","41","44","12.94","52.83","6.88","79.45","barley"
"67","47","34","20.16","49.99","7.42","41.2","barley"
"41","42","45","24.7","60.62","7.92","61.19","barley"
"67","50","36","18.02","55.87","7.61","64.73","barley"
"70","42","36","19.16","64.13","6.91","42.53","barley"
"49","40","38","22.11","52.49","7.01","50.64","barley"
"56","48","38","17.56","62.24","7.23","66.01","barley"
"63","31","39","20.02","51.07","7.2","44.63","barley"
"61","42","36","15.38","58.56","7.96","35","barley"
"71","49","31","16.26","54.29","7.68","54.38","barley"
"66","38","25","15.43","56.65","6.89","46.86","barley"
"49","37","38","16.4","64.89","7.43","57.32","barley"
"51","37","29","16.72","60.4","7.19","52.63","barley"
"62","34","32","14.74","54.66","7.25","53.05","barley"
"58","41","28","17.05","57.75","7.45","68.26","barley"
"51","36","32","25","54.64","6.74","67.19","barley"
"43","48","41","18.78","53.8","7.57","45.15","barley"
"54","47","30","17","45","7.57","62.77","barley"
"59","44","45","15.08","51.94","7.84","74.47","barley"
"80","36","39","18.49","50.28","6.93","77.49","barley"
"60","34","30","16.06","58.37","7.93","66.74","barley"
"57","49","36","19.54","57.34","7.76","68.98","barley"
"50","49","40","20.55","59.37","7.45","48.24","barley"
"66","45","42","17.62","63.9","7.72","48.9","barley"
"58","37","40","21.32","54.06","7.75","59.39","barley"
"65","37","45","19.81","59.66","7.26","54.35","barley"
"61","43","40","17.41","50.31","7.18","79.73","barley"
"51","30","33","15.87","57.2","7.46","83.63","barley"
"66","39","38","15.47","62.22","7.61","66.02","barley"
"57","50","38","22.19","58.88","7.2","78.37","barley"
"65","47","38","15.39","52.32","7.03","67.82","barley"
"67","40","36","14.92","54.93","8.2","52.93","barley"
"46","38","33","18.16","55.86","7.3","75.54","barley"
"53","41","29","14.95","63.19","6.87","35.61","barley"
"74","50","31","15.44","51.7","6.78","56.82","barley"
"65","40","27","21.67","61.23","7.62","36.7","barley"
"50","39","35","17.38","53.58","7.79","52.82","barley"
"74","46","38","20.47","53.08","7.41","59.93","barley"
"58","44","42","18.41","59.61","7.79","81.17","barley"
"60","38","41","14.79","52.14","7.15","75.51","barley"
"40","48","36","18.04","58.98","7.53","62.8","barley"
"52","40","36","17.17","48.17","7.29","65.73","barley"
"62","34","29","19.38","53.11","7.37","53.97","barley"
"51","36","29","16.39","47.52","6.99","59.45","barley"
"63","48","36","18.83","52.81","7.88","65.85","barley"
"65","44","26","17.69","62.1","6.95","41.84","barley"
"57","44","37","20.69","45.07","6.5","76.95","barley"
"55","30","45","16.47","55.98","7.37","84.57","barley"
"77","50","37","18.93","65","7.15","37.11","barley"
"64","41","40","15.58","48.85","7.39","77.52","barley"
"59","49","27","15.83","48.1","7.02","59.3","barley"
"64","36","46","19.74","54.82","7.49","66.25","barley"
"69","35","28","15.03","54.15","6.84","76.92","barley"
"47","38","32","19.06","49.1","7.06","60.1","barley"
"43","39","33","14.78","50.46","7.53","43.3","barley"
"47","39","44","20.57","55.33","7.19","57.4","barley"
"62","47","37","13.12","53.06","7.56","61.83","barley"
"59","31","37","16.32","57.81","6.79","66.15","barley"
"49","42","41","21.88","56.21","7.2","35","barley"
"59","39","39","20.96","46.08","7.62","70.88","barley"
"45","36","39","16.78","56.56","7.91","51.91","barley"
"63","35","41","17.19","52.69","7.71","66.41","barley"
"56","40","32","23.43","56.66","8.2","74.48","barley"
"50","43","37","20.48","57.4","7.26","52.2","barley"
"61","34","41","17.99","51.36","7.8","60.26","barley"
"67","42","42","22.44","61.98","8.12","55.61","barley"
"56","43","37","17.84","57.54","7.34","50.37","barley"
"63","43","41","16.26","54.39","7.43","68.04","barley"
"60","41","34","15.35","58.73","8.14","58.01","barley"
"62","33","42","15.26","52.63","7.16","68.13","barley"
"57","50","37","18.3","51.02","7.48","74.37","barley"
"51","43","42","15.41","56.48","7.73","51.9","barley"
"48","31","36","17.25","53.85","7.45","40.79","barley"
"53","41","40","16.95","50.52","7.68","57.33","barley"
"56","37","31","19.32","61.54","6.83","59.2","barley"
"71","47","47","18.79","50.25","7.65","39.37","barley"
"63","38","44","15.98","53.93","7.59","76.31","barley"
"60","38","43","17.42","46.89","7.99","55.32","barley"
"75","50","39","23.28","56.36","6.94","55.5","barley"
"44","34","37","17.75","60.31","7.36","64.67","barley"
"66","37","42","17.82","60.06","6.92","49","barley"
"77","42","38","12","52.47","7.34","55.12","barley"
"59","34","43","20.49","54.21","7.61","60.39","barley"
"49","44","33","17.94","55.94","6.6","89.17","barley"
"47","41","42","17.47","50.66","7.45","62.34","barley"
"66","32","34","18.89","59.34","7.16","45.48","barley"
"61","37","35","18.25","59.99","7.38","46.94","barley"
"80","39","40","19.43","53.67","6.95","62.28","barley"
"51","30","43","21.73","58.71","7.27","85.79","barley"
"80","48","30","17.53","58.2","7.49","59.8","barley"
"75","49","47","15.29","54.97","7.28","66.56","barley"
"68","40","32","15.96","65","6.94","56.79","barley"
"72","36","46","19.85","58.89","7","52.05","barley"
"44","43","36","16.51","57.79","6.5","56.14","barley"
"42","43","36","21.34","55.76","7.52","59.21","barley"
"57","31","39","20.79","50.23","6.7","81.71","barley"
"69","36","38","22.48","55.16","7.03","50.44","barley"
"54","31","40","12","54.59","6.77","47.82","barley"
"59","44","26","14.46","53.67","6.92","77.07","barley"
"78","44","48","18.36","65","7.53","71.91","barley"
"61","47","41","16.65","49.91","6.92","42.21","barley"
"69","36","37","15.16","45","7.39","57.87","barley"
"46","41","27","19.82","54.46","7.38","71.7","barley"
"50","50","34","17.77","49.6","8.05","54.64","barley"
"64","36","37","16.81","63.12","6.94","52.97","barley"
"73","42","36","24.62","53.6","7.45","58.84","barley"
"67","34","44","18.46","57.17","8.09","79.59","barley"
"66","40","35","17.44","61","6.87","74.86","barley"
"63","39","31","21.72","55.36","7.36","52.93","barley"
"62","47","34","17.5","51.32","7.32","72.12","barley"
"51","44","37","20.37","55.33","7.47","58.22","barley"
"77","42","37","21","55.68","7.91","56.58","barley"
"63","40","43","14.59","57.26","7","52.49","barley"
"50","30","27","17.58","59.69","7.08","52.34","barley"
"73","45","39","17.38","54.37","7.75","74.45","barley"
"65","44","43","15.93","53.93","6.81","64.7","barley"
"57","36","40","16.15","61.12","7.16","56.14","barley"
"67","50","46","17.94","51.52","6.5","65.7","barley"
"52","41","44","20.76","55.89","7.69","64.39","barley"
"60","33","40","15.81","55.47","7.43","39.68","barley"
"57","43","41","17.16","58.45","7.85","53.04","barley"
"68","37","30","18.8","54.43","7.76","64.21","barley"
"56","38","37","13.01","54.77","8.2","44.91","barley"
"44","42","29","18.29","51.65","7.51","38.27","barley"
"63","37","38","19.84","49.58","7.59","83.29","barley"
"59","35","33","16.29","48.51","7.28","69.7","barley"
"72","39","31","21.51","50.32","6.74","45.73","barley"
"73","45","36","17.87","49.89","7.14","54.68","barley"
"54","41","33","23.02","49.5","7.68","51.08","barley"
"56","36","33","17.66","52.56","7.44","53.76","barley"
"54","40","34","20.99","55.82","7.38","73.12","barley"
"77","36","32","16.17","60.44","7.19","59.74","barley"
"68","44","42","21.7","62.9","6.95","46.98","barley"
"65","30","50","23.26","56.14","7.53","84.81","barley"
"56","40","49","21.9","55.56","6.69","59.53","barley"
"64","43","37","18.03","57.63","6.95","54.14","barley"
"57","47","49","22.26","62.43","6.58","80.08","barley"
"62","45","37","18.59","51.51","7.56","57.15","barley"
"62","33","38","19.27","61.87","7.08","71.54","barley"
"68","38","25","20.13","64.55","7.48","57.38","barley"
"60","43","41","14.32","65","6.8","55.75","barley"
"60","50","29","13.26","53.21","7.08","58.57","barley"
"71","34","38","21.1","45","8.01","58.73","barley"
"66","39","37","18.53","50.53","7.04","48.34","barley"
"75","35","40","14.03","53.75","7.36","54.49","barley"
"90","42","43","20.87974371","82.00274423","6.502985292000001","202.9355362","rice"
"85","58","41","21.77046169","80.31964408","7.038096361","226.6555374","rice"
"60","55","44","23.00445915","82.3207629","7.840207144","263.9642476","rice"
"74","35","40","26.49109635","80.15836264","6.980400905","242.8640342","rice"
"78","42","42","20.13017482","81.60487287","7.628472891","262.7173405","rice"
"69","37","42","23.05804872","83.37011772","7.073453503","251.0549998","rice"
"69","55","38","22.70883798","82.63941394","5.70080568","271.3248604","rice"
"94","53","40","20.27774362","82.89408619","5.718627177999999","241.9741949","rice"
"89","54","38","24.51588066","83.53521629999999","6.685346424","230.4462359","rice"
"68","58","38","23.22397386","83.03322691","6.336253525","221.2091958","rice"
"91","53","40","26.52723513","81.41753846","5.386167788","264.6148697","rice"
"90","46","42","23.97898217","81.45061596","7.50283396","250.0832336","rice"
"78","58","44","26.80079604","80.88684822","5.108681786","284.4364567","rice"
"93","56","36","24.01497622","82.05687182","6.98435366","185.2773389","rice"
"94","50","37","25.66585205","80.66385045","6.94801983","209.5869708","rice"
"60","48","39","24.28209415","80.30025587","7.0422990689999985","231.0863347","rice"
"85","38","41","21.58711777","82.7883708","6.2490506560000005","276.65524589999995","rice"
"91","35","39","23.79391957","80.41817957","6.970859754","206.2611855","rice"
"77","38","36","21.8652524","80.1923008","5.953933276","224.55501690000003","rice"
"88","35","40","23.57943626","83.58760316","5.85393208","291.2986618000001","rice"
"89","45","36","21.32504158","80.47476396","6.442475375","185.4974732","rice"
"76","40","43","25.15745531","83.11713476","5.070175667","231.3843163","rice"
"67","59","41","21.94766735","80.97384195","6.012632591","213.3560921","rice"
"83","41","43","21.0525355","82.67839517","6.254028451","233.1075816","rice"
"98","47","37","23.48381344","81.33265073","7.375482851","224.0581164","rice"
"66","53","41","25.0756354","80.52389148","7.778915154","257.0038865","rice"
"97","59","43","26.35927159","84.04403589","6.2865001760000006","271.35861370000003","rice"
"97","50","41","24.52922681","80.54498576","7.070959995","260.2634026","rice"
"60","49","44","20.77576147","84.49774397","6.244841491","240.0810647","rice"
"84","51","35","22.30157427","80.64416466","6.043304899","197.9791215","rice"
"73","57","41","21.44653958","84.94375962","5.824709117","272.2017204","rice"
"92","35","40","22.17931888","80.33127223","6.3573893660000005","200.0882787","rice"
"85","37","39","24.52783742","82.73685569","6.364134967999999","224.67572310000003","rice"
"98","53","38","20.26707606","81.63895217","5.01450727","270.4417274","rice"
"88","54","44","25.7354293","83.88266234","6.149410611","233.1321372","rice"
"95","55","42","26.79533926","82.1480873","5.950660556","193.3473987","rice"
"99","57","35","26.75754171","81.17734011","5.960370061","272.29990560000005","rice"
"95","39","36","23.86330467","83.15250801","5.561398642","285.2493645","rice"
"60","43","44","21.01944696","82.95221726","7.416245107000001","298.40184710000005","rice"
"63","44","41","24.17298839","83.7287574","5.583370042","257.0343554","rice"
"62","42","36","22.78133816","82.06719137","6.430010215","248.7183228","rice"
"64","45","43","25.62980105","83.52842314","5.534878156","209.9001977","rice"
"83","60","36","25.59704938","80.14509262","6.903985986","200.834898","rice"
"82","40","40","23.83067496","84.81360127","6.271478837999999","298.5601175","rice"
"85","52","45","26.31355498","82.36698992","7.224285503","265.5355937","rice"
"91","35","38","24.8972823","80.52586088","6.13428721","183.6793207","rice"
"76","49","42","24.958779","84.47963372","5.206373153","196.95600080000003","rice"
"74","39","38","23.24113501","84.59201843","7.782051312999999","233.0453455","rice"
"79","43","39","21.66628296","80.70960551","7.062779015","210.8142087","rice"
"88","55","45","24.63544858","80.41363018","7.730367824","253.7202781","rice"
"60","36","43","23.43121862","83.06310136","5.286203711000001","219.9048349","rice"
"76","60","39","20.0454142","80.3477562","6.766240045","208.5810155","rice"
"93","56","42","23.85724032","82.22572988","7.382762603","195.0948311","rice"
"65","60","43","21.97199397","81.89918197","5.658169482000001","227.3637009","rice"
"95","52","36","26.22916897","83.83625819","5.543360237999999","286.5083725","rice"
"75","38","39","23.44676801","84.79352417","6.215109715","283.9338466","rice"
"74","54","38","25.65553461","83.47021081","7.120272972","217.3788583","rice"
"91","36","45","24.44345477","82.45432595","5.950647577000001","267.97619480000003","rice"
"71","46","40","20.2801937","82.1235421","7.236705436","191.9535738","rice"
"99","55","35","21.7238313","80.2389895","6.501697816","277.9626192","rice"
"72","40","38","20.41447029","82.20802629","7.592490617","245.1511304","rice"
"83","58","45","25.75528612","83.51827127","5.875345751","245.6626799","rice"
"93","58","38","20.61521424","83.77345559","6.932400225","279.5451717","rice"
"70","36","42","21.84106875","80.72886384","6.9462098810000015","202.3838319","rice"
"76","47","42","20.08369642","83.29114712","5.739175027000001","263.6372176","rice"
"99","41","36","24.45802087","82.74835604","6.738652179","182.5616319","rice"
"99","54","37","21.14347496","80.33502926","5.5948196260000005","198.6730942","rice"
"86","59","35","25.78720567","82.11124033","6.946636369","243.5120414","rice"
"69","46","41","23.64124821","80.28597873","5.012139669","263.1103304","rice"
"91","56","37","23.43191632","80.56887849","6.363472207999999","269.5039162","rice"
"61","52","41","24.97669518","83.891805","6.880431223","204.8001847","rice"
"67","45","38","22.72791041","82.17068809999998","7.300410836","260.8875056","rice"
"79","42","37","24.87300744","82.84022551","6.587918707999999","295.6094492000001","rice"
"78","43","42","21.32376327","83.00320459","7.283736617000001","192.3197536","rice"
"75","54","36","26.29465461","84.56919326","7.023936392","257.4914906","rice"
"97","36","45","22.2286982","81.85872947","6.939083505","278.0791793","rice"
"67","47","44","26.73072391","81.78596776","7.868474653","280.4044392","rice"
"73","35","38","24.88921174","81.97927117","5.005306977","185.9461429","rice"
"77","36","37","26.88444878","81.46033732","6.136131869","194.5766559","rice"
"81","41","38","22.67846116","83.72874389","7.5240800760000015","200.9133156","rice"
"68","57","43","26.08867875","80.37979919","5.706943251","182.9043504","rice"
"72","45","35","25.42977518","82.94682591","5.758506323","195.3574542","rice"
"61","53","43","26.40323239","81.05635517","6.349606327","223.3671883","rice"
"67","43","39","26.04371967","84.96907151","5.9999690260000005","186.7536773","rice"
"67","58","39","25.2827223","80.54372813","5.453592032","220.1156708","rice"
"66","60","38","22.08576562","83.47038318","6.372576327000001","231.7364957","rice"
"82","43","38","23.28617173","81.43321641","5.105588355","242.3170629","rice"
"84","50","44","25.48591986","81.40633547","5.9353444060000005","182.6549356","rice"
"81","53","42","23.67575393","81.03569343","5.17782304","233.7034975","rice"
"91","50","40","20.82477109","84.1341879","6.462391607000001","230.22422230000004","rice"
"93","53","38","26.92995077","81.91411159","7.069172227","290.67937830000005","rice"
"90","44","38","23.83509503","83.88387074","7.473134377","241.20135130000003","rice"
"81","45","35","26.52872817","80.12267476","6.158376967000001","218.9163567","rice"
"78","40","38","26.46428311","83.85642678","7.549873681","248.2256491","rice"
"60","51","36","22.69657794","82.81088865","6.028321557999999","256.9964761","rice"
"88","46","42","22.68319059","83.46358271","6.604993475","194.2651719","rice"
"93","47","37","21.53346343","82.14004101","6.500343222000001","295.9248796","rice"
"60","55","45","21.40865769","83.32931909999998","5.935745417000001","287.5766935000001","rice"
"78","35","44","26.54348085","84.67353597","7.072655622","183.6222657","rice"
"65","37","40","23.35905428","83.59512273","5.333322606","188.413665","rice"
"71","54","16","22.61359953","63.69070564","5.7499144210000015","87.75953857","maize"
"61","44","17","26.10018422","71.57476937","6.931756557999999","102.2662445","maize"
"80","43","16","23.55882094","71.59351368","6.657964753","66.71995467","maize"
"73","58","21","19.97215954","57.68272924","6.596060648","60.65171481","maize"
"61","38","20","18.47891261","62.69503871","5.970458434","65.43835393","maize"
"68","41","16","21.77689322","57.80840636","6.158830619","102.0861694","maize"
"93","41","17","25.6217169","66.50415474","6.047906679","105.4654703","maize"
"89","60","19","25.19192419","66.69029010000001","5.913664501","78.06639649","maize"
"76","44","17","20.41683147","62.55424820000001","5.855442401","65.27798457","maize"
"67","60","25","24.92162194","66.78627406","5.750254943","109.2162279","maize"
"70","44","19","23.31689124","73.4541537","5.852607099","94.29712821","maize"
"90","49","21","24.84016732","68.3584573","6.4725232870000005","74.05474936","maize"
"62","52","16","22.27526694","58.84015925","6.9670577620000005","63.87020584","maize"
"92","44","16","18.87751445","65.76816093","6.082973754","94.76189431","maize"
"66","54","21","25.19008683","60.200168700000006","5.919045532","72.12375573","maize"
"63","58","22","18.25405352","55.28220433","6.204747652999999","63.72358154","maize"
"70","47","17","24.612911800000006","70.4162444","6.600827017","104.1626147","maize"
"61","41","17","25.1420613","65.26185135","6.021902237000001","76.68456006","maize"
"66","53","19","23.09348056","60.11593810000001","6.033550195","65.49730729","maize"
"74","55","19","18.05033737","62.89366992","6.28886807","84.23613484","maize"
"77","57","21","24.9321581","73.80435276","6.550563822999999","79.74078719","maize"
"99","50","15","18.14710054","71.09445342","5.573286437","88.07753741","maize"
"74","56","22","18.28362235","66.65952796","6.829199275","80.97573281","maize"
"83","45","21","18.83344471","58.75082029","5.716222912","79.75328959999999","maize"
"100","48","16","25.71895816","67.22190688","5.54990242","74.51490791","maize"
"79","51","16","25.33797709","68.49835977","6.586244581","96.46380213","maize"
"94","39","18","23.89114571","57.48775781","5.893093135","102.8301942","maize"
"75","49","15","21.53574127","71.50905983","5.918263801","102.4852929","maize"
"78","48","22","23.08974909","63.10459626","5.588650585","70.43473609","maize"
"87","54","20","25.61707368","63.4711755","6.576418207000001","108.8303762","maize"
"87","35","25","21.44526922","63.1621551","6.178056304","65.88951188","maize"
"63","43","19","18.51816776","55.53128131","6.641906353","90.988051","maize"
"84","57","25","22.53510514","67.99257471","6.489040367","64.40866039","maize"
"64","35","23","23.02038334","61.89472002","5.680361037999999","63.03843397","maize"
"60","46","22","24.89364635","65.61418761","6.625404347999999","87.9298085","maize"
"98","44","21","25.77175115","74.089114","6.524478032","107.4931917","maize"
"75","56","18","19.39851734","62.35750641","5.696205468","60.95197486","maize"
"86","55","21","21.54156232","59.64024162","6.803931519","109.7515385","maize"
"98","35","18","23.79746068","74.82913698","6.252797547999999","91.76337172","maize"
"76","57","18","18.9802729","74.52600826","6.092725883","94.26249353","maize"
"99","56","17","24.10859207","73.13112261","6.234330356","71.07562236","maize"
"60","44","23","24.7947077","70.04556743","5.722579819","76.72860067","maize"
"74","48","17","21.63162756","60.27766379","6.430616465","69.21803098","maize"
"89","60","17","25.37548751","57.21025565","5.983952675","101.7004306","maize"
"69","51","23","22.21738222","72.85462807","6.80163854","106.6213157","maize"
"96","46","22","20.58314011","69.00128641","6.499936446","66.29390357","maize"
"61","60","15","24.87502824","68.74248334","6.265564338","91.26056654","maize"
"74","58","18","20.03728219","56.35606753","6.727303282","109.024141","maize"
"74","43","23","25.95263264","61.89082199","6.325235159","99.57981207","maize"
"63","43","17","19.28889933","65.47050802","6.807487794","71.3195307","maize"
"99","36","20","20.57981887","65.34583901","6.671085817000001","78.34604471","maize"
"77","36","23","24.71417533","56.73426469","6.648725327","88.45361858","maize"
"87","60","23","20.27317074","63.91281869","6.439071996","62.50351892","maize"
"60","38","17","18.41932981","64.23580251","6.474476516","76.41312437","maize"
"94","54","17","23.39128187","61.74427165","5.871647806","107.3198135","maize"
"95","38","22","19.84939404","61.24500053","5.730617109","100.7689246","maize"
"84","44","21","21.869274","61.91044947","5.850439831","107.2681929","maize"
"77","58","19","22.8056033","56.50768935","5.791649933","101.5952794","maize"
"66","44","20","19.0781471","69.02298571","6.740000687999999","80.72515943","maize"
"63","35","16","22.02720976","65.35549924","6.272417541","83.73280082","maize"
"79","45","20","23.80546189","59.24537979","5.715208817000001","89.96220140000001","maize"
"72","60","25","18.52510753","69.0276233","5.773454729","88.10234397","maize"
"67","51","24","23.50297882","61.32026065","5.584171461","64.77791424","maize"
"86","36","24","26.54986394","72.89187265","5.787268394","73.33636055","maize"
"76","48","18","19.29563411","69.63481219","5.77597783","83.21030571","maize"
"75","53","18","20.68899915","59.4375337","6.864793607","103.651438","maize"
"81","45","23","19.32666088","68.03449300000001","6.192360002999999","84.22969177","maize"
"73","45","21","24.60532218","73.58868502","6.636803222999999","96.59195302","maize"
"71","35","24","22.27373646","59.52193158","5.826426917","67.96704792","maize"
"96","54","22","25.70196694","61.33450447","6.960358276","83.20711308","maize"
"99","39","18","19.20129357","68.30578978","6.11275104","87.85092352","maize"
"62","48","20","21.70181447","60.47470519","6.708446922","95.71388473","maize"
"86","37","16","20.51716779","59.21235483","5.561510732","67.61013737","maize"
"94","50","19","23.30355338","73.62548442","5.873242491","97.59081274","maize"
"76","39","24","24.2547451","55.64709899","6.995843776","64.23845455","maize"
"77","52","17","24.86374934","65.7420046","5.714799723","75.82270467","maize"
"74","39","23","22.6265115","65.77472881","6.78073637","88.17251033","maize"
"81","49","20","18.04185513","60.61494304","5.513697923","104.2321615","maize"
"63","42","21","23.26237612","72.33125523","5.798423907999999","67.10225139","maize"
"99","38","21","22.88330922","71.59722446","6.352471866","67.72777298","maize"
"90","52","25","25.97482359","69.36385721","6.822586546","103.2234212","maize"
"68","40","19","26.14384005","66.20569924","6.655426355","107.2361366","maize"
"60","57","24","18.66116213","61.55327249","6.1212940410000005","75.03247667","maize"
"71","52","18","25.10787449","55.97732754","5.790770202999999","78.16077693","maize"
"61","59","17","23.33844615","59.24580604","6.47444292","105.0083144","maize"
"88","38","15","25.08239719","65.92195844","6.455116637000001","62.49190812","maize"
"65","60","22","25.36768364","72.52054555","6.6069840860000015","107.9124111","maize"
"78","37","22","25.34217103","63.31801994","6.330554389","74.52082026","maize"
"78","58","15","25.00933355","67.816568","6.5286312660000005","62.91359494","maize"
"92","60","23","18.66746724","71.516474","5.721667141","69.93293255","maize"
"79","59","17","20.37999665","63.73849998","6.644205485","108.5054416","maize"
"91","55","15","18.09300227","72.61024172","6.376651091","78.96159541","maize"
"76","51","18","26.16985907","71.96246617","6.247040422","79.84925393","maize"
"87","48","25","18.65396672","61.37879671","6.656730007999999","93.62039175","maize"
"71","60","22","26.07470121","59.37147589","6.2048017","85.75692395","maize"
"90","57","24","18.92851916","72.80086137","6.158860284","82.34162918","maize"
"67","35","22","23.30546753","63.24648023","6.3856842139999985","108.7603001","maize"
"60","54","19","18.74826712","62.49878458","6.417820493","70.23401597","maize"
"83","58","23","19.74213321","59.66263104","6.381201909","65.50861389","maize"
"83","57","19","25.73044432","70.74739256","6.877869005","98.73771338","maize"
"40","72","77","17.02498456","16.98861173","7.485996067","88.55123143","chickpea"
"23","72","84","19.02061277","17.13159126","6.920251378","79.92698081","chickpea"
"39","58","85","17.88776475","15.40589717","5.9969320370000005","68.54932919","chickpea"
"22","72","85","18.86805647","15.65809214","6.391173589","88.51048983","chickpea"
"36","67","77","18.36952567","19.56381041","7.152811172000001","79.26357665","chickpea"
"32","73","81","20.45078582","15.40312102","5.988992796000002","92.68373702","chickpea"
"58","70","84","20.6543203","16.60820843","6.231049027999999","74.6631118","chickpea"
"59","70","84","17.3348681","18.74926979","7.550808267000001","82.61734721","chickpea"
"42","62","75","18.17912258","18.90426935","7.010570541","81.84997529","chickpea"
"28","74","81","18.01272266","18.30968112","8.753795334","81.98568791","chickpea"
"58","66","79","20.99373558","19.33470387","8.718192847000001","93.55280105","chickpea"
"43","66","79","19.46233971","15.22538951","7.976607593","74.58565097","chickpea"
"58","63","81","19.81344531","14.69765308","6.5154995489999985","78.96514709","chickpea"
"23","62","85","18.97424756","19.5161216","8.490127142","80.7108745","chickpea"
"27","62","77","18.19737048","14.71070537","6.576415562","70.18185181","chickpea"
"28","72","84","18.72963144","19.18197264","6.481783042999999","71.58010169","chickpea"
"50","56","76","20.99502153","19.8601304","7.966605025","73.50734019","chickpea"
"39","71","84","20.28155898","16.39535215","8.140825437","82.52339655","chickpea"
"25","78","76","17.48042641","15.7559405","7.228963452","66.96980581","chickpea"
"31","70","77","20.88818675","14.32313811","6.492546046","90.46228334","chickpea"
"26","80","83","17.08498521","16.14565756","7.528599957000001","71.31007253","chickpea"
"25","68","77","20.09340593","15.11279612","7.701446446","85.74904898","chickpea"
"31","78","76","17.57212145","14.99927489","8.519975748","89.31050665","chickpea"
"60","68","83","19.12065218","18.43475844","6.620900869","85.52950164","chickpea"
"59","62","83","18.57665902","19.22008229","8.104396057999999","72.94940441","chickpea"
"22","67","78","17.16606398","14.42457525","6.204090835","72.32667516","chickpea"
"36","65","80","18.2872007","16.67921616","6.051091339","74.87445574","chickpea"
"59","60","84","19.03025305","18.66725565","7.690962337999999","94.70992037","chickpea"
"54","77","85","17.141861399999996","17.0662427","7.8292111439999985","83.74606679","chickpea"
"43","68","81","17.47809436","17.93253975","6.761599706","78.92060234","chickpea"
"28","76","82","20.56601874","14.25803981","6.654425315","83.75937135","chickpea"
"42","79","85","17.22385224","15.82069268","6.129533877","76.57580954","chickpea"
"32","60","83","19.69141713","19.44225438","8.829273328","91.76071648","chickpea"
"22","78","76","17.84851658","19.09172907","8.621662982","76.32470713","chickpea"
"31","79","75","18.8202251","16.1074793","8.204862075","89.73119396","chickpea"
"28","58","81","17.47500984","16.54314829","6.18042747","93.35034262","chickpea"
"57","58","77","18.72649425","17.58406365","7.978996755","81.20176515","chickpea"
"49","55","78","18.65580107","16.17772668","7.863113671","81.70769297","chickpea"
"46","76","77","18.2356751","19.68538502","6.967843048","83.74879344","chickpea"
"54","61","77","18.81198127","15.21618225","6.206582192999999","77.54294240000002","chickpea"
"38","60","76","18.65054116","17.80852431","8.868741443","77.92798682","chickpea"
"59","55","79","20.36720401","16.89574311","8.766128654","82.2545577","chickpea"
"36","76","75","18.38120357","16.63805158","8.736337905","70.52056697","chickpea"
"57","68","81","17.17012591","17.30457712","8.081095263","72.78624223","chickpea"
"35","66","81","19.37101121","15.77458129","6.138243973","85.24819851","chickpea"
"35","64","78","17.92845928","14.27327988","7.496645259","85.37378769","chickpea"
"52","60","79","19.45339934","18.23490739","8.380185271","75.6317566","chickpea"
"27","76","83","19.12829388","14.92241479","6.289614016","89.61857826","chickpea"
"57","60","84","19.1034283","17.26184541","6.586777189","75.49101167","chickpea"
"52","68","78","17.48504075","16.96070581","6.89655198","86.05078037","chickpea"
"43","79","79","19.40751744","18.98030507","7.8067476560000015","80.25064637","chickpea"
"44","74","85","20.18649426","19.63719995","7.150681303","78.26039559","chickpea"
"24","55","78","17.30287885","15.15405941","6.64919573","75.57790384","chickpea"
"29","77","75","17.50361137","15.48083156","7.778591617999999","72.9446671","chickpea"
"20","60","78","18.17234999","14.70085967","6.358740355","90.7760707","chickpea"
"56","67","78","17.57445618","16.71826572","8.255450758","77.81891424","chickpea"
"37","66","85","20.93175255","18.91295403","6.456148474","78.06910795","chickpea"
"49","71","76","19.71098332","17.63879418","6.613072145","85.57925437","chickpea"
"59","69","80","19.07937684","17.86754927","8.165359297","69.40619137","chickpea"
"20","79","77","18.54988627","16.02542689","7.64867466","76.32565249","chickpea"
"24","56","85","18.19903647","17.41333199","6.545888558","80.6405403","chickpea"
"51","72","75","18.88852533","14.99451145","7.1042247970000005","80.11133840000002","chickpea"
"57","73","85","18.49311205","14.72115044","7.358099622","91.94595352","chickpea"
"22","64","82","19.48974337","17.17260319","6.4740245000000005","87.51312796","chickpea"
"52","73","79","17.25769499","18.74943955","7.840339388999999","94.00287214","chickpea"
"29","75","75","19.62416326","18.71483156","7.064790365","88.4585692","chickpea"
"44","59","78","20.67526473","19.85388984","7.599033472","84.78344008","chickpea"
"41","69","82","20.02381489","16.63294455","6.715587232000001","68.97806542","chickpea"
"52","56","85","20.118744600000007","14.44228303","6.81712422","88.68168643","chickpea"
"34","76","80","20.65691793","15.84572566","7.985417393","65.23811143","chickpea"
"42","74","83","19.2582557","14.2804191","7.545258424","65.78042032","chickpea"
"34","71","79","17.927806","15.85622899","7.728998197","74.63872762","chickpea"
"27","73","79","19.16288268","15.83500655","7.354973451","82.69766829","chickpea"
"30","70","79","20.26942271","19.96978871","7.313122235","69.64449182","chickpea"
"57","57","75","17.09104223","18.25142068","7.785039076","87.27444866","chickpea"
"27","79","82","17.06579293","17.54024066","6.307004922999999","70.87150577","chickpea"
"32","71","85","20.62767492","14.44008871","6.4039823160000005","92.06630306","chickpea"
"31","76","82","20.8248451","17.85057083","7.599279991","79.20509212","chickpea"
"33","75","84","19.46210401","18.72831993","7.217018459","68.81405149","chickpea"
"47","80","77","17.18248372","16.42891834","7.561108006","72.85017344","chickpea"
"54","62","80","17.48911699","16.39055394","7.489545074","79.45758333","chickpea"
"47","79","78","17.48395377","14.76014523","6.609696734","65.11365631","chickpea"
"35","57","83","19.48316794","17.44534641","7.476800943","80.4986291","chickpea"
"53","73","77","19.71359733","18.09665739","7.325451279","73.64476535","chickpea"
"45","61","78","19.48649305","16.06240074","6.489389282","81.52842690000001","chickpea"
"37","78","79","19.95264829","14.82633099","7.786366322","88.6810311","chickpea"
"30","75","81","19.41789736","16.80472243","6.4084378860000015","68.4951189","chickpea"
"37","55","82","19.45591848","18.02235902","8.423873703","78.44910564","chickpea"
"53","65","76","20.19137759","16.41998269","8.719960893","77.33795356","chickpea"
"22","60","85","18.8392908","14.74071856","7.811997977000001","94.78189594","chickpea"
"60","61","78","20.71219282","19.83643308","6.317153205","94.03659867","chickpea"
"42","67","77","18.99424448","15.9362937","7.114405288","78.69707199","chickpea"
"39","76","76","19.96837462","15.57324389","8.135900726000001","69.15759062","chickpea"
"35","63","76","17.81564548","17.60756635","7.714153037999999","90.82097601","chickpea"
"30","65","82","20.71424384","15.27824066","7.103798069","76.77888672","chickpea"
"57","56","78","17.34150229","18.75626255","8.861479668","67.9545435","chickpea"
"48","65","78","17.43732714","14.33847406","7.861128148","73.0926704","chickpea"
"36","56","83","18.89780215","19.76182946","7.4526709","69.09512477","chickpea"
"40","58","75","18.59190771","14.77959596","7.168096055","89.60982451","chickpea"
"49","69","82","18.31561493","15.36143547","7.26311855","81.78710463","chickpea"
"19","55","20","27.43329405","87.80507732","7.18530147","54.73367631","mungbean"
"8","54","20","28.3340432","80.77275974","7.034214276","38.7976407","mungbean"
"36","55","20","27.01470397","84.34262707","6.635968697999999","55.296354","mungbean"
"10","56","16","28.17432665","81.04554836","6.828187498999998","36.35720652","mungbean"
"22","56","17","29.87888063","87.32761241","6.89077995","44.75215854","mungbean"
"9","57","24","29.89232778","89.71503316","7.165121108999998","42.99498978","mungbean"
"34","59","23","28.56212158","83.24855855","6.935804256","56.48265193","mungbean"
"31","51","25","27.53592929","85.57019009999998","7.196774236","53.01899249","mungbean"
"0","49","18","29.68361658","87.93598094","6.990095452","41.82490236","mungbean"
"21","39","20","28.14448546","82.1193047","7.064782137999999","46.75690086","mungbean"
"28","35","22","29.53037621","86.73346018","7.156563094","59.87232071","mungbean"
"17","52","17","27.88352946","86.45147631","6.364967184","44.64407105","mungbean"
"24","42","23","28.22471276","82.35916228","6.428054409","44.01206619","mungbean"
"28","46","16","29.008124","84.96089355","6.664187809","45.91011391","mungbean"
"21","38","21","29.75538903","86.45193297","6.637677489","37.54602719","mungbean"
"34","60","25","29.78416743","85.16906976","6.79385576","40.77872823","mungbean"
"19","53","22","27.8640132","80.4513142","6.852884642999999","42.83053902","mungbean"
"31","58","15","27.11026483","84.96771717","7.121571293","51.52617423","mungbean"
"19","35","24","27.11030369","83.64274107","6.883308033","49.11964582","mungbean"
"24","53","17","28.95451232","89.07866095","6.421271178","57.65901369","mungbean"
"13","47","20","29.21780035","87.93724219","6.54450214","43.1386631","mungbean"
"31","53","16","28.7420098","85.81675947","6.452006451","48.54598575","mungbean"
"28","45","23","29.65021184","80.29868321","6.489259136","56.76278363","mungbean"
"31","37","21","27.23924995","86.404241","6.713410626","37.31236904","mungbean"
"33","60","15","28.95172351","81.67085323","6.510840928","56.51103293","mungbean"
"34","45","21","28.18837136","82.60629652","6.2873801170000005","37.01110438","mungbean"
"13","57","25","28.30041493","86.20681554","6.86308576","50.47333854","mungbean"
"33","57","17","27.89636126","88.71782287","6.78415271","57.79863368","mungbean"
"32","57","22","28.6899851","87.50436797","6.769415887999999","44.56598352","mungbean"
"23","59","25","27.826262300000003","88.73100226","6.320768488","56.68833819","mungbean"
"35","41","18","28.70562673","81.59200689","6.7050085039999985","59.87065439","mungbean"
"6","48","24","28.6362812","84.61431076","6.790736339","48.48319335","mungbean"
"29","36","25","28.28511547","88.4393979","7.130278657000001","48.56690235","mungbean"
"4","36","22","27.60887393","86.13316408","7.012740397000001","43.80041104","mungbean"
"10","59","22","28.60901145","86.99495766","7.1556850160000005","36.94616965","mungbean"
"14","48","21","29.24598976","84.80084105","6.991242362","53.43228915","mungbean"
"8","50","21","28.62911222","89.11480590000002","6.218923893","50.49913241","mungbean"
"20","40","15","29.57329479","88.07505524","7.199495367999999","45.04467075","mungbean"
"36","43","22","27.82684262","87.16679147","6.3898821660000005","58.37249772","mungbean"
"14","57","15","29.8757015","83.14796296","6.623438282","40.12044158","mungbean"
"11","60","23","27.33684386","88.50229102","7.033012777000001","51.09802625","mungbean"
"10","59","15","29.83040388","89.30428305","6.32400451","58.86687093","mungbean"
"7","60","25","28.2753171","82.76020821","6.397636709","56.04995423","mungbean"
"2","47","15","29.86860065","85.99127934","6.401455706","58.41394143","mungbean"
"20","45","22","29.5888162","89.9939693","6.904587016","54.96121262","mungbean"
"2","39","15","28.07219563","82.9116472","6.478557136","49.61865305","mungbean"
"27","40","24","27.84026517","89.99615558","7.063022095","52.84626009","mungbean"
"35","48","15","27.10818093","87.45126690000002","6.981758362000001","55.03723979","mungbean"
"4","59","25","27.68515114","81.94268594","6.227134139","54.62243308","mungbean"
"1","48","24","29.34594634","85.60472562","6.232836962","59.03629954","mungbean"
"36","43","21","28.36319404","84.8593608","7.140437859","52.93031105","mungbean"
"11","46","24","27.65280218","89.80650642","6.459252023","56.52558045","mungbean"
"34","47","19","27.31372793","85.44815232","6.5687954039999985","53.15223123","mungbean"
"21","44","18","27.06909959","86.89934108","7.12851089","50.46746116","mungbean"
"17","58","20","28.06642822","85.91625451","6.42937879","39.23831035","mungbean"
"25","40","21","27.73329078","81.13903037","6.248900919","44.17580911","mungbean"
"2","38","18","27.53632932","89.92908171","6.619891497999999","45.48591922","mungbean"
"9","48","20","29.66461594","84.28187572","6.377568542000001","56.09542002","mungbean"
"37","49","25","29.914544300000006","85.85384444","6.415459592","41.39081525","mungbean"
"36","38","15","28.36363858","87.59810657","6.3206620120000006","57.99524359","mungbean"
"40","58","15","29.46416042","87.60890009","6.978400282000001","43.15411472","mungbean"
"30","44","16","29.73013036","82.89166381","6.442335592999999","50.91511275","mungbean"
"1","59","23","27.46852989","87.17649","7.184398832","43.78420984","mungbean"
"9","48","22","27.77076285","87.09979549","6.402926221","49.50812624","mungbean"
"14","41","17","29.12939524","88.48312598","7.085982325","36.45012824","mungbean"
"35","52","19","27.10606808","89.89593328","6.698574085","37.45680611","mungbean"
"31","48","17","28.88078945","86.94206817","6.594739424","53.79732545","mungbean"
"4","41","20","28.14720892","83.8001509","6.647965508","37.44800463","mungbean"
"30","37","25","29.89129144","80.14487166","7.120032489","54.7960127","mungbean"
"9","35","20","27.41503453","80.98004661","6.91380932","40.53173216","mungbean"
"20","41","20","29.27308605","89.4875022","7.073048264","50.9246554","mungbean"
"37","50","23","29.65296893","88.48587386","6.5304707","56.01913159","mungbean"
"34","35","21","28.44524991","82.67639542","6.684381357","58.18713162","mungbean"
"14","37","15","27.96235681","83.97586797","6.581351374","48.9366954","mungbean"
"23","39","22","29.25649321","81.97952224","6.86483915","42.02483277","mungbean"
"5","45","21","28.36291385","88.00989267","6.487124217000001","43.05130077","mungbean"
"22","37","20","27.62749466","86.49366929","6.605733067999999","39.26137642","mungbean"
"40","51","17","28.66086349","86.12194568","6.860602782000001","50.01534317","mungbean"
"27","56","20","29.2114218","87.11497805","6.41874299","51.53848218","mungbean"
"31","40","22","29.40889385","86.16063492","6.365513634","53.35486977","mungbean"
"38","36","21","28.02952623","84.8845732","6.5563729660000005","36.12042927","mungbean"
"6","37","17","28.08657178","80.35005927","6.760694227999999","38.14476781","mungbean"
"6","47","18","29.16174608","80.28038146","6.715276662999999","40.16545979","mungbean"
"24","44","17","29.8596912","80.03499648","6.666380512000001","50.66487502","mungbean"
"25","59","19","29.06631494","83.6869203","6.626629798","43.95183726","mungbean"
"32","56","21","27.38538997","88.66663953","6.702772465","58.29933073","mungbean"
"8","45","18","27.93034941","85.42058715","7.011030515","43.25095608","mungbean"
"19","39","17","29.2808618","81.8009244","6.890156495","44.47427436","mungbean"
"39","37","15","28.9973145","83.78911515","6.821747052","59.84499208","mungbean"
"33","37","19","27.92678579","86.5543196","7.183189922","43.4826194","mungbean"
"26","54","17","28.5474135","88.9570454","6.27258822","49.4897245","mungbean"
"21","51","15","29.36488409","89.1886954","6.679127482","48.30159325","mungbean"
"22","54","20","28.56149805","83.63802195","6.689825155","41.013132","mungbean"
"29","45","16","28.43683487","87.91332682","6.583381939","43.12063289","mungbean"
"4","40","21","28.79728147","80.45744422","6.725551062","44.30070517","mungbean"
"10","37","22","28.7275267","89.12760359","7.0697478139999985","58.52974279","mungbean"
"4","44","19","27.95639663","83.52706038","6.921993877999999","43.25726752","mungbean"
"20","45","17","28.17458662","83.69659318","6.770955317","37.2464655","mungbean"
"23","45","23","28.77653519","86.69133979","6.983130466","56.12443206","mungbean"
"25","48","21","28.438097","83.48991368","6.267684328","52.55469976","mungbean"
"56","79","15","29.48439992","63.19915325","7.454532137","71.89090748","blackgram"
"25","62","21","26.73433965","68.13999721","7.040056094","67.15096376","blackgram"
"42","61","22","26.27274407","62.28814857","7.418650668","70.23207557","blackgram"
"42","73","25","34.03679184","67.21113844","6.501869314","73.23573601","blackgram"
"44","58","18","28.03644051","65.06601664","6.814410927999999","72.49507741","blackgram"
"50","55","16","28.81460716","65.33538112","7.581442888","62.26242533","blackgram"
"35","72","21","34.03619494","64.28791388","7.741418772","66.85510868","blackgram"
"30","64","20","33.8642935","61.57072498","6.573531614","68.02199825","blackgram"
"27","64","21","32.84213012","68.68401492","7.543804222999999","73.67166182","blackgram"
"50","74","17","27.10053268","63.36085585","6.5408208","73.84949872","blackgram"
"39","73","24","25.65842532","61.18235808","7.22405917","69.28607828","blackgram"
"57","67","25","32.34744009","66.61452812","7.551364319","64.55882254","blackgram"
"52","63","19","29.58949031","68.32176769","6.928898659","67.53021213","blackgram"
"55","66","22","30.91219459","68.79427388","7.747775262999999","66.63830637","blackgram"
"51","56","18","28.12787838","64.2097765","6.706505915","70.86340755","blackgram"
"36","66","15","30.08545364","69.34811988","6.668238556","67.1367443","blackgram"
"59","55","19","31.74379487","62.51007687","7.332375138","68.97097538","blackgram"
"50","58","23","27.81326852","62.50460464","7.596802025","69.75555541","blackgram"
"30","65","25","32.88733849","64.59457409","7.70650895","71.50569456","blackgram"
"20","62","18","29.36358721","64.98742947","7.366542647","61.91208707","blackgram"
"58","71","15","27.82592799","67.58618829999999","6.919243702","74.01229707","blackgram"
"25","71","24","28.49538735","60.44848407","7.187721817999999","74.91559514","blackgram"
"52","71","16","27.74274761","68.53997144","7.0758864720000005","71.78615328","blackgram"
"40","63","18","30.41588462","67.66323804","6.74441168","63.02473185","blackgram"
"20","60","25","27.3254209","69.09047809","6.726469087999999","61.19250859","blackgram"
"48","61","21","30.28496619","61.69295127","6.628264883","65.62859526","blackgram"
"49","68","22","28.56840626","61.53278622","7.127064207","63.49726331","blackgram"
"48","62","15","25.36586097","66.6379724","7.538631462000001","65.81655892","blackgram"
"32","66","17","34.9466155","65.26774011","7.162357641","70.1415139","blackgram"
"21","63","22","25.09737391","67.72837887","6.859409487000001","74.61649888","blackgram"
"20","72","19","32.47648301","64.34848735","7.397190844","65.82045699999999","blackgram"
"25","65","21","33.86351172","68.59232289","6.880245789","69.24464096","blackgram"
"41","78","21","25.19857725","60.37332688","6.581313137","70.88787207","blackgram"
"53","67","17","31.77681682","69.01852894","7.296972161","61.46892873","blackgram"
"39","60","21","34.89814946","63.59948557","6.97297656","64.72797143","blackgram"
"25","76","17","31.74105409","68.63525428","7.241148507","62.3061735","blackgram"
"21","78","19","27.16159076","66.76017239","6.92009048","69.85112265","blackgram"
"57","60","17","26.23773129","67.88521396","7.504608385","73.58663968","blackgram"
"56","75","15","30.20157245","60.06534859","7.152272256","66.37171179","blackgram"
"49","72","15","31.55846339","67.83563765","7.137004749","74.86960831","blackgram"
"24","80","19","29.67892453","69.0854554","6.8080417220000005","65.66436565","blackgram"
"49","76","18","27.05365239","67.7017527","7.393631868","60.4693835","blackgram"
"28","68","19","34.63880966","61.38597868","7.69950698","72.43169115","blackgram"
"55","78","21","33.39438752","62.93692886","6.6028882489999985","63.57445989","blackgram"
"50","64","25","28.84079155","63.37230676","6.734447425","70.25496749","blackgram"
"34","80","19","31.49338309","63.0563645","6.521217963","71.48327008","blackgram"
"20","68","23","25.54960633","63.95425534","7.707332484","63.1830529","blackgram"
"55","67","16","34.37329112","69.69366426","6.596719015","70.27184748","blackgram"
"23","70","15","34.600824700000004","63.11296779","7.403623355","60.41790253","blackgram"
"53","74","15","29.43463808","64.94329356","7.517097","72.17818157","blackgram"
"26","67","16","29.10713092","67.90577375","7.17620823","67.83345933","blackgram"
"33","80","22","28.57006111","65.71765781","6.593961761","70.0866434","blackgram"
"37","79","19","27.54384835","69.3478631","7.143942758","69.40878198","blackgram"
"33","75","21","33.04687968","68.93875631","6.690655045","62.30278274","blackgram"
"22","55","20","33.95309131","69.96100028","7.423530351","61.16350463","blackgram"
"20","68","17","30.11873003","60.11680815","6.578714842999999","71.72980375","blackgram"
"43","68","20","29.57812712","66.17587668","7.497469256","69.43895491","blackgram"
"44","76","22","27.26458947","68.01232937","7.775306272000001","68.91754359","blackgram"
"34","60","16","31.35730791","64.24992106","7.322555222999999","63.85668948","blackgram"
"21","72","17","31.52104732","66.55723677","7.580527339","61.71111448","blackgram"
"25","68","19","29.39982732","64.25510719","7.1084501210000015","67.47677295","blackgram"
"41","62","15","29.38400259","64.14928485","7.358974541","65.24194361","blackgram"
"28","65","23","28.38686534","61.88871127","7.405176138","74.24459122","blackgram"
"35","64","15","28.47442276","63.53604453","6.500144962","69.5274407","blackgram"
"52","58","16","30.64095781","61.14508627","7.167435834","71.36947525","blackgram"
"58","75","25","25.25596239","61.36669662","7.261791753","68.64685069","blackgram"
"34","66","19","32.97030511","60.18122078","7.586642101","73.44678678","blackgram"
"52","70","16","33.66855394","66.60416867","7.534811832999999","67.32520551","blackgram"
"23","57","19","32.83963757","67.99803573","7.251000789","73.40452716","blackgram"
"42","58","25","27.45853567","62.90020977","6.513620917999999","69.46020927","blackgram"
"37","62","17","25.68576704","69.84354028","7.121254928","74.62068748","blackgram"
"44","75","22","30.0328403","64.14800537","7.574561547","71.21006868","blackgram"
"21","80","20","28.20667264","68.27085245","7.350869792","64.32887142","blackgram"
"56","76","16","28.27265858","61.18956161","7.5131510760000015","63.29900785","blackgram"
"29","76","15","28.541723600000005","64.2020154","7.0256077060000015","69.68862306","blackgram"
"43","61","20","26.87187036","61.61367264","6.804253866","63.51822045","blackgram"
"55","60","15","32.79766751","68.77994074","7.163043872","64.11411069","blackgram"
"44","63","15","26.42333018","64.51136845","7.338929556","63.46546487","blackgram"
"29","67","21","29.79181107","63.38789228","6.621323612","63.02169909","blackgram"
"47","63","16","27.44003279","67.10464369","6.661870999","72.50669768","blackgram"
"40","68","17","34.1262979","65.14877461","7.733149554","70.40795007","blackgram"
"58","61","15","30.94908189","64.23364112","7.402891666","62.78730907","blackgram"
"41","74","18","28.75751783","61.02701476","6.599147297999999","73.37686831","blackgram"
"58","79","17","27.24766491","66.10123083","7.04174124","62.31842057","blackgram"
"27","62","24","28.63005477","66.770943","7.353876754","62.2737345","blackgram"
"27","60","17","26.41768321","63.64698302","7.0267953589999985","64.42177127","blackgram"
"52","65","20","32.81705216","66.15665137","6.814301033","68.83924882","blackgram"
"44","55","25","29.6321052","65.91359954","7.42160832","71.16331975","blackgram"
"21","62","24","33.49077065","62.73317204","6.8473828910000005","65.45328463","blackgram"
"60","59","22","31.86847286","66.74217464","7.191522601","74.22238583","blackgram"
"33","77","21","30.32992227","65.62971858","7.01285529","71.64631281","blackgram"
"59","58","17","28.546224","66.31394098","7.368318809","62.83469851","blackgram"
"29","63","17","30.02629908","67.88811637","7.26154329","66.47264636","blackgram"
"59","63","18","31.65531175","60.13263713","6.52669158","66.69096751","blackgram"
"29","70","15","30.33499674","63.54718862","6.872594461","74.16699119","blackgram"
"58","73","16","33.36984395","65.67718163","6.874142175","64.89517488","blackgram"
"55","77","22","31.4345059","62.99303471","7.76061831","64.77651469","blackgram"
"42","79","23","27.71678273","63.29103387","6.781841984","68.56507978","blackgram"
"44","77","21","32.63918668","61.3009051","7.326980454","61.83876146","blackgram"
"38","62","25","32.7477393","67.77954584","7.453975408","63.37784443","blackgram"
"32","76","15","28.05153602","63.49802189","7.604110177000001","43.35795377","lentil"
"13","61","22","19.44084326","63.27771461","7.728832424","46.83130119","lentil"
"38","60","20","29.84823072","60.63872613","7.491217102","46.80452595","lentil"
"11","74","17","21.36383757","69.92375891","6.633864582","46.6352865","lentil"
"37","71","16","26.28663931","68.51966729","7.324863481","46.13833007","lentil"
"29","71","18","22.17499963","62.13873825","6.410441476","53.46622584","lentil"
"2","72","18","26.57597546","60.97876599","7.836719564","50.89110726","lentil"
"6","59","21","26.58972517","66.14007674","6.139215944","50.90994463","lentil"
"13","64","20","19.1345771","62.57526895","6.590571088","36.46946971","lentil"
"8","58","17","28.75273118","69.15640149","7.286049977999999","35.15426171","lentil"
"6","77","20","25.78746268","60.2816298","6.058306161","49.14337177","lentil"
"2","75","22","23.89271875","61.78779413","6.658605362","52.55730112","lentil"
"3","69","23","28.67408774","63.18832976","7.299360767","42.96018627","lentil"
"27","80","24","28.42062847","61.77336343","7.815210661","49.02366803","lentil"
"39","78","15","21.35499456","62.60136323","5.925391795","41.78219834","lentil"
"40","79","17","21.12695586","63.18738532","6.403683619","38.71834464","lentil"
"37","62","22","24.02037872","61.62313345","7.397546271","49.78102578","lentil"
"31","60","24","25.40474421","65.8567539","7.722335992","51.92057267","lentil"
"22","67","22","29.03017561","64.49166566","7.475926645","54.93937710000001","lentil"
"3","78","18","20.21368219","68.65257685","6.887130053","50.89732989","lentil"
"4","80","16","29.19585548","68.01965728","7.441976825","44.93261911","lentil"
"13","61","24","18.29783597","69.6897615","7.629910252999999","49.39111479","lentil"
"12","66","20","27.41434987","63.41785982","7.336117221","44.43177543","lentil"
"4","61","21","24.84063998","60.09116626","6.75020529","48.77790371","lentil"
"9","60","21","29.94413861","67.31323084","7.52178027","40.37113729","lentil"
"18","66","22","25.87990287","67.55109024","6.347379185","47.89645224","lentil"
"32","56","18","20.0467711","65.84395319","7.135251532000001","46.05333124","lentil"
"6","72","15","22.99451999","66.70897237","7.670178119","54.49044154","lentil"
"15","77","20","25.13163619","66.92642362","7.399749291","49.04015558","lentil"
"0","65","24","28.49584395","62.44616219","7.841496029","53.14531023","lentil"
"30","79","22","18.28766124","69.48515056","6.254216611","48.60449438","lentil"
"3","63","16","24.38041875","61.18458224","6.868881707999999","53.13946695","lentil"
"2","78","23","21.31852148","66.43934593","7.320514721","45.42616802","lentil"
"10","78","18","18.54141834","62.70637578","6.296976913","44.07819743","lentil"
"14","67","25","25.28710601","60.85993533","7.241151936","49.37369982","lentil"
"39","65","23","25.43459777","69.12613376","7.685959305","41.02682925","lentil"
"19","72","15","28.83600962","69.76112921","6.890760124","44.08562546","lentil"
"18","57","21","27.37659643","63.93927841","6.155915975","49.47371773","lentil"
"31","58","15","28.31886863","60.19461399","6.167855382000001","45.36521251","lentil"
"28","58","25","27.4818649","62.04814951","6.861640036","37.81123974","lentil"
"5","65","19","18.28072173","68.10365387","6.978361689","48.80253285","lentil"
"16","65","19","27.61204997","69.29786244","7.043160241","42.72374404","lentil"
"34","65","19","23.43974653","63.22011726","5.94239222","45.40277297","lentil"
"14","69","19","20.95628486","63.68128841","7.239455147","52.39881209","lentil"
"22","55","16","23.7937153","68.03209183","6.516317561","49.73922097","lentil"
"24","61","17","22.6371424","65.44544859","6.233269045","38.30411077","lentil"
"2","79","15","21.53577883","65.47227704","7.505283615","35.75107592","lentil"
"26","63","17","29.87854588","65.73085206","6.950300686","44.95654782","lentil"
"27","61","15","25.2653291","67.10004577","6.958054839","48.33941188","lentil"
"24","70","16","25.17885316","68.93307305","6.54803469","35.03484812","lentil"
"13","74","25","24.12192608","61.09533545","6.461618577","44.23629285","lentil"
"6","64","23","23.33565221","67.40460704","7.065264073","36.18678721","lentil"
"12","58","23","21.74600081","63.39503184","6.765091462000001","50.43306085","lentil"
"32","79","22","27.60195453","63.46170674","5.91645379","54.37814199","lentil"
"6","68","18","24.388717","62.50453062","6.711341147000001","47.26052494","lentil"
"10","79","20","24.98287462","66.895409","6.379881442","38.21370568","lentil"
"38","77","22","28.234829","69.3159965","6.313284267999999","35.36831423","lentil"
"17","74","17","26.03026959","69.55863145","7.393210848","37.11395801","lentil"
"26","68","24","28.04849594","64.07691942","7.504930973","37.15824966","lentil"
"23","75","17","24.87425505","64.00213929","7.198076286","48.28137482","lentil"
"32","78","22","23.97081395","62.35557553","7.007037515","53.40906048","lentil"
"19","79","19","20.06003985","67.76252583","6.677262562","42.89509057","lentil"
"22","60","18","19.59221047","61.28633405","6.74398035","41.7704893","lentil"
"28","69","16","29.77013109","66.29327012","6.547361617999999","35.69674138","lentil"
"1","67","21","27.52135365","60.53657684","6.551577598","48.06491307","lentil"
"12","67","23","25.62896213","63.14909763","6.585020302999999","45.49683991","lentil"
"36","67","20","20.39078312","60.47528931","6.924042372000001","53.31508572","lentil"
"28","70","21","25.39038396","60.4989659","7.437373666","39.18374505","lentil"
"12","71","19","24.91079638","60.71367427","7.142611056000002","42.19740397","lentil"
"22","68","16","27.70496805","63.20915034","7.74672376","37.46160727","lentil"
"26","66","22","18.06486101","65.1034354","6.300479414","51.54922825","lentil"
"16","65","16","18.13027797","62.45851612","6.078724107","50.6128521","lentil"
"14","59","22","23.82723528","67.89815262","6.76660668","46.90725077","lentil"
"33","59","19","23.19305333","62.74710773","7.641024177","49.55213308","lentil"
"21","63","17","25.08966129","68.17543102","6.559681838","41.45486619","lentil"
"0","69","21","25.86928193","61.88321072","7.072923306","36.68284038","lentil"
"10","75","17","18.43966037","68.05394959","7.732194787999999","39.00992137","lentil"
"30","61","18","27.14911056","67.02664337","6.157782589","52.50812701","lentil"
"0","74","17","23.33375853","64.50515776","7.240988401","47.01510708","lentil"
"35","74","22","26.7230014","62.96841833","6.898905799","42.87274897","lentil"
"7","63","24","19.55750776","64.45268309","6.818681086000002","53.04669416","lentil"
"9","56","17","26.13708256","66.7729209","6.261937875","46.48280681","lentil"
"14","74","15","27.99990346","65.57653373","6.493036868","49.94043064","lentil"
"14","76","20","29.05941162","62.10652364","7.042474679","36.5011366","lentil"
"36","65","16","25.71269843","64.1123333","7.692013657","50.17067771","lentil"
"28","67","21","21.79792649","63.73086065","6.250994222999999","46.62370222","lentil"
"28","79","16","24.70626432","60.26854183","6.0521848810000005","53.12442925","lentil"
"40","61","22","20.94981756","65.8108757","7.002216044","44.23913012","lentil"
"10","70","19","24.84918386","68.98088448","7.272427638","41.61080544","lentil"
"12","80","19","21.91041045","65.21662467","5.962001484","36.10211371","lentil"
"37","77","20","25.93381964","68.70533022","7.080506001","51.02372773","lentil"
"0","67","22","29.82112112","69.4073209","6.5937983870000005","51.56461082","lentil"
"7","73","25","27.52185591","63.13215259","7.28805662","45.20841071","lentil"
"10","56","18","27.99627907","68.6428593","7.32710972","46.10585191","lentil"
"39","70","15","20.76774783","63.90164154","6.366355781","47.9271552","lentil"
"26","56","22","23.05276444","60.424786","7.011121216","52.60285259","lentil"
"9","77","17","21.65845777","63.58337146","6.280725549","38.07659414","lentil"
"4","59","19","26.25070298","67.62779652","7.621494566","40.8106299","lentil"
"34","73","15","20.97195263","63.83179889","7.630424082999999","53.10207889","lentil"
"33","77","15","23.89736406","66.32102048","7.802212437","40.74536757","lentil"
"133","47","24","24.40228894","79.19732001","7.231324765","90.8022356","cotton"
"136","36","20","23.09595631","84.86275707","6.925412377000001","71.29581071","cotton"
"104","47","18","23.9656349","76.97696717","7.633437412","90.75616738","cotton"
"133","47","23","24.88738107","75.62137159","6.827354668","89.76050416","cotton"
"126","38","23","25.36243778","83.63276077","6.176716425","88.43618918","cotton"
"126","50","19","24.69457084","81.7358876","6.6287228360000015","78.58494391","cotton"
"113","41","20","25.0017188","80.53965818","7.256877571","96.32600992","cotton"
"121","45","22","22.45942937","81.30681027","6.443785385","64.23026638","cotton"
"121","47","16","23.60564038","79.29573149","7.7232401510000015","72.49800885","cotton"
"129","60","22","24.58453146","79.12404171","5.947448589","71.94608134","cotton"
"107","45","25","23.0865933","83.55546146","7.2277455160000015","71.84080724","cotton"
"122","59","18","23.5000992","83.63488952","6.219469084","79.81328183","cotton"
"140","38","15","24.1472953","75.88298598","6.021439523","69.91563467","cotton"
"102","49","21","24.69315538","84.84422454","6.253343655","89.799462","cotton"
"111","40","25","24.484692000000006","84.44932014","6.1874557989999985","90.94342484","cotton"
"131","35","18","24.49112609","82.24415809","7.0576933660000005","64.02949379","cotton"
"135","43","16","23.47986888","81.73049149","6.720449769","86.76287924","cotton"
"100","46","18","24.18586246","76.04203958","6.4316895060000006","69.08056728","cotton"
"123","39","24","25.00755095","78.17952126","7.453106264","86.06411872","cotton"
"117","56","15","25.99237426","77.0543546","7.368258226","89.1188212","cotton"
"121","36","24","23.66457347","81.69105088","7.352401887","99.36898373","cotton"
"101","58","18","25.66891439","81.38103349","6.652143699","78.59595817","cotton"
"107","42","24","22.04612876","84.62978302","6.144631795","86.00758678","cotton"
"100","41","22","22.4204752","84.55794703","7.318802162000001","93.46595573","cotton"
"125","39","21","25.03149561","82.21276599","7.954629324","95.0191318","cotton"
"105","60","23","23.53371386","77.21705554","6.207652157","87.54004943","cotton"
"102","46","19","22.77076388","82.5993307","6.631005298","81.49543437","cotton"
"131","49","22","25.49848236","79.9751579","7.306918817000001","67.05961949","cotton"
"139","35","15","25.248679","83.4630147","5.898293044","86.55517751","cotton"
"108","36","19","22.78249615","77.51235009","7.238566893","64.61444234","cotton"
"118","45","23","23.37044424","77.43198948","7.977651226","71.67870701","cotton"
"107","51","22","24.86560781","78.22080815","5.983075895","79.56866268","cotton"
"125","60","17","24.14386157","84.51591287","6.785723961","80.36146974","cotton"
"113","37","20","25.03300222","79.04368718","7.393441155","97.10087029","cotton"
"131","52","16","23.65724079","84.47601498","6.486068274","88.54479121","cotton"
"115","48","16","25.54359718","84.09229796","7.175934962","88.94245493","cotton"
"113","38","25","22.00085141","79.47270984","7.388265887999999","90.42224164","cotton"
"111","41","18","23.64328417","78.1258666","6.10539819","80.96157332","cotton"
"111","53","19","23.96436009","78.02763149","6.419536555","84.63148859","cotton"
"122","48","16","24.65425757","75.6350708","6.307585854","61.82980133","cotton"
"108","46","17","24.3017998","84.87668973","6.93221485","65.0247867","cotton"
"132","41","22","24.29144926","81.02453404","7.810865753","90.41694635","cotton"
"103","42","17","24.29470232","84.61527627","6.527541661","81.05902285","cotton"
"133","50","25","25.72180042","81.19666206","7.569454601","99.93100821","cotton"
"127","37","18","24.87663664","76.30050373","7.041065585","91.9223468","cotton"
"110","39","25","22.60612115","77.34264002","7.208795456","75.13617229","cotton"
"131","38","19","23.86814008","75.68339729","6.814341946","90.4547185","cotton"
"108","38","24","23.41022496","76.43836957","7.442217061","78.82199603","cotton"
"122","40","17","24.96440768","81.31677618","6.854558957","80.03995829","cotton"
"111","50","15","25.16820129","80.30351815","7.884550475","84.62419032","cotton"
"140","40","17","22.72767171","77.07598065","6.006085786","77.55176318","cotton"
"100","40","20","22.45145981","76.25674874","7.432043735","86.84998693","cotton"
"123","50","16","23.04920461","75.53835214","6.498052108","70.65644296","cotton"
"107","36","21","25.29250148","75.66653335","6.205263534","62.64174227","cotton"
"118","50","19","22.95604064","82.33733678","6.360812227","66.48339303","cotton"
"103","51","20","22.80213132","84.14668447","7.0466074339999984","91.6389565","cotton"
"133","57","19","23.54234715","75.98203329","7.947011366","84.12536744","cotton"
"129","47","20","24.41212325","80.80343786","6.281913857999999","98.60457373","cotton"
"116","52","19","22.94276687","75.37170612","6.114525877","67.08022574","cotton"
"114","40","23","25.53676123","81.13668716","6.7539780610000015","95.4262599","cotton"
"131","60","17","25.32023717","81.79475917","7.4250413160000015","83.46532547","cotton"
"107","43","18","22.426733","81.53480799","6.745104394","65.54475812","cotton"
"123","44","21","25.78544484","75.00539324","7.6411165689999985","91.39578861","cotton"
"112","49","25","25.68959532","77.90621048","6.470135478","66.19426787","cotton"
"119","44","15","22.14593688","82.85975490000001","7.091992365","60.65381719","cotton"
"130","59","19","25.07278712","82.50257909","6.520403794","93.51042684","cotton"
"127","53","24","22.21506982","76.17851932","6.127939627999999","70.40557612","cotton"
"134","52","18","23.9643129","76.59175937","7.994679507000001","76.13090645","cotton"
"109","36","18","25.40059227","76.53237965","7.524707577","62.51388670000001","cotton"
"100","48","17","23.7805123","83.03878838","7.827877817999999","66.26555904","cotton"
"132","52","19","24.16402322","76.7433897","6.436691764","61.94626051","cotton"
"102","37","25","25.31468463","77.91757121","5.907930899","72.82902109","cotton"
"111","39","22","22.60361557","80.35090459999998","6.135025006","88.57395505","cotton"
"117","51","15","22.9535715","78.71555832","6.044556594","99.75336197","cotton"
"136","36","24","22.74446976","80.41198458","7.59781958","90.07326633","cotton"
"134","56","18","23.80834611","83.91902605","6.691268104","70.97358303","cotton"
"112","54","15","25.46228792","81.56641891","6.1754923060000015","76.88582484","cotton"
"105","56","15","25.96779712","81.97904282","7.272316208999999","74.14169043","cotton"
"140","45","15","25.5308271","80.04662756","5.801047545","99.39557151","cotton"
"126","46","25","24.43847399","81.69801729","6.757457943","60.79645852","cotton"
"106","49","24","23.03887865","76.47039772","6.983395572999999","90.64770699","cotton"
"121","53","19","23.51308653","76.72621429","7.976889497999999","80.11272117","cotton"
"108","60","17","22.75805656","76.75768356","6.558902588","97.76600619","cotton"
"116","56","17","24.71252544","77.7293114","7.979090365","85.24963302","cotton"
"100","52","19","23.45969093","82.44777468","7.903528672999999","93.50153555","cotton"
"129","43","16","25.5503704","77.85055621","6.73210948","78.58488484","cotton"
"118","44","23","22.08458267","82.82904143","6.6916904760000016","67.06459777","cotton"
"117","43","25","24.68854799","78.51206972","7.839849298","69.31153566","cotton"
"126","37","21","25.84997269","84.16855231","6.61448588","77.03421249","cotton"
"120","48","16","22.46054478","75.40989245","7.456971816","71.85436078","cotton"
"102","45","16","23.65629976","77.52425987","7.2942193","74.8984994","cotton"
"131","56","20","22.00817088","81.83896111","7.762647875","92.23645249","cotton"
"114","40","17","24.32630461","80.13456404","6.363406102000001","69.45072055","cotton"
"101","37","18","22.92360984","82.68738535","7.63737841","92.91915074","cotton"
"106","46","20","23.43821725","78.63388824","6.2006719760000015","81.15072105","cotton"
"113","38","20","22.10718988","78.58320116","6.364729934","74.94136567","cotton"
"102","53","21","23.03814028","76.11021529","6.913678684","91.49697481","cotton"
"110","39","18","24.54795322","75.39752705","7.766259768999999","63.88079866","cotton"
"107","58","15","23.73868041","75.77503808","7.55606399","76.63669195","cotton"
"120","60","15","22.31871914","83.86129998","7.288377241","65.35747011","cotton"
