Area,Item,Year,hg/ha_yield,average_rain_fall_mm_per_year,pesticides_tonnes,avg_temp
Pakistan,Maize,1990,14014,494.0,5299.0,24.81
Pakistan,Maize,1990,14014,494.0,5299.0,23.14
Pakistan,Maize,1990,14014,494.0,5299.0,27.0
Pakistan,Maize,1990,14014,494.0,5299.0,23.14
Pakistan,Maize,1990,14014,494.0,5299.0,26.39
Pakistan,Maize,1990,14014,494.0,5299.0,24.81
Pakistan,Maize,1990,14014,494.0,5299.0,26.23
Pakistan,Maize,1990,14014,494.0,5299.0,19.36
Pakistan,Maize,1990,14014,494.0,5299.0,23.14
Pakistan,Maize,1991,14235,494.0,5962.0,24.38
Pakistan,Maize,1991,14235,494.0,5962.0,22.48
Pakistan,Maize,1991,14235,494.0,5962.0,26.98
Pakistan,Maize,1991,14235,494.0,5962.0,22.48
Pakistan,Maize,1991,14235,494.0,5962.0,26.34
Pakistan,Maize,1991,14235,494.0,5962.0,24.38
Pakistan,Maize,1991,14235,494.0,5962.0,25.87
Pakistan,Maize,1991,14235,494.0,5962.0,18.48
Pakistan,Maize,1991,14235,494.0,5962.0,22.48
Pakistan,Maize,1992,13966,494.0,5518.0,24.31
Pakistan,Maize,1992,13966,494.0,5518.0,22.36
Pakistan,Maize,1992,13966,494.0,5518.0,26.91
Pakistan,Maize,1992,13966,494.0,5518.0,22.36
Pakistan,Maize,1992,13966,494.0,5518.0,26.36
Pakistan,Maize,1992,13966,494.0,5518.0,24.31
Pakistan,Maize,1992,13966,494.0,5518.0,25.71
Pakistan,Maize,1992,13966,494.0,5518.0,18.34
Pakistan,Maize,1992,13966,494.0,5518.0,22.36
Pakistan,Maize,1993,13983,494.0,4945.0,25.04
Pakistan,Maize,1993,13983,494.0,4945.0,23.08
Pakistan,Maize,1993,13983,494.0,4945.0,27.72
Pakistan,Maize,1993,13983,494.0,4945.0,23.08
Pakistan,Maize,1993,13983,494.0,4945.0,27.25
Pakistan,Maize,1993,13983,494.0,4945.0,25.04
Pakistan,Maize,1993,13983,494.0,4945.0,26.51
Pakistan,Maize,1993,13983,494.0,4945.0,18.91
Pakistan,Maize,1993,13983,494.0,4945.0,23.08
Pakistan,Maize,1994,15004,494.0,6183.0,24.78
Pakistan,Maize,1994,15004,494.0,6183.0,22.93
Pakistan,Maize,1994,15004,494.0,6183.0,26.87
Pakistan,Maize,1994,15004,494.0,6183.0,22.93
Pakistan,Maize,1994,15004,494.0,6183.0,26.36
Pakistan,Maize,1994,15004,494.0,6183.0,24.78
Pakistan,Maize,1994,15004,494.0,6183.0,26.13
Pakistan,Maize,1994,15004,494.0,6183.0,18.78
Pakistan,Maize,1994,15004,494.0,6183.0,22.93
Pakistan,Maize,1995,16908,494.0,7681.0,24.58
Pakistan,Maize,1995,16908,494.0,7681.0,22.61
Pakistan,Maize,1995,16908,494.0,7681.0,27.11
Pakistan,Maize,1995,16908,494.0,7681.0,22.61
Pakistan,Maize,1995,16908,494.0,7681.0,26.63
Pakistan,Maize,1995,16908,494.0,7681.0,24.58
Pakistan,Maize,1995,16908,494.0,7681.0,26.09
Pakistan,Maize,1995,16908,494.0,7681.0,18.68
Pakistan,Maize,1995,16908,494.0,7681.0,22.61
Pakistan,Maize,1996,15884,494.0,11955.0,24.43
Pakistan,Maize,1996,15884,494.0,11955.0,22.61
Pakistan,Maize,1996,15884,494.0,11955.0,27.17
Pakistan,Maize,1996,15884,494.0,11955.0,22.61
Pakistan,Maize,1996,15884,494.0,11955.0,26.5
Pakistan,Maize,1996,15884,494.0,11955.0,24.43
Pakistan,Maize,1996,15884,494.0,11955.0,25.92
Pakistan,Maize,1996,15884,494.0,11955.0,18.72
Pakistan,Maize,1996,15884,494.0,11955.0,22.61
Pakistan,Maize,1997,16352,494.0,16936.0,23.76
Pakistan,Maize,1997,16352,494.0,16936.0,22.14
Pakistan,Maize,1997,16352,494.0,16936.0,26.82
Pakistan,Maize,1997,16352,494.0,16936.0,22.14
Pakistan,Maize,1997,16352,494.0,16936.0,26.29
Pakistan,Maize,1997,16352,494.0,16936.0,23.76
Pakistan,Maize,1997,16352,494.0,16936.0,25.16
Pakistan,Maize,1997,16352,494.0,16936.0,18.62
Pakistan,Maize,1997,16352,494.0,16936.0,22.14
Pakistan,Maize,1998,17853,494.0,18406.0,24.91
Pakistan,Maize,1998,17853,494.0,18406.0,23.11
Pakistan,Maize,1998,17853,494.0,18406.0,27.89
Pakistan,Maize,1998,17853,494.0,18406.0,23.11
Pakistan,Maize,1998,17853,494.0,18406.0,27.36
Pakistan,Maize,1998,17853,494.0,18406.0,24.91
Pakistan,Maize,1998,17853,494.0,18406.0,26.41
Pakistan,Maize,1998,17853,494.0,18406.0,19.15
Pakistan,Maize,1998,17853,494.0,18406.0,23.11
Pakistan,Maize,1999,17169,494.0,20450.0,25.5
Pakistan,Maize,1999,17169,494.0,20450.0,23.8
Pakistan,Maize,1999,17169,494.0,20450.0,27.54
Pakistan,Maize,1999,17169,494.0,20450.0,23.8
Pakistan,Maize,1999,17169,494.0,20450.0,27.14
Pakistan,Maize,1999,17169,494.0,20450.0,25.5
Pakistan,Maize,1999,17169,494.0,20450.0,26.8
Pakistan,Maize,1999,17169,494.0,20450.0,19.84
Pakistan,Maize,1999,17169,494.0,20450.0,23.8
Pakistan,Maize,2000,17086,494.0,27885.0,25.32
Pakistan,Maize,2000,17086,494.0,27885.0,23.6
Pakistan,Maize,2000,17086,494.0,27885.0,27.73
Pakistan,Maize,2000,17086,494.0,27885.0,23.6
Pakistan,Maize,2000,17086,494.0,27885.0,27.12
Pakistan,Maize,2000,17086,494.0,27885.0,25.32
Pakistan,Maize,2000,17086,494.0,27885.0,26.71
Pakistan,Maize,2000,17086,494.0,27885.0,19.68
Pakistan,Maize,2000,17086,494.0,27885.0,23.6
Pakistan,Maize,2001,17631,494.0,11871.0,25.18
Pakistan,Maize,2001,17631,494.0,11871.0,23.62
Pakistan,Maize,2001,17631,494.0,11871.0,27.7
Pakistan,Maize,2001,17631,494.0,11871.0,23.62
Pakistan,Maize,2001,17631,494.0,11871.0,27.28
Pakistan,Maize,2001,17631,494.0,11871.0,25.18
Pakistan,Maize,2001,17631,494.0,11871.0,26.5
Pakistan,Maize,2001,17631,494.0,11871.0,19.79
Pakistan,Maize,2001,17631,494.0,11871.0,23.62
Pakistan,Maize,2002,18448,494.0,10881.83,25.61
Pakistan,Maize,2002,18448,494.0,10881.83,23.83
Pakistan,Maize,2002,18448,494.0,10881.83,27.88
Pakistan,Maize,2002,18448,494.0,10881.83,23.83
Pakistan,Maize,2002,18448,494.0,10881.83,27.2
Pakistan,Maize,2002,18448,494.0,10881.83,25.61
Pakistan,Maize,2002,18448,494.0,10881.83,27.0
Pakistan,Maize,2002,18448,494.0,10881.83,19.7
Pakistan,Maize,2002,18448,494.0,10881.83,23.83
Pakistan,Maize,2004,28488,494.0,8903.48,25.55
Pakistan,Maize,2004,28488,494.0,8903.48,23.78
Pakistan,Maize,2004,28488,494.0,8903.48,27.94
Pakistan,Maize,2004,28488,494.0,8903.48,23.78
Pakistan,Maize,2004,28488,494.0,8903.48,27.5
Pakistan,Maize,2004,28488,494.0,8903.48,25.55
Pakistan,Maize,2004,28488,494.0,8903.48,26.96
Pakistan,Maize,2004,28488,494.0,8903.48,19.93
Pakistan,Maize,2004,28488,494.0,8903.48,23.78
Pakistan,Maize,2005,29843,494.0,7914.31,24.66
Pakistan,Maize,2005,29843,494.0,7914.31,22.8
Pakistan,Maize,2005,29843,494.0,7914.31,27.21
Pakistan,Maize,2005,29843,494.0,7914.31,22.8
Pakistan,Maize,2005,29843,494.0,7914.31,26.8
Pakistan,Maize,2005,29843,494.0,7914.31,24.66
Pakistan,Maize,2005,29843,494.0,7914.31,26.04
Pakistan,Maize,2005,29843,494.0,7914.31,18.75
Pakistan,Maize,2005,29843,494.0,7914.31,22.8
Pakistan,Maize,2006,30368,494.0,6925.13,25.17
Pakistan,Maize,2006,30368,494.0,6925.13,23.28
Pakistan,Maize,2006,30368,494.0,6925.13,27.29
Pakistan,Maize,2006,30368,494.0,6925.13,23.28
Pakistan,Maize,2006,30368,494.0,6925.13,26.73
Pakistan,Maize,2006,30368,494.0,6925.13,25.17
Pakistan,Maize,2006,30368,494.0,6925.13,26.46
Pakistan,Maize,2006,30368,494.0,6925.13,19.53
Pakistan,Maize,2006,30368,494.0,6925.13,23.28
Pakistan,Maize,2007,34265,494.0,5935.96,25.16
Pakistan,Maize,2007,34265,494.0,5935.96,23.33
Pakistan,Maize,2007,34265,494.0,5935.96,27.69
Pakistan,Maize,2007,34265,494.0,5935.96,23.33
Pakistan,Maize,2007,34265,494.0,5935.96,27.21
Pakistan,Maize,2007,34265,494.0,5935.96,25.16
Pakistan,Maize,2007,34265,494.0,5935.96,26.53
Pakistan,Maize,2007,34265,494.0,5935.96,19.5
Pakistan,Maize,2007,34265,494.0,5935.96,23.33
Pakistan,Maize,2008,34154,494.0,4946.79,24.89
Pakistan,Maize,2008,34154,494.0,4946.79,23.21
Pakistan,Maize,2008,34154,494.0,4946.79,27.23
Pakistan,Maize,2008,34154,494.0,4946.79,23.21
Pakistan,Maize,2008,34154,494.0,4946.79,26.74
Pakistan,Maize,2008,34154,494.0,4946.79,24.89
Pakistan,Maize,2008,34154,494.0,4946.79,26.33
Pakistan,Maize,2008,34154,494.0,4946.79,19.34
Pakistan,Maize,2008,34154,494.0,4946.79,23.21
Pakistan,Maize,2009,34879,494.0,3957.61,25.37
Pakistan,Maize,2009,34879,494.0,3957.61,23.62
Pakistan,Maize,2009,34879,494.0,3957.61,27.88
Pakistan,Maize,2009,34879,494.0,3957.61,23.62
Pakistan,Maize,2009,34879,494.0,3957.61,27.41
Pakistan,Maize,2009,34879,494.0,3957.61,25.37
Pakistan,Maize,2009,34879,494.0,3957.61,26.68
Pakistan,Maize,2009,34879,494.0,3957.61,19.3
Pakistan,Maize,2009,34879,494.0,3957.61,23.62
Pakistan,Maize,2010,38052,494.0,2968.44,25.48
Pakistan,Maize,2010,38052,494.0,2968.44,23.75
Pakistan,Maize,2010,38052,494.0,2968.44,28.0
Pakistan,Maize,2010,38052,494.0,2968.44,23.75
Pakistan,Maize,2010,38052,494.0,2968.44,27.45
Pakistan,Maize,2010,38052,494.0,2968.44,25.48
Pakistan,Maize,2010,38052,494.0,2968.44,26.79
Pakistan,Maize,2010,38052,494.0,2968.44,19.52
Pakistan,Maize,2010,38052,494.0,2968.44,23.75
Pakistan,Maize,2011,39897,494.0,1979.27,24.98
Pakistan,Maize,2011,39897,494.0,1979.27,23.36
Pakistan,Maize,2011,39897,494.0,1979.27,27.41
Pakistan,Maize,2011,39897,494.0,1979.27,23.36
Pakistan,Maize,2011,39897,494.0,1979.27,27.02
Pakistan,Maize,2011,39897,494.0,1979.27,24.98
Pakistan,Maize,2011,39897,494.0,1979.27,26.32
Pakistan,Maize,2011,39897,494.0,1979.27,19.53
Pakistan,Maize,2011,39897,494.0,1979.27,23.36
Pakistan,Maize,2012,39830,494.0,990.09,24.87
Pakistan,Maize,2012,39830,494.0,990.09,23.1
Pakistan,Maize,2012,39830,494.0,990.09,27.23
Pakistan,Maize,2012,39830,494.0,990.09,23.1
Pakistan,Maize,2012,39830,494.0,990.09,26.75
Pakistan,Maize,2012,39830,494.0,990.09,24.87
Pakistan,Maize,2012,39830,494.0,990.09,26.11
Pakistan,Maize,2012,39830,494.0,990.09,18.74
Pakistan,Maize,2012,39830,494.0,990.09,23.1
Pakistan,Maize,2013,42313,494.0,0.92,25.95
Pakistan,Maize,2013,42313,494.0,0.92,24.27
Pakistan,Maize,2013,42313,494.0,0.92,27.9
Pakistan,Maize,2013,42313,494.0,0.92,24.27
Pakistan,Maize,2013,42313,494.0,0.92,27.21
Pakistan,Maize,2013,42313,494.0,0.92,25.95
Pakistan,Maize,2013,42313,494.0,0.92,27.38
Pakistan,Maize,2013,42313,494.0,0.92,19.98
Pakistan,Maize,2013,42313,494.0,0.92,24.27
Pakistan,Maize,2014,43211,494.0,4566.8,25.98
Pakistan,Maize,2014,43211,494.0,4566.8,24.3
Pakistan,Maize,2014,43211,494.0,4566.8,27.93
Pakistan,Maize,2014,43211,494.0,4566.8,24.3
Pakistan,Maize,2014,43211,494.0,4566.8,27.24
Pakistan,Maize,2014,43211,494.0,4566.8,25.98
Pakistan,Maize,2014,43211,494.0,4566.8,27.41
Pakistan,Maize,2014,43211,494.0,4566.8,20.01
Pakistan,Maize,2014,43211,494.0,4566.8,24.3
Pakistan,Maize,2015,44248,494.0,4243.4,26.01
Pakistan,Maize,2015,44248,494.0,4243.4,24.33
Pakistan,Maize,2015,44248,494.0,4243.4,27.96
Pakistan,Maize,2015,44248,494.0,4243.4,24.33
Pakistan,Maize,2015,44248,494.0,4243.4,27.27
Pakistan,Maize,2015,44248,494.0,4243.4,26.01
Pakistan,Maize,2015,44248,494.0,4243.4,27.44
Pakistan,Maize,2015,44248,494.0,4243.4,20.04
Pakistan,Maize,2015,44248,494.0,4243.4,24.33
Pakistan,Maize,2016,45491,494.0,3920.1,26.04
Pakistan,Maize,2016,45491,494.0,3920.1,24.36
Pakistan,Maize,2016,45491,494.0,3920.1,27.99
Pakistan,Maize,2016,45491,494.0,3920.1,24.36
Pakistan,Maize,2016,45491,494.0,3920.1,27.3
Pakistan,Maize,2016,45491,494.0,3920.1,26.04
Pakistan,Maize,2016,45491,494.0,3920.1,27.47
Pakistan,Maize,2016,45491,494.0,3920.1,20.07
Pakistan,Maize,2016,45491,494.0,3920.1,24.36
Pakistan,Maize,2017,47182,494.0,3596.7,26.07
Pakistan,Maize,2017,47182,494.0,3596.7,24.39
Pakistan,Maize,2017,47182,494.0,3596.7,28.02
Pakistan,Maize,2017,47182,494.0,3596.7,24.39
Pakistan,Maize,2017,47182,494.0,3596.7,27.33
Pakistan,Maize,2017,47182,494.0,3596.7,26.07
Pakistan,Maize,2017,47182,494.0,3596.7,27.5
Pakistan,Maize,2017,47182,494.0,3596.7,20.1
Pakistan,Maize,2017,47182,494.0,3596.7,24.39
Pakistan,Maize,2018,49685,494.0,3273.3,26.1
Pakistan,Maize,2018,49685,494.0,3273.3,24.42
Pakistan,Maize,2018,49685,494.0,3273.3,28.05
Pakistan,Maize,2018,49685,494.0,3273.3,24.42
Pakistan,Maize,2018,49685,494.0,3273.3,27.36
Pakistan,Maize,2018,49685,494.0,3273.3,26.1
Pakistan,Maize,2018,49685,494.0,3273.3,27.53
Pakistan,Maize,2018,49685,494.0,3273.3,20.13
Pakistan,Maize,2018,49685,494.0,3273.3,24.42
Pakistan,Maize,2019,56140,494.0,2949.9,26.13
Pakistan,Maize,2019,56140,494.0,2949.9,24.45
Pakistan,Maize,2019,56140,494.0,2949.9,28.08
Pakistan,Maize,2019,56140,494.0,2949.9,24.45
Pakistan,Maize,2019,56140,494.0,2949.9,27.39
Pakistan,Maize,2019,56140,494.0,2949.9,26.13
Pakistan,Maize,2019,56140,494.0,2949.9,27.56
Pakistan,Maize,2019,56140,494.0,2949.9,20.16
Pakistan,Maize,2019,56140,494.0,2949.9,24.45
Pakistan,Maize,2020,63054,494.0,2626.5,26.16
Pakistan,Maize,2020,63054,494.0,2626.5,24.48
Pakistan,Maize,2020,63054,494.0,2626.5,28.11
Pakistan,Maize,2020,63054,494.0,2626.5,24.48
Pakistan,Maize,2020,63054,494.0,2626.5,27.42
Pakistan,Maize,2020,63054,494.0,2626.5,26.16
Pakistan,Maize,2020,63054,494.0,2626.5,27.59
Pakistan,Maize,2020,63054,494.0,2626.5,20.19
Pakistan,Maize,2020,63054,494.0,2626.5,24.48
Pakistan,Maize,2021,57637,494.0,2303.1,26.19
Pakistan,Maize,2021,57637,494.0,2303.1,24.51
Pakistan,Maize,2021,57637,494.0,2303.1,28.14
Pakistan,Maize,2021,57637,494.0,2303.1,24.51
Pakistan,Maize,2021,57637,494.0,2303.1,27.45
Pakistan,Maize,2021,57637,494.0,2303.1,26.19
Pakistan,Maize,2021,57637,494.0,2303.1,27.62
Pakistan,Maize,2021,57637,494.0,2303.1,20.22
Pakistan,Maize,2021,57637,494.0,2303.1,24.51
Pakistan,Maize,2022,63886,494.0,1979.8,26.22
Pakistan,Maize,2022,63886,494.0,1979.8,24.54
Pakistan,Maize,2022,63886,494.0,1979.8,28.17
Pakistan,Maize,2022,63886,494.0,1979.8,24.54
Pakistan,Maize,2022,63886,494.0,1979.8,27.48
Pakistan,Maize,2022,63886,494.0,1979.8,26.22
Pakistan,Maize,2022,63886,494.0,1979.8,27.65
Pakistan,Maize,2022,63886,494.0,1979.8,20.25
Pakistan,Maize,2022,63886,494.0,1979.8,24.54
Pakistan,Maize,2023,59335,494.0,1656.4,26.25
Pakistan,Maize,2023,59335,494.0,1656.4,24.57
Pakistan,Maize,2023,59335,494.0,1656.4,28.2
Pakistan,Maize,2023,59335,494.0,1656.4,24.57
Pakistan,Maize,2023,59335,494.0,1656.4,27.51
Pakistan,Maize,2023,59335,494.0,1656.4,26.25
Pakistan,Maize,2023,59335,494.0,1656.4,27.68
Pakistan,Maize,2023,59335,494.0,1656.4,20.28
Pakistan,Maize,2023,59335,494.0,1656.4,24.57
Pakistan,Maize,2024,61333,494.0,1333.0,26.28
Pakistan,Maize,2024,61333,494.0,1333.0,24.6
Pakistan,Maize,2024,61333,494.0,1333.0,28.23
Pakistan,Maize,2024,61333,494.0,1333.0,24.6
Pakistan,Maize,2024,61333,494.0,1333.0,27.54
Pakistan,Maize,2024,61333,494.0,1333.0,26.28
Pakistan,Maize,2024,61333,494.0,1333.0,27.71
Pakistan,Maize,2024,61333,494.0,1333.0,20.31
Pakistan,Maize,2024,61333,494.0,1333.0,24.6
Pakistan,Maize,2025,62216,494.0,1009.6,26.31
Pakistan,Maize,2025,62216,494.0,1009.6,24.63
Pakistan,Maize,2025,62216,494.0,1009.6,28.26
Pakistan,Maize,2025,62216,494.0,1009.6,24.63
Pakistan,Maize,2025,62216,494.0,1009.6,27.57
Pakistan,Maize,2025,62216,494.0,1009.6,26.31
Pakistan,Maize,2025,62216,494.0,1009.6,27.74
Pakistan,Maize,2025,62216,494.0,1009.6,20.34
Pakistan,Maize,2025,62216,494.0,1009.6,24.63
Pakistan,Maize,2026,63801,494.0,686.2,26.34
Pakistan,Maize,2026,63801,494.0,686.2,24.66
Pakistan,Maize,2026,63801,494.0,686.2,28.29
Pakistan,Maize,2026,63801,494.0,686.2,24.66
Pakistan,Maize,2026,63801,494.0,686.2,27.6
Pakistan,Maize,2026,63801,494.0,686.2,26.34
Pakistan,Maize,2026,63801,494.0,686.2,27.77
Pakistan,Maize,2026,63801,494.0,686.2,20.37
Pakistan,Maize,2026,63801,494.0,686.2,24.66
Pakistan,Potatoes,1990,104002,494.0,5299.0,24.81
Pakistan,Potatoes,1990,104002,494.0,5299.0,23.14
Pakistan,Potatoes,1990,104002,494.0,5299.0,27.0
Pakistan,Potatoes,1990,104002,494.0,5299.0,23.14
Pakistan,Potatoes,1990,104002,494.0,5299.0,26.39
Pakistan,Potatoes,1990,104002,494.0,5299.0,24.81
Pakistan,Potatoes,1990,104002,494.0,5299.0,26.23
Pakistan,Potatoes,1990,104002,494.0,5299.0,19.36
Pakistan,Potatoes,1990,104002,494.0,5299.0,23.14
Pakistan,Potatoes,1991,104452,494.0,5962.0,24.38
Pakistan,Potatoes,1991,104452,494.0,5962.0,22.48
Pakistan,Potatoes,1991,104452,494.0,5962.0,26.98
Pakistan,Potatoes,1991,104452,494.0,5962.0,22.48
Pakistan,Potatoes,1991,104452,494.0,5962.0,26.34
Pakistan,Potatoes,1991,104452,494.0,5962.0,24.38
Pakistan,Potatoes,1991,104452,494.0,5962.0,25.87
Pakistan,Potatoes,1991,104452,494.0,5962.0,18.48
Pakistan,Potatoes,1991,104452,494.0,5962.0,22.48
Pakistan,Potatoes,1992,113709,494.0,5518.0,24.31
Pakistan,Potatoes,1992,113709,494.0,5518.0,22.36
Pakistan,Potatoes,1992,113709,494.0,5518.0,26.91
Pakistan,Potatoes,1992,113709,494.0,5518.0,22.36
Pakistan,Potatoes,1992,113709,494.0,5518.0,26.36
Pakistan,Potatoes,1992,113709,494.0,5518.0,24.31
Pakistan,Potatoes,1992,113709,494.0,5518.0,25.71
Pakistan,Potatoes,1992,113709,494.0,5518.0,18.34
Pakistan,Potatoes,1992,113709,494.0,5518.0,22.36
Pakistan,Potatoes,1993,122809,494.0,4945.0,25.04
Pakistan,Potatoes,1993,122809,494.0,4945.0,23.08
Pakistan,Potatoes,1993,122809,494.0,4945.0,27.72
Pakistan,Potatoes,1993,122809,494.0,4945.0,23.08
Pakistan,Potatoes,1993,122809,494.0,4945.0,27.25
Pakistan,Potatoes,1993,122809,494.0,4945.0,25.04
Pakistan,Potatoes,1993,122809,494.0,4945.0,26.51
Pakistan,Potatoes,1993,122809,494.0,4945.0,18.91
Pakistan,Potatoes,1993,122809,494.0,4945.0,23.08
Pakistan,Potatoes,1994,133171,494.0,6183.0,24.78
Pakistan,Potatoes,1994,133171,494.0,6183.0,22.93
Pakistan,Potatoes,1994,133171,494.0,6183.0,26.87
Pakistan,Potatoes,1994,133171,494.0,6183.0,22.93
Pakistan,Potatoes,1994,133171,494.0,6183.0,26.36
Pakistan,Potatoes,1994,133171,494.0,6183.0,24.78
Pakistan,Potatoes,1994,133171,494.0,6183.0,26.13
Pakistan,Potatoes,1994,133171,494.0,6183.0,18.78
Pakistan,Potatoes,1994,133171,494.0,6183.0,22.93
Pakistan,Potatoes,1995,139418,494.0,7681.0,24.58
Pakistan,Potatoes,1995,139418,494.0,7681.0,22.61
Pakistan,Potatoes,1995,139418,494.0,7681.0,27.11
Pakistan,Potatoes,1995,139418,494.0,7681.0,22.61
Pakistan,Potatoes,1995,139418,494.0,7681.0,26.63
Pakistan,Potatoes,1995,139418,494.0,7681.0,24.58
Pakistan,Potatoes,1995,139418,494.0,7681.0,26.09
Pakistan,Potatoes,1995,139418,494.0,7681.0,18.68
Pakistan,Potatoes,1995,139418,494.0,7681.0,22.61
Pakistan,Potatoes,1996,134795,494.0,11955.0,24.43
Pakistan,Potatoes,1996,134795,494.0,11955.0,22.61
Pakistan,Potatoes,1996,134795,494.0,11955.0,27.17
Pakistan,Potatoes,1996,134795,494.0,11955.0,22.61
Pakistan,Potatoes,1996,134795,494.0,11955.0,26.5
Pakistan,Potatoes,1996,134795,494.0,11955.0,24.43
Pakistan,Potatoes,1996,134795,494.0,11955.0,25.92
Pakistan,Potatoes,1996,134795,494.0,11955.0,18.72
Pakistan,Potatoes,1996,134795,494.0,11955.0,22.61
Pakistan,Potatoes,1997,112295,494.0,16936.0,23.76
Pakistan,Potatoes,1997,112295,494.0,16936.0,22.14
Pakistan,Potatoes,1997,112295,494.0,16936.0,26.82
Pakistan,Potatoes,1997,112295,494.0,16936.0,22.14
Pakistan,Potatoes,1997,112295,494.0,16936.0,26.29
Pakistan,Potatoes,1997,112295,494.0,16936.0,23.76
Pakistan,Potatoes,1997,112295,494.0,16936.0,25.16
Pakistan,Potatoes,1997,112295,494.0,16936.0,18.62
Pakistan,Potatoes,1997,112295,494.0,16936.0,22.14
Pakistan,Potatoes,1998,136186,494.0,18406.0,24.91
Pakistan,Potatoes,1998,136186,494.0,18406.0,23.11
Pakistan,Potatoes,1998,136186,494.0,18406.0,27.89
Pakistan,Potatoes,1998,136186,494.0,18406.0,23.11
Pakistan,Potatoes,1998,136186,494.0,18406.0,27.36
Pakistan,Potatoes,1998,136186,494.0,18406.0,24.91
Pakistan,Potatoes,1998,136186,494.0,18406.0,26.41
Pakistan,Potatoes,1998,136186,494.0,18406.0,19.15
Pakistan,Potatoes,1998,136186,494.0,18406.0,23.11
Pakistan,Potatoes,1999,165413,494.0,20450.0,25.5
Pakistan,Potatoes,1999,165413,494.0,20450.0,23.8
Pakistan,Potatoes,1999,165413,494.0,20450.0,27.54
Pakistan,Potatoes,1999,165413,494.0,20450.0,23.8
Pakistan,Potatoes,1999,165413,494.0,20450.0,27.14
Pakistan,Potatoes,1999,165413,494.0,20450.0,25.5
Pakistan,Potatoes,1999,165413,494.0,20450.0,26.8
Pakistan,Potatoes,1999,165413,494.0,20450.0,19.84
Pakistan,Potatoes,1999,165413,494.0,20450.0,23.8
Pakistan,Potatoes,2000,169078,494.0,27885.0,25.32
Pakistan,Potatoes,2000,169078,494.0,27885.0,23.6
Pakistan,Potatoes,2000,169078,494.0,27885.0,27.73
Pakistan,Potatoes,2000,169078,494.0,27885.0,23.6
Pakistan,Potatoes,2000,169078,494.0,27885.0,27.12
Pakistan,Potatoes,2000,169078,494.0,27885.0,25.32
Pakistan,Potatoes,2000,169078,494.0,27885.0,26.71
Pakistan,Potatoes,2000,169078,494.0,27885.0,19.68
Pakistan,Potatoes,2000,169078,494.0,27885.0,23.6
Pakistan,Potatoes,2001,164180,494.0,11871.0,25.18
Pakistan,Potatoes,2001,164180,494.0,11871.0,23.62
Pakistan,Potatoes,2001,164180,494.0,11871.0,27.7
Pakistan,Potatoes,2001,164180,494.0,11871.0,23.62
Pakistan,Potatoes,2001,164180,494.0,11871.0,27.28
Pakistan,Potatoes,2001,164180,494.0,11871.0,25.18
Pakistan,Potatoes,2001,164180,494.0,11871.0,26.5
Pakistan,Potatoes,2001,164180,494.0,11871.0,19.79
Pakistan,Potatoes,2001,164180,494.0,11871.0,23.62
Pakistan,Potatoes,2002,164486,494.0,10881.83,25.61
Pakistan,Potatoes,2002,164486,494.0,10881.83,23.83
Pakistan,Potatoes,2002,164486,494.0,10881.83,27.88
Pakistan,Potatoes,2002,164486,494.0,10881.83,23.83
Pakistan,Potatoes,2002,164486,494.0,10881.83,27.2
Pakistan,Potatoes,2002,164486,494.0,10881.83,25.61
Pakistan,Potatoes,2002,164486,494.0,10881.83,27.0
Pakistan,Potatoes,2002,164486,494.0,10881.83,19.7
Pakistan,Potatoes,2002,164486,494.0,10881.83,23.83
Pakistan,Potatoes,2004,176673,494.0,8903.48,25.55
Pakistan,Potatoes,2004,176673,494.0,8903.48,23.78
Pakistan,Potatoes,2004,176673,494.0,8903.48,27.94
Pakistan,Potatoes,2004,176673,494.0,8903.48,23.78
Pakistan,Potatoes,2004,176673,494.0,8903.48,27.5
Pakistan,Potatoes,2004,176673,494.0,8903.48,25.55
Pakistan,Potatoes,2004,176673,494.0,8903.48,26.96
Pakistan,Potatoes,2004,176673,494.0,8903.48,19.93
Pakistan,Potatoes,2004,176673,494.0,8903.48,23.78
Pakistan,Potatoes,2005,180795,494.0,7914.31,24.66
Pakistan,Potatoes,2005,180795,494.0,7914.31,22.8
Pakistan,Potatoes,2005,180795,494.0,7914.31,27.21
Pakistan,Potatoes,2005,180795,494.0,7914.31,22.8
Pakistan,Potatoes,2005,180795,494.0,7914.31,26.8
Pakistan,Potatoes,2005,180795,494.0,7914.31,24.66
Pakistan,Potatoes,2005,180795,494.0,7914.31,26.04
Pakistan,Potatoes,2005,180795,494.0,7914.31,18.75
Pakistan,Potatoes,2005,180795,494.0,7914.31,22.8
Pakistan,Potatoes,2006,133447,494.0,6925.13,25.17
Pakistan,Potatoes,2006,133447,494.0,6925.13,23.28
Pakistan,Potatoes,2006,133447,494.0,6925.13,27.29
Pakistan,Potatoes,2006,133447,494.0,6925.13,23.28
Pakistan,Potatoes,2006,133447,494.0,6925.13,26.73
Pakistan,Potatoes,2006,133447,494.0,6925.13,25.17
Pakistan,Potatoes,2006,133447,494.0,6925.13,26.46
Pakistan,Potatoes,2006,133447,494.0,6925.13,19.53
Pakistan,Potatoes,2006,133447,494.0,6925.13,23.28
Pakistan,Potatoes,2007,193516,494.0,5935.96,25.16
Pakistan,Potatoes,2007,193516,494.0,5935.96,23.33
Pakistan,Potatoes,2007,193516,494.0,5935.96,27.69
Pakistan,Potatoes,2007,193516,494.0,5935.96,23.33
Pakistan,Potatoes,2007,193516,494.0,5935.96,27.21
Pakistan,Potatoes,2007,193516,494.0,5935.96,25.16
Pakistan,Potatoes,2007,193516,494.0,5935.96,26.53
Pakistan,Potatoes,2007,193516,494.0,5935.96,19.5
Pakistan,Potatoes,2007,193516,494.0,5935.96,23.33
Pakistan,Potatoes,2008,164550,494.0,4946.79,24.89
Pakistan,Potatoes,2008,164550,494.0,4946.79,23.21
Pakistan,Potatoes,2008,164550,494.0,4946.79,27.23
Pakistan,Potatoes,2008,164550,494.0,4946.79,23.21
Pakistan,Potatoes,2008,164550,494.0,4946.79,26.74
Pakistan,Potatoes,2008,164550,494.0,4946.79,24.89
Pakistan,Potatoes,2008,164550,494.0,4946.79,26.33
Pakistan,Potatoes,2008,164550,494.0,4946.79,19.34
Pakistan,Potatoes,2008,164550,494.0,4946.79,23.21
Pakistan,Potatoes,2009,202848,494.0,3957.61,25.37
Pakistan,Potatoes,2009,202848,494.0,3957.61,23.62
Pakistan,Potatoes,2009,202848,494.0,3957.61,27.88
Pakistan,Potatoes,2009,202848,494.0,3957.61,23.62
Pakistan,Potatoes,2009,202848,494.0,3957.61,27.41
Pakistan,Potatoes,2009,202848,494.0,3957.61,25.37
Pakistan,Potatoes,2009,202848,494.0,3957.61,26.68
Pakistan,Potatoes,2009,202848,494.0,3957.61,19.3
Pakistan,Potatoes,2009,202848,494.0,3957.61,23.62
Pakistan,Potatoes,2010,226823,494.0,2968.44,25.48
Pakistan,Potatoes,2010,226823,494.0,2968.44,23.75
Pakistan,Potatoes,2010,226823,494.0,2968.44,28.0
Pakistan,Potatoes,2010,226823,494.0,2968.44,23.75
Pakistan,Potatoes,2010,226823,494.0,2968.44,27.45
Pakistan,Potatoes,2010,226823,494.0,2968.44,25.48
Pakistan,Potatoes,2010,226823,494.0,2968.44,26.79
Pakistan,Potatoes,2010,226823,494.0,2968.44,19.52
Pakistan,Potatoes,2010,226823,494.0,2968.44,23.75
Pakistan,Potatoes,2011,219196,494.0,1979.27,24.98
Pakistan,Potatoes,2011,219196,494.0,1979.27,23.36
Pakistan,Potatoes,2011,219196,494.0,1979.27,27.41
Pakistan,Potatoes,2011,219196,494.0,1979.27,23.36
Pakistan,Potatoes,2011,219196,494.0,1979.27,27.02
Pakistan,Potatoes,2011,219196,494.0,1979.27,24.98
Pakistan,Potatoes,2011,219196,494.0,1979.27,26.32
Pakistan,Potatoes,2011,219196,494.0,1979.27,19.53
Pakistan,Potatoes,2011,219196,494.0,1979.27,23.36
Pakistan,Potatoes,2012,183405,494.0,990.09,24.87
Pakistan,Potatoes,2012,183405,494.0,990.09,23.1
Pakistan,Potatoes,2012,183405,494.0,990.09,27.23
Pakistan,Potatoes,2012,183405,494.0,990.09,23.1
Pakistan,Potatoes,2012,183405,494.0,990.09,26.75
Pakistan,Potatoes,2012,183405,494.0,990.09,24.87
Pakistan,Potatoes,2012,183405,494.0,990.09,26.11
Pakistan,Potatoes,2012,183405,494.0,990.09,18.74
Pakistan,Potatoes,2012,183405,494.0,990.09,23.1
Pakistan,Potatoes,2013,218059,494.0,0.92,25.95
Pakistan,Potatoes,2013,218059,494.0,0.92,24.27
Pakistan,Potatoes,2013,218059,494.0,0.92,27.9
Pakistan,Potatoes,2013,218059,494.0,0.92,24.27
Pakistan,Potatoes,2013,218059,494.0,0.92,27.21
Pakistan,Potatoes,2013,218059,494.0,0.92,25.95
Pakistan,Potatoes,2013,218059,494.0,0.92,27.38
Pakistan,Potatoes,2013,218059,494.0,0.92,19.98
Pakistan,Potatoes,2013,218059,494.0,0.92,24.27
Pakistan,Potatoes,2014,181506,494.0,4566.8,25.98
Pakistan,Potatoes,2014,181506,494.0,4566.8,24.3
Pakistan,Potatoes,2014,181506,494.0,4566.8,27.93
Pakistan,Potatoes,2014,181506,494.0,4566.8,24.3
Pakistan,Potatoes,2014,181506,494.0,4566.8,27.24
Pakistan,Potatoes,2014,181506,494.0,4566.8,25.98
Pakistan,Potatoes,2014,181506,494.0,4566.8,27.41
Pakistan,Potatoes,2014,181506,494.0,4566.8,20.01
Pakistan,Potatoes,2014,181506,494.0,4566.8,24.3
Pakistan,Potatoes,2015,234439,494.0,4243.4,26.01
Pakistan,Potatoes,2015,234439,494.0,4243.4,24.33
Pakistan,Potatoes,2015,234439,494.0,4243.4,27.96
Pakistan,Potatoes,2015,234439,494.0,4243.4,24.33
Pakistan,Potatoes,2015,234439,494.0,4243.4,27.27
Pakistan,Potatoes,2015,234439,494.0,4243.4,26.01
Pakistan,Potatoes,2015,234439,494.0,4243.4,27.44
Pakistan,Potatoes,2015,234439,494.0,4243.4,20.04
Pakistan,Potatoes,2015,234439,494.0,4243.4,24.33
Pakistan,Potatoes,2016,224346,494.0,3920.1,26.04
Pakistan,Potatoes,2016,224346,494.0,3920.1,24.36
Pakistan,Potatoes,2016,224346,494.0,3920.1,27.99
Pakistan,Potatoes,2016,224346,494.0,3920.1,24.36
Pakistan,Potatoes,2016,224346,494.0,3920.1,27.3
Pakistan,Potatoes,2016,224346,494.0,3920.1,26.04
Pakistan,Potatoes,2016,224346,494.0,3920.1,27.47
Pakistan,Potatoes,2016,224346,494.0,3920.1,20.07
Pakistan,Potatoes,2016,224346,494.0,3920.1,24.36
Pakistan,Potatoes,2017,214503,494.0,3596.7,26.07
Pakistan,Potatoes,2017,214503,494.0,3596.7,24.39
Pakistan,Potatoes,2017,214503,494.0,3596.7,28.02
Pakistan,Potatoes,2017,214503,494.0,3596.7,24.39
Pakistan,Potatoes,2017,214503,494.0,3596.7,27.33
Pakistan,Potatoes,2017,214503,494.0,3596.7,26.07
Pakistan,Potatoes,2017,214503,494.0,3596.7,27.5
Pakistan,Potatoes,2017,214503,494.0,3596.7,20.1
Pakistan,Potatoes,2017,214503,494.0,3596.7,24.39
Pakistan,Potatoes,2018,236699,494.0,3273.3,26.1
Pakistan,Potatoes,2018,236699,494.0,3273.3,24.42
Pakistan,Potatoes,2018,236699,494.0,3273.3,28.05
Pakistan,Potatoes,2018,236699,494.0,3273.3,24.42
Pakistan,Potatoes,2018,236699,494.0,3273.3,27.36
Pakistan,Potatoes,2018,236699,494.0,3273.3,26.1
Pakistan,Potatoes,2018,236699,494.0,3273.3,27.53
Pakistan,Potatoes,2018,236699,494.0,3273.3,20.13
Pakistan,Potatoes,2018,236699,494.0,3273.3,24.42
Pakistan,Potatoes,2019,248874,494.0,2949.9,26.13
Pakistan,Potatoes,2019,248874,494.0,2949.9,24.45
Pakistan,Potatoes,2019,248874,494.0,2949.9,28.08
Pakistan,Potatoes,2019,248874,494.0,2949.9,24.45
Pakistan,Potatoes,2019,248874,494.0,2949.9,27.39
Pakistan,Potatoes,2019,248874,494.0,2949.9,26.13
Pakistan,Potatoes,2019,248874,494.0,2949.9,27.56
Pakistan,Potatoes,2019,248874,494.0,2949.9,20.16
Pakistan,Potatoes,2019,248874,494.0,2949.9,24.45
Pakistan,Potatoes,2020,245612,494.0,2626.5,26.16
Pakistan,Potatoes,2020,245612,494.0,2626.5,24.48
Pakistan,Potatoes,2020,245612,494.0,2626.5,28.11
Pakistan,Potatoes,2020,245612,494.0,2626.5,24.48
Pakistan,Potatoes,2020,245612,494.0,2626.5,27.42
Pakistan,Potatoes,2020,245612,494.0,2626.5,26.16
Pakistan,Potatoes,2020,245612,494.0,2626.5,27.59
Pakistan,Potatoes,2020,245612,494.0,2626.5,20.19
Pakistan,Potatoes,2020,245612,494.0,2626.5,24.48
Pakistan,Potatoes,2021,250637,494.0,2303.1,26.19
Pakistan,Potatoes,2021,250637,494.0,2303.1,24.51
Pakistan,Potatoes,2021,250637,494.0,2303.1,28.14
Pakistan,Potatoes,2021,250637,494.0,2303.1,24.51
Pakistan,Potatoes,2021,250637,494.0,2303.1,27.45
Pakistan,Potatoes,2021,250637,494.0,2303.1,26.19
Pakistan,Potatoes,2021,250637,494.0,2303.1,27.62
Pakistan,Potatoes,2021,250637,494.0,2303.1,20.22
Pakistan,Potatoes,2021,250637,494.0,2303.1,24.51
Pakistan,Potatoes,2022,252666,494.0,1979.8,26.22
Pakistan,Potatoes,2022,252666,494.0,1979.8,24.54
Pakistan,Potatoes,2022,252666,494.0,1979.8,28.17
Pakistan,Potatoes,2022,252666,494.0,1979.8,24.54
Pakistan,Potatoes,2022,252666,494.0,1979.8,27.48
Pakistan,Potatoes,2022,252666,494.0,1979.8,26.22
Pakistan,Potatoes,2022,252666,494.0,1979.8,27.65
Pakistan,Potatoes,2022,252666,494.0,1979.8,20.25
Pakistan,Potatoes,2022,252666,494.0,1979.8,24.54
Pakistan,Potatoes,2023,244285,494.0,1656.4,26.25
Pakistan,Potatoes,2023,244285,494.0,1656.4,24.57
Pakistan,Potatoes,2023,244285,494.0,1656.4,28.2
Pakistan,Potatoes,2023,244285,494.0,1656.4,24.57
Pakistan,Potatoes,2023,244285,494.0,1656.4,27.51
Pakistan,Potatoes,2023,244285,494.0,1656.4,26.25
Pakistan,Potatoes,2023,244285,494.0,1656.4,27.68
Pakistan,Potatoes,2023,244285,494.0,1656.4,20.28
Pakistan,Potatoes,2023,244285,494.0,1656.4,24.57
Pakistan,Potatoes,2024,249011,494.0,1333.0,26.28
Pakistan,Potatoes,2024,249011,494.0,1333.0,24.6
Pakistan,Potatoes,2024,249011,494.0,1333.0,28.23
Pakistan,Potatoes,2024,249011,494.0,1333.0,24.6
Pakistan,Potatoes,2024,249011,494.0,1333.0,27.54
Pakistan,Potatoes,2024,249011,494.0,1333.0,26.28
Pakistan,Potatoes,2024,249011,494.0,1333.0,27.71
Pakistan,Potatoes,2024,249011,494.0,1333.0,20.31
Pakistan,Potatoes,2024,249011,494.0,1333.0,24.6
Pakistan,Potatoes,2025,262774,494.0,1009.6,26.31
Pakistan,Potatoes,2025,262774,494.0,1009.6,24.63
Pakistan,Potatoes,2025,262774,494.0,1009.6,28.26
Pakistan,Potatoes,2025,262774,494.0,1009.6,24.63
Pakistan,Potatoes,2025,262774,494.0,1009.6,27.57
Pakistan,Potatoes,2025,262774,494.0,1009.6,26.31
Pakistan,Potatoes,2025,262774,494.0,1009.6,27.74
Pakistan,Potatoes,2025,262774,494.0,1009.6,20.34
Pakistan,Potatoes,2025,262774,494.0,1009.6,24.63
Pakistan,Potatoes,2026,267195,494.0,686.2,26.34
Pakistan,Potatoes,2026,267195,494.0,686.2,24.66
Pakistan,Potatoes,2026,267195,494.0,686.2,28.29
Pakistan,Potatoes,2026,267195,494.0,686.2,24.66
Pakistan,Potatoes,2026,267195,494.0,686.2,27.6
Pakistan,Potatoes,2026,267195,494.0,686.2,26.34
Pakistan,Potatoes,2026,267195,494.0,686.2,27.77
Pakistan,Potatoes,2026,267195,494.0,686.2,20.37
Pakistan,Potatoes,2026,267195,494.0,686.2,24.66
Pakistan,"Rice, paddy",1990,23151,494.0,5299.0,24.81
Pakistan,"Rice, paddy",1990,23151,494.0,5299.0,23.14
Pakistan,"Rice, paddy",1990,23151,494.0,5299.0,27.0
Pakistan,"Rice, paddy",1990,23151,494.0,5299.0,23.14
Pakistan,"Rice, paddy",1990,23151,494.0,5299.0,26.39
Pakistan,"Rice, paddy",1990,23151,494.0,5299.0,24.81
Pakistan,"Rice, paddy",1990,23151,494.0,5299.0,26.23
Pakistan,"Rice, paddy",1990,23151,494.0,5299.0,19.36
Pakistan,"Rice, paddy",1990,23151,494.0,5299.0,23.14
Pakistan,"Rice, paddy",1991,23199,494.0,5962.0,24.38
Pakistan,"Rice, paddy",1991,23199,494.0,5962.0,22.48
Pakistan,"Rice, paddy",1991,23199,494.0,5962.0,26.98
Pakistan,"Rice, paddy",1991,23199,494.0,5962.0,22.48
Pakistan,"Rice, paddy",1991,23199,494.0,5962.0,26.34
Pakistan,"Rice, paddy",1991,23199,494.0,5962.0,24.38
Pakistan,"Rice, paddy",1991,23199,494.0,5962.0,25.87
Pakistan,"Rice, paddy",1991,23199,494.0,5962.0,18.48
Pakistan,"Rice, paddy",1991,23199,494.0,5962.0,22.48
Pakistan,"Rice, paddy",1992,23686,494.0,5518.0,24.31
Pakistan,"Rice, paddy",1992,23686,494.0,5518.0,22.36
Pakistan,"Rice, paddy",1992,23686,494.0,5518.0,26.91
Pakistan,"Rice, paddy",1992,23686,494.0,5518.0,22.36
Pakistan,"Rice, paddy",1992,23686,494.0,5518.0,26.36
Pakistan,"Rice, paddy",1992,23686,494.0,5518.0,24.31
Pakistan,"Rice, paddy",1992,23686,494.0,5518.0,25.71
Pakistan,"Rice, paddy",1992,23686,494.0,5518.0,18.34
Pakistan,"Rice, paddy",1992,23686,494.0,5518.0,22.36
Pakistan,"Rice, paddy",1993,27397,494.0,4945.0,25.04
Pakistan,"Rice, paddy",1993,27397,494.0,4945.0,23.08
Pakistan,"Rice, paddy",1993,27397,494.0,4945.0,27.72
Pakistan,"Rice, paddy",1993,27397,494.0,4945.0,23.08
Pakistan,"Rice, paddy",1993,27397,494.0,4945.0,27.25
Pakistan,"Rice, paddy",1993,27397,494.0,4945.0,25.04
Pakistan,"Rice, paddy",1993,27397,494.0,4945.0,26.51
Pakistan,"Rice, paddy",1993,27397,494.0,4945.0,18.91
Pakistan,"Rice, paddy",1993,27397,494.0,4945.0,23.08
Pakistan,"Rice, paddy",1994,24333,494.0,6183.0,24.78
Pakistan,"Rice, paddy",1994,24333,494.0,6183.0,22.93
Pakistan,"Rice, paddy",1994,24333,494.0,6183.0,26.87
Pakistan,"Rice, paddy",1994,24333,494.0,6183.0,22.93
Pakistan,"Rice, paddy",1994,24333,494.0,6183.0,26.36
Pakistan,"Rice, paddy",1994,24333,494.0,6183.0,24.78
Pakistan,"Rice, paddy",1994,24333,494.0,6183.0,26.13
Pakistan,"Rice, paddy",1994,24333,494.0,6183.0,18.78
Pakistan,"Rice, paddy",1994,24333,494.0,6183.0,22.93
Pakistan,"Rice, paddy",1995,27522,494.0,7681.0,24.58
Pakistan,"Rice, paddy",1995,27522,494.0,7681.0,22.61
Pakistan,"Rice, paddy",1995,27522,494.0,7681.0,27.11
Pakistan,"Rice, paddy",1995,27522,494.0,7681.0,22.61
Pakistan,"Rice, paddy",1995,27522,494.0,7681.0,26.63
Pakistan,"Rice, paddy",1995,27522,494.0,7681.0,24.58
Pakistan,"Rice, paddy",1995,27522,494.0,7681.0,26.09
Pakistan,"Rice, paddy",1995,27522,494.0,7681.0,18.68
Pakistan,"Rice, paddy",1995,27522,494.0,7681.0,22.61
Pakistan,"Rice, paddy",1996,28685,494.0,11955.0,24.43
Pakistan,"Rice, paddy",1996,28685,494.0,11955.0,22.61
Pakistan,"Rice, paddy",1996,28685,494.0,11955.0,27.17
Pakistan,"Rice, paddy",1996,28685,494.0,11955.0,22.61
Pakistan,"Rice, paddy",1996,28685,494.0,11955.0,26.5
Pakistan,"Rice, paddy",1996,28685,494.0,11955.0,24.43
Pakistan,"Rice, paddy",1996,28685,494.0,11955.0,25.92
Pakistan,"Rice, paddy",1996,28685,494.0,11955.0,18.72
Pakistan,"Rice, paddy",1996,28685,494.0,11955.0,22.61
Pakistan,"Rice, paddy",1997,28048,494.0,16936.0,23.76
Pakistan,"Rice, paddy",1997,28048,494.0,16936.0,22.14
Pakistan,"Rice, paddy",1997,28048,494.0,16936.0,26.82
Pakistan,"Rice, paddy",1997,28048,494.0,16936.0,22.14
Pakistan,"Rice, paddy",1997,28048,494.0,16936.0,26.29
Pakistan,"Rice, paddy",1997,28048,494.0,16936.0,23.76
Pakistan,"Rice, paddy",1997,28048,494.0,16936.0,25.16
Pakistan,"Rice, paddy",1997,28048,494.0,16936.0,18.62
Pakistan,"Rice, paddy",1997,28048,494.0,16936.0,22.14
Pakistan,"Rice, paddy",1998,28930,494.0,18406.0,24.91
Pakistan,"Rice, paddy",1998,28930,494.0,18406.0,23.11
Pakistan,"Rice, paddy",1998,28930,494.0,18406.0,27.89
Pakistan,"Rice, paddy",1998,28930,494.0,18406.0,23.11
Pakistan,"Rice, paddy",1998,28930,494.0,18406.0,27.36
Pakistan,"Rice, paddy",1998,28930,494.0,18406.0,24.91
Pakistan,"Rice, paddy",1998,28930,494.0,18406.0,26.41
Pakistan,"Rice, paddy",1998,28930,494.0,18406.0,19.15
Pakistan,"Rice, paddy",1998,28930,494.0,18406.0,23.11
Pakistan,"Rice, paddy",1999,30744,494.0,20450.0,25.5
Pakistan,"Rice, paddy",1999,30744,494.0,20450.0,23.8
Pakistan,"Rice, paddy",1999,30744,494.0,20450.0,27.54
Pakistan,"Rice, paddy",1999,30744,494.0,20450.0,23.8
Pakistan,"Rice, paddy",1999,30744,494.0,20450.0,27.14
Pakistan,"Rice, paddy",1999,30744,494.0,20450.0,25.5
Pakistan,"Rice, paddy",1999,30744,494.0,20450.0,26.8
Pakistan,"Rice, paddy",1999,30744,494.0,20450.0,19.84
Pakistan,"Rice, paddy",1999,30744,494.0,20450.0,23.8
Pakistan,"Rice, paddy",2000,30312,494.0,27885.0,25.32
Pakistan,"Rice, paddy",2000,30312,494.0,27885.0,23.6
Pakistan,"Rice, paddy",2000,30312,494.0,27885.0,27.73
Pakistan,"Rice, paddy",2000,30312,494.0,27885.0,23.6
Pakistan,"Rice, paddy",2000,30312,494.0,27885.0,27.12
Pakistan,"Rice, paddy",2000,30312,494.0,27885.0,25.32
Pakistan,"Rice, paddy",2000,30312,494.0,27885.0,26.71
Pakistan,"Rice, paddy",2000,30312,494.0,27885.0,19.68
Pakistan,"Rice, paddy",2000,30312,494.0,27885.0,23.6
Pakistan,"Rice, paddy",2001,27542,494.0,11871.0,25.18
Pakistan,"Rice, paddy",2001,27542,494.0,11871.0,23.62
Pakistan,"Rice, paddy",2001,27542,494.0,11871.0,27.7
Pakistan,"Rice, paddy",2001,27542,494.0,11871.0,23.62
Pakistan,"Rice, paddy",2001,27542,494.0,11871.0,27.28
Pakistan,"Rice, paddy",2001,27542,494.0,11871.0,25.18
Pakistan,"Rice, paddy",2001,27542,494.0,11871.0,26.5
Pakistan,"Rice, paddy",2001,27542,494.0,11871.0,19.79
Pakistan,"Rice, paddy",2001,27542,494.0,11871.0,23.62
Pakistan,"Rice, paddy",2002,30192,494.0,10881.83,25.61
Pakistan,"Rice, paddy",2002,30192,494.0,10881.83,23.83
Pakistan,"Rice, paddy",2002,30192,494.0,10881.83,27.88
Pakistan,"Rice, paddy",2002,30192,494.0,10881.83,23.83
Pakistan,"Rice, paddy",2002,30192,494.0,10881.83,27.2
Pakistan,"Rice, paddy",2002,30192,494.0,10881.83,25.61
Pakistan,"Rice, paddy",2002,30192,494.0,10881.83,27.0
Pakistan,"Rice, paddy",2002,30192,494.0,10881.83,19.7
Pakistan,"Rice, paddy",2002,30192,494.0,10881.83,23.83
Pakistan,"Rice, paddy",2004,29914,494.0,8903.48,25.55
Pakistan,"Rice, paddy",2004,29914,494.0,8903.48,23.78
Pakistan,"Rice, paddy",2004,29914,494.0,8903.48,27.94
Pakistan,"Rice, paddy",2004,29914,494.0,8903.48,23.78
Pakistan,"Rice, paddy",2004,29914,494.0,8903.48,27.5
Pakistan,"Rice, paddy",2004,29914,494.0,8903.48,25.55
Pakistan,"Rice, paddy",2004,29914,494.0,8903.48,26.96
Pakistan,"Rice, paddy",2004,29914,494.0,8903.48,19.93
Pakistan,"Rice, paddy",2004,29914,494.0,8903.48,23.78
Pakistan,"Rice, paddy",2005,31742,494.0,7914.31,24.66
Pakistan,"Rice, paddy",2005,31742,494.0,7914.31,22.8
Pakistan,"Rice, paddy",2005,31742,494.0,7914.31,27.21
Pakistan,"Rice, paddy",2005,31742,494.0,7914.31,22.8
Pakistan,"Rice, paddy",2005,31742,494.0,7914.31,26.8
Pakistan,"Rice, paddy",2005,31742,494.0,7914.31,24.66
Pakistan,"Rice, paddy",2005,31742,494.0,7914.31,26.04
Pakistan,"Rice, paddy",2005,31742,494.0,7914.31,18.75
Pakistan,"Rice, paddy",2005,31742,494.0,7914.31,22.8
Pakistan,"Rice, paddy",2006,31604,494.0,6925.13,25.17
Pakistan,"Rice, paddy",2006,31604,494.0,6925.13,23.28
Pakistan,"Rice, paddy",2006,31604,494.0,6925.13,27.29
Pakistan,"Rice, paddy",2006,31604,494.0,6925.13,23.28
Pakistan,"Rice, paddy",2006,31604,494.0,6925.13,26.73
Pakistan,"Rice, paddy",2006,31604,494.0,6925.13,25.17
Pakistan,"Rice, paddy",2006,31604,494.0,6925.13,26.46
Pakistan,"Rice, paddy",2006,31604,494.0,6925.13,19.53
Pakistan,"Rice, paddy",2006,31604,494.0,6925.13,23.28
Pakistan,"Rice, paddy",2007,33176,494.0,5935.96,25.16
Pakistan,"Rice, paddy",2007,33176,494.0,5935.96,23.33
Pakistan,"Rice, paddy",2007,33176,494.0,5935.96,27.69
Pakistan,"Rice, paddy",2007,33176,494.0,5935.96,23.33
Pakistan,"Rice, paddy",2007,33176,494.0,5935.96,27.21
Pakistan,"Rice, paddy",2007,33176,494.0,5935.96,25.16
Pakistan,"Rice, paddy",2007,33176,494.0,5935.96,26.53
Pakistan,"Rice, paddy",2007,33176,494.0,5935.96,19.5
Pakistan,"Rice, paddy",2007,33176,494.0,5935.96,23.33
Pakistan,"Rice, paddy",2008,35199,494.0,4946.79,24.89
Pakistan,"Rice, paddy",2008,35199,494.0,4946.79,23.21
Pakistan,"Rice, paddy",2008,35199,494.0,4946.79,27.23
Pakistan,"Rice, paddy",2008,35199,494.0,4946.79,23.21
Pakistan,"Rice, paddy",2008,35199,494.0,4946.79,26.74
Pakistan,"Rice, paddy",2008,35199,494.0,4946.79,24.89
Pakistan,"Rice, paddy",2008,35199,494.0,4946.79,26.33
Pakistan,"Rice, paddy",2008,35199,494.0,4946.79,19.34
Pakistan,"Rice, paddy",2008,35199,494.0,4946.79,23.21
Pakistan,"Rice, paddy",2009,35809,494.0,3957.61,25.37
Pakistan,"Rice, paddy",2009,35809,494.0,3957.61,23.62
Pakistan,"Rice, paddy",2009,35809,494.0,3957.61,27.88
Pakistan,"Rice, paddy",2009,35809,494.0,3957.61,23.62
Pakistan,"Rice, paddy",2009,35809,494.0,3957.61,27.41
Pakistan,"Rice, paddy",2009,35809,494.0,3957.61,25.37
Pakistan,"Rice, paddy",2009,35809,494.0,3957.61,26.68
Pakistan,"Rice, paddy",2009,35809,494.0,3957.61,19.3
Pakistan,"Rice, paddy",2009,35809,494.0,3957.61,23.62
Pakistan,"Rice, paddy",2010,30588,494.0,2968.44,25.48
Pakistan,"Rice, paddy",2010,30588,494.0,2968.44,23.75
Pakistan,"Rice, paddy",2010,30588,494.0,2968.44,28.0
Pakistan,"Rice, paddy",2010,30588,494.0,2968.44,23.75
Pakistan,"Rice, paddy",2010,30588,494.0,2968.44,27.45
Pakistan,"Rice, paddy",2010,30588,494.0,2968.44,25.48
Pakistan,"Rice, paddy",2010,30588,494.0,2968.44,26.79
Pakistan,"Rice, paddy",2010,30588,494.0,2968.44,19.52
Pakistan,"Rice, paddy",2010,30588,494.0,2968.44,23.75
Pakistan,"Rice, paddy",2011,35939,494.0,1979.27,24.98
Pakistan,"Rice, paddy",2011,35939,494.0,1979.27,23.36
Pakistan,"Rice, paddy",2011,35939,494.0,1979.27,27.41
Pakistan,"Rice, paddy",2011,35939,494.0,1979.27,23.36
Pakistan,"Rice, paddy",2011,35939,494.0,1979.27,27.02
Pakistan,"Rice, paddy",2011,35939,494.0,1979.27,24.98
Pakistan,"Rice, paddy",2011,35939,494.0,1979.27,26.32
Pakistan,"Rice, paddy",2011,35939,494.0,1979.27,19.53
Pakistan,"Rice, paddy",2011,35939,494.0,1979.27,23.36
Pakistan,"Rice, paddy",2012,35966,494.0,990.09,24.87
Pakistan,"Rice, paddy",2012,35966,494.0,990.09,23.1
Pakistan,"Rice, paddy",2012,35966,494.0,990.09,27.23
Pakistan,"Rice, paddy",2012,35966,494.0,990.09,23.1
Pakistan,"Rice, paddy",2012,35966,494.0,990.09,26.75
Pakistan,"Rice, paddy",2012,35966,494.0,990.09,24.87
Pakistan,"Rice, paddy",2012,35966,494.0,990.09,26.11
Pakistan,"Rice, paddy",2012,35966,494.0,990.09,18.74
Pakistan,"Rice, paddy",2012,35966,494.0,990.09,23.1
Pakistan,"Rice, paddy",2013,37528,494.0,0.92,25.95
Pakistan,"Rice, paddy",2013,37528,494.0,0.92,24.27
Pakistan,"Rice, paddy",2013,37528,494.0,0.92,27.9
Pakistan,"Rice, paddy",2013,37528,494.0,0.92,24.27
Pakistan,"Rice, paddy",2013,37528,494.0,0.92,27.21
Pakistan,"Rice, paddy",2013,37528,494.0,0.92,25.95
Pakistan,"Rice, paddy",2013,37528,494.0,0.92,27.38
Pakistan,"Rice, paddy",2013,37528,494.0,0.92,19.98
Pakistan,"Rice, paddy",2013,37528,494.0,0.92,24.27
Pakistan,"Rice, paddy",2014,36339,494.0,4566.8,25.98
Pakistan,"Rice, paddy",2014,36339,494.0,4566.8,24.3
Pakistan,"Rice, paddy",2014,36339,494.0,4566.8,27.93
Pakistan,"Rice, paddy",2014,36339,494.0,4566.8,24.3
Pakistan,"Rice, paddy",2014,36339,494.0,4566.8,27.24
Pakistan,"Rice, paddy",2014,36339,494.0,4566.8,25.98
Pakistan,"Rice, paddy",2014,36339,494.0,4566.8,27.41
Pakistan,"Rice, paddy",2014,36339,494.0,4566.8,20.01
Pakistan,"Rice, paddy",2014,36339,494.0,4566.8,24.3
Pakistan,"Rice, paddy",2015,37240,494.0,4243.4,26.01
Pakistan,"Rice, paddy",2015,37240,494.0,4243.4,24.33
Pakistan,"Rice, paddy",2015,37240,494.0,4243.4,27.96
Pakistan,"Rice, paddy",2015,37240,494.0,4243.4,24.33
Pakistan,"Rice, paddy",2015,37240,494.0,4243.4,27.27
Pakistan,"Rice, paddy",2015,37240,494.0,4243.4,26.01
Pakistan,"Rice, paddy",2015,37240,494.0,4243.4,27.44
Pakistan,"Rice, paddy",2015,37240,494.0,4243.4,20.04
Pakistan,"Rice, paddy",2015,37240,494.0,4243.4,24.33
Pakistan,"Rice, paddy",2016,37716,494.0,3920.1,26.04
Pakistan,"Rice, paddy",2016,37716,494.0,3920.1,24.36
Pakistan,"Rice, paddy",2016,37716,494.0,3920.1,27.99
Pakistan,"Rice, paddy",2016,37716,494.0,3920.1,24.36
Pakistan,"Rice, paddy",2016,37716,494.0,3920.1,27.3
Pakistan,"Rice, paddy",2016,37716,494.0,3920.1,26.04
Pakistan,"Rice, paddy",2016,37716,494.0,3920.1,27.47
Pakistan,"Rice, paddy",2016,37716,494.0,3920.1,20.07
Pakistan,"Rice, paddy",2016,37716,494.0,3920.1,24.36
Pakistan,"Rice, paddy",2017,38526,494.0,3596.7,26.07
Pakistan,"Rice, paddy",2017,38526,494.0,3596.7,24.39
Pakistan,"Rice, paddy",2017,38526,494.0,3596.7,28.02
Pakistan,"Rice, paddy",2017,38526,494.0,3596.7,24.39
Pakistan,"Rice, paddy",2017,38526,494.0,3596.7,27.33
Pakistan,"Rice, paddy",2017,38526,494.0,3596.7,26.07
Pakistan,"Rice, paddy",2017,38526,494.0,3596.7,27.5
Pakistan,"Rice, paddy",2017,38526,494.0,3596.7,20.1
Pakistan,"Rice, paddy",2017,38526,494.0,3596.7,24.39
Pakistan,"Rice, paddy",2018,38427,494.0,3273.3,26.1
Pakistan,"Rice, paddy",2018,38427,494.0,3273.3,24.42
Pakistan,"Rice, paddy",2018,38427,494.0,3273.3,28.05
Pakistan,"Rice, paddy",2018,38427,494.0,3273.3,24.42
Pakistan,"Rice, paddy",2018,38427,494.0,3273.3,27.36
Pakistan,"Rice, paddy",2018,38427,494.0,3273.3,26.1
Pakistan,"Rice, paddy",2018,38427,494.0,3273.3,27.53
Pakistan,"Rice, paddy",2018,38427,494.0,3273.3,20.13
Pakistan,"Rice, paddy",2018,38427,494.0,3273.3,24.42
Pakistan,"Rice, paddy",2019,36653,494.0,2949.9,26.13
Pakistan,"Rice, paddy",2019,36653,494.0,2949.9,24.45
Pakistan,"Rice, paddy",2019,36653,494.0,2949.9,28.08
Pakistan,"Rice, paddy",2019,36653,494.0,2949.9,24.45
Pakistan,"Rice, paddy",2019,36653,494.0,2949.9,27.39
Pakistan,"Rice, paddy",2019,36653,494.0,2949.9,26.13
Pakistan,"Rice, paddy",2019,36653,494.0,2949.9,27.56
Pakistan,"Rice, paddy",2019,36653,494.0,2949.9,20.16
Pakistan,"Rice, paddy",2019,36653,494.0,2949.9,24.45
Pakistan,"Rice, paddy",2020,37863,494.0,2626.5,26.16
Pakistan,"Rice, paddy",2020,37863,494.0,2626.5,24.48
Pakistan,"Rice, paddy",2020,37863,494.0,2626.5,28.11
Pakistan,"Rice, paddy",2020,37863,494.0,2626.5,24.48
Pakistan,"Rice, paddy",2020,37863,494.0,2626.5,27.42
Pakistan,"Rice, paddy",2020,37863,494.0,2626.5,26.16
Pakistan,"Rice, paddy",2020,37863,494.0,2626.5,27.59
Pakistan,"Rice, paddy",2020,37863,494.0,2626.5,20.19
Pakistan,"Rice, paddy",2020,37863,494.0,2626.5,24.48
Pakistan,"Rice, paddy",2021,39532,494.0,2303.1,26.19
Pakistan,"Rice, paddy",2021,39532,494.0,2303.1,24.51
Pakistan,"Rice, paddy",2021,39532,494.0,2303.1,28.14
Pakistan,"Rice, paddy",2021,39532,494.0,2303.1,24.51
Pakistan,"Rice, paddy",2021,39532,494.0,2303.1,27.45
Pakistan,"Rice, paddy",2021,39532,494.0,2303.1,26.19
Pakistan,"Rice, paddy",2021,39532,494.0,2303.1,27.62
Pakistan,"Rice, paddy",2021,39532,494.0,2303.1,20.22
Pakistan,"Rice, paddy",2021,39532,494.0,2303.1,24.51
Pakistan,"Rice, paddy",2022,36903,494.0,1979.8,26.22
Pakistan,"Rice, paddy",2022,36903,494.0,1979.8,24.54
Pakistan,"Rice, paddy",2022,36903,494.0,1979.8,28.17
Pakistan,"Rice, paddy",2022,36903,494.0,1979.8,24.54
Pakistan,"Rice, paddy",2022,36903,494.0,1979.8,27.48
Pakistan,"Rice, paddy",2022,36903,494.0,1979.8,26.22
Pakistan,"Rice, paddy",2022,36903,494.0,1979.8,27.65
Pakistan,"Rice, paddy",2022,36903,494.0,1979.8,20.25
Pakistan,"Rice, paddy",2022,36903,494.0,1979.8,24.54
Pakistan,"Rice, paddy",2023,40662,494.0,1656.4,26.25
Pakistan,"Rice, paddy",2023,40662,494.0,1656.4,24.57
Pakistan,"Rice, paddy",2023,40662,494.0,1656.4,28.2
Pakistan,"Rice, paddy",2023,40662,494.0,1656.4,24.57
Pakistan,"Rice, paddy",2023,40662,494.0,1656.4,27.51
Pakistan,"Rice, paddy",2023,40662,494.0,1656.4,26.25
Pakistan,"Rice, paddy",2023,40662,494.0,1656.4,27.68
Pakistan,"Rice, paddy",2023,40662,494.0,1656.4,20.28
Pakistan,"Rice, paddy",2023,40662,494.0,1656.4,24.57
Pakistan,"Rice, paddy",2024,37406,494.0,1333.0,26.28
Pakistan,"Rice, paddy",2024,37406,494.0,1333.0,24.6
Pakistan,"Rice, paddy",2024,37406,494.0,1333.0,28.23
Pakistan,"Rice, paddy",2024,37406,494.0,1333.0,24.6
Pakistan,"Rice, paddy",2024,37406,494.0,1333.0,27.54
Pakistan,"Rice, paddy",2024,37406,494.0,1333.0,26.28
Pakistan,"Rice, paddy",2024,37406,494.0,1333.0,27.71
Pakistan,"Rice, paddy",2024,37406,494.0,1333.0,20.31
Pakistan,"Rice, paddy",2024,37406,494.0,1333.0,24.6
Pakistan,"Rice, paddy",2025,41038,494.0,1009.6,26.31
Pakistan,"Rice, paddy",2025,41038,494.0,1009.6,24.63
Pakistan,"Rice, paddy",2025,41038,494.0,1009.6,28.26
Pakistan,"Rice, paddy",2025,41038,494.0,1009.6,24.63
Pakistan,"Rice, paddy",2025,41038,494.0,1009.6,27.57
Pakistan,"Rice, paddy",2025,41038,494.0,1009.6,26.31
Pakistan,"Rice, paddy",2025,41038,494.0,1009.6,27.74
Pakistan,"Rice, paddy",2025,41038,494.0,1009.6,20.34
Pakistan,"Rice, paddy",2025,41038,494.0,1009.6,24.63
Pakistan,"Rice, paddy",2026,41510,494.0,686.2,26.34
Pakistan,"Rice, paddy",2026,41510,494.0,686.2,24.66
Pakistan,"Rice, paddy",2026,41510,494.0,686.2,28.29
Pakistan,"Rice, paddy",2026,41510,494.0,686.2,24.66
Pakistan,"Rice, paddy",2026,41510,494.0,686.2,27.6
Pakistan,"Rice, paddy",2026,41510,494.0,686.2,26.34
Pakistan,"Rice, paddy",2026,41510,494.0,686.2,27.77
Pakistan,"Rice, paddy",2026,41510,494.0,686.2,20.37
Pakistan,"Rice, paddy",2026,41510,494.0,686.2,24.66
Pakistan,Sorghum,1990,5736,494.0,5299.0,24.81
Pakistan,Sorghum,1990,5736,494.0,5299.0,23.14
Pakistan,Sorghum,1990,5736,494.0,5299.0,27.0
Pakistan,Sorghum,1990,5736,494.0,5299.0,23.14
Pakistan,Sorghum,1990,5736,494.0,5299.0,26.39
Pakistan,Sorghum,1990,5736,494.0,5299.0,24.81
Pakistan,Sorghum,1990,5736,494.0,5299.0,26.23
Pakistan,Sorghum,1990,5736,494.0,5299.0,19.36
Pakistan,Sorghum,1990,5736,494.0,5299.0,23.14
Pakistan,Sorghum,1991,5866,494.0,5962.0,24.38
Pakistan,Sorghum,1991,5866,494.0,5962.0,22.48
Pakistan,Sorghum,1991,5866,494.0,5962.0,26.98
Pakistan,Sorghum,1991,5866,494.0,5962.0,22.48
Pakistan,Sorghum,1991,5866,494.0,5962.0,26.34
Pakistan,Sorghum,1991,5866,494.0,5962.0,24.38
Pakistan,Sorghum,1991,5866,494.0,5962.0,25.87
Pakistan,Sorghum,1991,5866,494.0,5962.0,18.48
Pakistan,Sorghum,1991,5866,494.0,5962.0,22.48
Pakistan,Sorghum,1992,5910,494.0,5518.0,24.31
Pakistan,Sorghum,1992,5910,494.0,5518.0,22.36
Pakistan,Sorghum,1992,5910,494.0,5518.0,26.91
Pakistan,Sorghum,1992,5910,494.0,5518.0,22.36
Pakistan,Sorghum,1992,5910,494.0,5518.0,26.36
Pakistan,Sorghum,1992,5910,494.0,5518.0,24.31
Pakistan,Sorghum,1992,5910,494.0,5518.0,25.71
Pakistan,Sorghum,1992,5910,494.0,5518.0,18.34
Pakistan,Sorghum,1992,5910,494.0,5518.0,22.36
Pakistan,Sorghum,1993,5821,494.0,4945.0,25.04
Pakistan,Sorghum,1993,5821,494.0,4945.0,23.08
Pakistan,Sorghum,1993,5821,494.0,4945.0,27.72
Pakistan,Sorghum,1993,5821,494.0,4945.0,23.08
Pakistan,Sorghum,1993,5821,494.0,4945.0,27.25
Pakistan,Sorghum,1993,5821,494.0,4945.0,25.04
Pakistan,Sorghum,1993,5821,494.0,4945.0,26.51
Pakistan,Sorghum,1993,5821,494.0,4945.0,18.91
Pakistan,Sorghum,1993,5821,494.0,4945.0,23.08
Pakistan,Sorghum,1994,6011,494.0,6183.0,24.78
Pakistan,Sorghum,1994,6011,494.0,6183.0,22.93
Pakistan,Sorghum,1994,6011,494.0,6183.0,26.87
Pakistan,Sorghum,1994,6011,494.0,6183.0,22.93
Pakistan,Sorghum,1994,6011,494.0,6183.0,26.36
Pakistan,Sorghum,1994,6011,494.0,6183.0,24.78
Pakistan,Sorghum,1994,6011,494.0,6183.0,26.13
Pakistan,Sorghum,1994,6011,494.0,6183.0,18.78
Pakistan,Sorghum,1994,6011,494.0,6183.0,22.93
Pakistan,Sorghum,1995,6099,494.0,7681.0,24.58
Pakistan,Sorghum,1995,6099,494.0,7681.0,22.61
Pakistan,Sorghum,1995,6099,494.0,7681.0,27.11
Pakistan,Sorghum,1995,6099,494.0,7681.0,22.61
Pakistan,Sorghum,1995,6099,494.0,7681.0,26.63
Pakistan,Sorghum,1995,6099,494.0,7681.0,24.58
Pakistan,Sorghum,1995,6099,494.0,7681.0,26.09
Pakistan,Sorghum,1995,6099,494.0,7681.0,18.68
Pakistan,Sorghum,1995,6099,494.0,7681.0,22.61
Pakistan,Sorghum,1996,5931,494.0,11955.0,24.43
Pakistan,Sorghum,1996,5931,494.0,11955.0,22.61
Pakistan,Sorghum,1996,5931,494.0,11955.0,27.17
Pakistan,Sorghum,1996,5931,494.0,11955.0,22.61
Pakistan,Sorghum,1996,5931,494.0,11955.0,26.5
Pakistan,Sorghum,1996,5931,494.0,11955.0,24.43
Pakistan,Sorghum,1996,5931,494.0,11955.0,25.92
Pakistan,Sorghum,1996,5931,494.0,11955.0,18.72
Pakistan,Sorghum,1996,5931,494.0,11955.0,22.61
Pakistan,Sorghum,1997,5926,494.0,16936.0,23.76
Pakistan,Sorghum,1997,5926,494.0,16936.0,22.14
Pakistan,Sorghum,1997,5926,494.0,16936.0,26.82
Pakistan,Sorghum,1997,5926,494.0,16936.0,22.14
Pakistan,Sorghum,1997,5926,494.0,16936.0,26.29
Pakistan,Sorghum,1997,5926,494.0,16936.0,23.76
Pakistan,Sorghum,1997,5926,494.0,16936.0,25.16
Pakistan,Sorghum,1997,5926,494.0,16936.0,18.62
Pakistan,Sorghum,1997,5926,494.0,16936.0,22.14
Pakistan,Sorghum,1998,5952,494.0,18406.0,24.91
Pakistan,Sorghum,1998,5952,494.0,18406.0,23.11
Pakistan,Sorghum,1998,5952,494.0,18406.0,27.89
Pakistan,Sorghum,1998,5952,494.0,18406.0,23.11
Pakistan,Sorghum,1998,5952,494.0,18406.0,27.36
Pakistan,Sorghum,1998,5952,494.0,18406.0,24.91
Pakistan,Sorghum,1998,5952,494.0,18406.0,26.41
Pakistan,Sorghum,1998,5952,494.0,18406.0,19.15
Pakistan,Sorghum,1998,5952,494.0,18406.0,23.11
Pakistan,Sorghum,1999,6167,494.0,20450.0,25.5
Pakistan,Sorghum,1999,6167,494.0,20450.0,23.8
Pakistan,Sorghum,1999,6167,494.0,20450.0,27.54
Pakistan,Sorghum,1999,6167,494.0,20450.0,23.8
Pakistan,Sorghum,1999,6167,494.0,20450.0,27.14
Pakistan,Sorghum,1999,6167,494.0,20450.0,25.5
Pakistan,Sorghum,1999,6167,494.0,20450.0,26.8
Pakistan,Sorghum,1999,6167,494.0,20450.0,19.84
Pakistan,Sorghum,1999,6167,494.0,20450.0,23.8
Pakistan,Sorghum,2000,6179,494.0,27885.0,25.32
Pakistan,Sorghum,2000,6179,494.0,27885.0,23.6
Pakistan,Sorghum,2000,6179,494.0,27885.0,27.73
Pakistan,Sorghum,2000,6179,494.0,27885.0,23.6
Pakistan,Sorghum,2000,6179,494.0,27885.0,27.12
Pakistan,Sorghum,2000,6179,494.0,27885.0,25.32
Pakistan,Sorghum,2000,6179,494.0,27885.0,26.71
Pakistan,Sorghum,2000,6179,494.0,27885.0,19.68
Pakistan,Sorghum,2000,6179,494.0,27885.0,23.6
Pakistan,Sorghum,2001,6197,494.0,11871.0,25.18
Pakistan,Sorghum,2001,6197,494.0,11871.0,23.62
Pakistan,Sorghum,2001,6197,494.0,11871.0,27.7
Pakistan,Sorghum,2001,6197,494.0,11871.0,23.62
Pakistan,Sorghum,2001,6197,494.0,11871.0,27.28
Pakistan,Sorghum,2001,6197,494.0,11871.0,25.18
Pakistan,Sorghum,2001,6197,494.0,11871.0,26.5
Pakistan,Sorghum,2001,6197,494.0,11871.0,19.79
Pakistan,Sorghum,2001,6197,494.0,11871.0,23.62
Pakistan,Sorghum,2002,5989,494.0,10881.83,25.61
Pakistan,Sorghum,2002,5989,494.0,10881.83,23.83
Pakistan,Sorghum,2002,5989,494.0,10881.83,27.88
Pakistan,Sorghum,2002,5989,494.0,10881.83,23.83
Pakistan,Sorghum,2002,5989,494.0,10881.83,27.2
Pakistan,Sorghum,2002,5989,494.0,10881.83,25.61
Pakistan,Sorghum,2002,5989,494.0,10881.83,27.0
Pakistan,Sorghum,2002,5989,494.0,10881.83,19.7
Pakistan,Sorghum,2002,5989,494.0,10881.83,23.83
Pakistan,Sorghum,2004,6062,494.0,8903.48,25.55
Pakistan,Sorghum,2004,6062,494.0,8903.48,23.78
Pakistan,Sorghum,2004,6062,494.0,8903.48,27.94
Pakistan,Sorghum,2004,6062,494.0,8903.48,23.78
Pakistan,Sorghum,2004,6062,494.0,8903.48,27.5
Pakistan,Sorghum,2004,6062,494.0,8903.48,25.55
Pakistan,Sorghum,2004,6062,494.0,8903.48,26.96
Pakistan,Sorghum,2004,6062,494.0,8903.48,19.93
Pakistan,Sorghum,2004,6062,494.0,8903.48,23.78
Pakistan,Sorghum,2005,5998,494.0,7914.31,24.66
Pakistan,Sorghum,2005,5998,494.0,7914.31,22.8
Pakistan,Sorghum,2005,5998,494.0,7914.31,27.21
Pakistan,Sorghum,2005,5998,494.0,7914.31,22.8
Pakistan,Sorghum,2005,5998,494.0,7914.31,26.8
Pakistan,Sorghum,2005,5998,494.0,7914.31,24.66
Pakistan,Sorghum,2005,5998,494.0,7914.31,26.04
Pakistan,Sorghum,2005,5998,494.0,7914.31,18.75
Pakistan,Sorghum,2005,5998,494.0,7914.31,22.8
Pakistan,Sorghum,2006,6156,494.0,6925.13,25.17
Pakistan,Sorghum,2006,6156,494.0,6925.13,23.28
Pakistan,Sorghum,2006,6156,494.0,6925.13,27.29
Pakistan,Sorghum,2006,6156,494.0,6925.13,23.28
Pakistan,Sorghum,2006,6156,494.0,6925.13,26.73
Pakistan,Sorghum,2006,6156,494.0,6925.13,25.17
Pakistan,Sorghum,2006,6156,494.0,6925.13,26.46
Pakistan,Sorghum,2006,6156,494.0,6925.13,19.53
Pakistan,Sorghum,2006,6156,494.0,6925.13,23.28
Pakistan,Sorghum,2007,6045,494.0,5935.96,25.16
Pakistan,Sorghum,2007,6045,494.0,5935.96,23.33
Pakistan,Sorghum,2007,6045,494.0,5935.96,27.69
Pakistan,Sorghum,2007,6045,494.0,5935.96,23.33
Pakistan,Sorghum,2007,6045,494.0,5935.96,27.21
Pakistan,Sorghum,2007,6045,494.0,5935.96,25.16
Pakistan,Sorghum,2007,6045,494.0,5935.96,26.53
Pakistan,Sorghum,2007,6045,494.0,5935.96,19.5
Pakistan,Sorghum,2007,6045,494.0,5935.96,23.33
Pakistan,Sorghum,2008,6262,494.0,4946.79,24.89
Pakistan,Sorghum,2008,6262,494.0,4946.79,23.21
Pakistan,Sorghum,2008,6262,494.0,4946.79,27.23
Pakistan,Sorghum,2008,6262,494.0,4946.79,23.21
Pakistan,Sorghum,2008,6262,494.0,4946.79,26.74
Pakistan,Sorghum,2008,6262,494.0,4946.79,24.89
Pakistan,Sorghum,2008,6262,494.0,4946.79,26.33
Pakistan,Sorghum,2008,6262,494.0,4946.79,19.34
Pakistan,Sorghum,2008,6262,494.0,4946.79,23.21
Pakistan,Sorghum,2009,6204,494.0,3957.61,25.37
Pakistan,Sorghum,2009,6204,494.0,3957.61,23.62
Pakistan,Sorghum,2009,6204,494.0,3957.61,27.88
Pakistan,Sorghum,2009,6204,494.0,3957.61,23.62
Pakistan,Sorghum,2009,6204,494.0,3957.61,27.41
Pakistan,Sorghum,2009,6204,494.0,3957.61,25.37
Pakistan,Sorghum,2009,6204,494.0,3957.61,26.68
Pakistan,Sorghum,2009,6204,494.0,3957.61,19.3
Pakistan,Sorghum,2009,6204,494.0,3957.61,23.62
Pakistan,Sorghum,2010,6171,494.0,2968.44,25.48
Pakistan,Sorghum,2010,6171,494.0,2968.44,23.75
Pakistan,Sorghum,2010,6171,494.0,2968.44,28.0
Pakistan,Sorghum,2010,6171,494.0,2968.44,23.75
Pakistan,Sorghum,2010,6171,494.0,2968.44,27.45
Pakistan,Sorghum,2010,6171,494.0,2968.44,25.48
Pakistan,Sorghum,2010,6171,494.0,2968.44,26.79
Pakistan,Sorghum,2010,6171,494.0,2968.44,19.52
Pakistan,Sorghum,2010,6171,494.0,2968.44,23.75
Pakistan,Sorghum,2011,6417,494.0,1979.27,24.98
Pakistan,Sorghum,2011,6417,494.0,1979.27,23.36
Pakistan,Sorghum,2011,6417,494.0,1979.27,27.41
Pakistan,Sorghum,2011,6417,494.0,1979.27,23.36
Pakistan,Sorghum,2011,6417,494.0,1979.27,27.02
Pakistan,Sorghum,2011,6417,494.0,1979.27,24.98
Pakistan,Sorghum,2011,6417,494.0,1979.27,26.32
Pakistan,Sorghum,2011,6417,494.0,1979.27,19.53
Pakistan,Sorghum,2011,6417,494.0,1979.27,23.36
Pakistan,Sorghum,2012,6203,494.0,990.09,24.87
Pakistan,Sorghum,2012,6203,494.0,990.09,23.1
Pakistan,Sorghum,2012,6203,494.0,990.09,27.23
Pakistan,Sorghum,2012,6203,494.0,990.09,23.1
Pakistan,Sorghum,2012,6203,494.0,990.09,26.75
Pakistan,Sorghum,2012,6203,494.0,990.09,24.87
Pakistan,Sorghum,2012,6203,494.0,990.09,26.11
Pakistan,Sorghum,2012,6203,494.0,990.09,18.74
Pakistan,Sorghum,2012,6203,494.0,990.09,23.1
Pakistan,Sorghum,2013,5987,494.0,0.92,25.95
Pakistan,Sorghum,2013,5987,494.0,0.92,24.27
Pakistan,Sorghum,2013,5987,494.0,0.92,27.9
Pakistan,Sorghum,2013,5987,494.0,0.92,24.27
Pakistan,Sorghum,2013,5987,494.0,0.92,27.21
Pakistan,Sorghum,2013,5987,494.0,0.92,25.95
Pakistan,Sorghum,2013,5987,494.0,0.92,27.38
Pakistan,Sorghum,2013,5987,494.0,0.92,19.98
Pakistan,Sorghum,2013,5987,494.0,0.92,24.27
Pakistan,Sorghum,2014,6253,494.0,4566.8,25.98
Pakistan,Sorghum,2014,6253,494.0,4566.8,24.3
Pakistan,Sorghum,2014,6253,494.0,4566.8,27.93
Pakistan,Sorghum,2014,6253,494.0,4566.8,24.3
Pakistan,Sorghum,2014,6253,494.0,4566.8,27.24
Pakistan,Sorghum,2014,6253,494.0,4566.8,25.98
Pakistan,Sorghum,2014,6253,494.0,4566.8,27.41
Pakistan,Sorghum,2014,6253,494.0,4566.8,20.01
Pakistan,Sorghum,2014,6253,494.0,4566.8,24.3
Pakistan,Sorghum,2015,6269,494.0,4243.4,26.01
Pakistan,Sorghum,2015,6269,494.0,4243.4,24.33
Pakistan,Sorghum,2015,6269,494.0,4243.4,27.96
Pakistan,Sorghum,2015,6269,494.0,4243.4,24.33
Pakistan,Sorghum,2015,6269,494.0,4243.4,27.27
Pakistan,Sorghum,2015,6269,494.0,4243.4,26.01
Pakistan,Sorghum,2015,6269,494.0,4243.4,27.44
Pakistan,Sorghum,2015,6269,494.0,4243.4,20.04
Pakistan,Sorghum,2015,6269,494.0,4243.4,24.33
Pakistan,Sorghum,2016,6284,494.0,3920.1,26.04
Pakistan,Sorghum,2016,6284,494.0,3920.1,24.36
Pakistan,Sorghum,2016,6284,494.0,3920.1,27.99
Pakistan,Sorghum,2016,6284,494.0,3920.1,24.36
Pakistan,Sorghum,2016,6284,494.0,3920.1,27.3
Pakistan,Sorghum,2016,6284,494.0,3920.1,26.04
Pakistan,Sorghum,2016,6284,494.0,3920.1,27.47
Pakistan,Sorghum,2016,6284,494.0,3920.1,20.07
Pakistan,Sorghum,2016,6284,494.0,3920.1,24.36
Pakistan,Sorghum,2017,6300,494.0,3596.7,26.07
Pakistan,Sorghum,2017,6300,494.0,3596.7,24.39
Pakistan,Sorghum,2017,6300,494.0,3596.7,28.02
Pakistan,Sorghum,2017,6300,494.0,3596.7,24.39
Pakistan,Sorghum,2017,6300,494.0,3596.7,27.33
Pakistan,Sorghum,2017,6300,494.0,3596.7,26.07
Pakistan,Sorghum,2017,6300,494.0,3596.7,27.5
Pakistan,Sorghum,2017,6300,494.0,3596.7,20.1
Pakistan,Sorghum,2017,6300,494.0,3596.7,24.39
Pakistan,Sorghum,2018,6316,494.0,3273.3,26.1
Pakistan,Sorghum,2018,6316,494.0,3273.3,24.42
Pakistan,Sorghum,2018,6316,494.0,3273.3,28.05
Pakistan,Sorghum,2018,6316,494.0,3273.3,24.42
Pakistan,Sorghum,2018,6316,494.0,3273.3,27.36
Pakistan,Sorghum,2018,6316,494.0,3273.3,26.1
Pakistan,Sorghum,2018,6316,494.0,3273.3,27.53
Pakistan,Sorghum,2018,6316,494.0,3273.3,20.13
Pakistan,Sorghum,2018,6316,494.0,3273.3,24.42
Pakistan,Sorghum,2019,6331,494.0,2949.9,26.13
Pakistan,Sorghum,2019,6331,494.0,2949.9,24.45
Pakistan,Sorghum,2019,6331,494.0,2949.9,28.08
Pakistan,Sorghum,2019,6331,494.0,2949.9,24.45
Pakistan,Sorghum,2019,6331,494.0,2949.9,27.39
Pakistan,Sorghum,2019,6331,494.0,2949.9,26.13
Pakistan,Sorghum,2019,6331,494.0,2949.9,27.56
Pakistan,Sorghum,2019,6331,494.0,2949.9,20.16
Pakistan,Sorghum,2019,6331,494.0,2949.9,24.45
Pakistan,Sorghum,2020,6347,494.0,2626.5,26.16
Pakistan,Sorghum,2020,6347,494.0,2626.5,24.48
Pakistan,Sorghum,2020,6347,494.0,2626.5,28.11
Pakistan,Sorghum,2020,6347,494.0,2626.5,24.48
Pakistan,Sorghum,2020,6347,494.0,2626.5,27.42
Pakistan,Sorghum,2020,6347,494.0,2626.5,26.16
Pakistan,Sorghum,2020,6347,494.0,2626.5,27.59
Pakistan,Sorghum,2020,6347,494.0,2626.5,20.19
Pakistan,Sorghum,2020,6347,494.0,2626.5,24.48
Pakistan,Sorghum,2021,6363,494.0,2303.1,26.19
Pakistan,Sorghum,2021,6363,494.0,2303.1,24.51
Pakistan,Sorghum,2021,6363,494.0,2303.1,28.14
Pakistan,Sorghum,2021,6363,494.0,2303.1,24.51
Pakistan,Sorghum,2021,6363,494.0,2303.1,27.45
Pakistan,Sorghum,2021,6363,494.0,2303.1,26.19
Pakistan,Sorghum,2021,6363,494.0,2303.1,27.62
Pakistan,Sorghum,2021,6363,494.0,2303.1,20.22
Pakistan,Sorghum,2021,6363,494.0,2303.1,24.51
Pakistan,Sorghum,2022,6379,494.0,1979.8,26.22
Pakistan,Sorghum,2022,6379,494.0,1979.8,24.54
Pakistan,Sorghum,2022,6379,494.0,1979.8,28.17
Pakistan,Sorghum,2022,6379,494.0,1979.8,24.54
Pakistan,Sorghum,2022,6379,494.0,1979.8,27.48
Pakistan,Sorghum,2022,6379,494.0,1979.8,26.22
Pakistan,Sorghum,2022,6379,494.0,1979.8,27.65
Pakistan,Sorghum,2022,6379,494.0,1979.8,20.25
Pakistan,Sorghum,2022,6379,494.0,1979.8,24.54
Pakistan,Sorghum,2023,6394,494.0,1656.4,26.25
Pakistan,Sorghum,2023,6394,494.0,1656.4,24.57
Pakistan,Sorghum,2023,6394,494.0,1656.4,28.2
Pakistan,Sorghum,2023,6394,494.0,1656.4,24.57
Pakistan,Sorghum,2023,6394,494.0,1656.4,27.51
Pakistan,Sorghum,2023,6394,494.0,1656.4,26.25
Pakistan,Sorghum,2023,6394,494.0,1656.4,27.68
Pakistan,Sorghum,2023,6394,494.0,1656.4,20.28
Pakistan,Sorghum,2023,6394,494.0,1656.4,24.57
Pakistan,Sorghum,2024,6410,494.0,1333.0,26.28
Pakistan,Sorghum,2024,6410,494.0,1333.0,24.6
Pakistan,Sorghum,2024,6410,494.0,1333.0,28.23
Pakistan,Sorghum,2024,6410,494.0,1333.0,24.6
Pakistan,Sorghum,2024,6410,494.0,1333.0,27.54
Pakistan,Sorghum,2024,6410,494.0,1333.0,26.28
Pakistan,Sorghum,2024,6410,494.0,1333.0,27.71
Pakistan,Sorghum,2024,6410,494.0,1333.0,20.31
Pakistan,Sorghum,2024,6410,494.0,1333.0,24.6
Pakistan,Sorghum,2025,6426,494.0,1009.6,26.31
Pakistan,Sorghum,2025,6426,494.0,1009.6,24.63
Pakistan,Sorghum,2025,6426,494.0,1009.6,28.26
Pakistan,Sorghum,2025,6426,494.0,1009.6,24.63
Pakistan,Sorghum,2025,6426,494.0,1009.6,27.57
Pakistan,Sorghum,2025,6426,494.0,1009.6,26.31
Pakistan,Sorghum,2025,6426,494.0,1009.6,27.74
Pakistan,Sorghum,2025,6426,494.0,1009.6,20.34
Pakistan,Sorghum,2025,6426,494.0,1009.6,24.63
Pakistan,Sorghum,2026,6441,494.0,686.2,26.34
Pakistan,Sorghum,2026,6441,494.0,686.2,24.66
Pakistan,Sorghum,2026,6441,494.0,686.2,28.29
Pakistan,Sorghum,2026,6441,494.0,686.2,24.66
Pakistan,Sorghum,2026,6441,494.0,686.2,27.6
Pakistan,Sorghum,2026,6441,494.0,686.2,26.34
Pakistan,Sorghum,2026,6441,494.0,686.2,27.77
Pakistan,Sorghum,2026,6441,494.0,686.2,20.37
Pakistan,Sorghum,2026,6441,494.0,686.2,24.66
Pakistan,Soybeans,1990,5679,494.0,5299.0,24.81
Pakistan,Soybeans,1990,5679,494.0,5299.0,23.14
Pakistan,Soybeans,1990,5679,494.0,5299.0,27.0
Pakistan,Soybeans,1990,5679,494.0,5299.0,23.14
Pakistan,Soybeans,1990,5679,494.0,5299.0,26.39
Pakistan,Soybeans,1990,5679,494.0,5299.0,24.81
Pakistan,Soybeans,1990,5679,494.0,5299.0,26.23
Pakistan,Soybeans,1990,5679,494.0,5299.0,19.36
Pakistan,Soybeans,1990,5679,494.0,5299.0,23.14
Pakistan,Soybeans,1991,4992,494.0,5962.0,24.38
Pakistan,Soybeans,1991,4992,494.0,5962.0,22.48
Pakistan,Soybeans,1991,4992,494.0,5962.0,26.98
Pakistan,Soybeans,1991,4992,494.0,5962.0,22.48
Pakistan,Soybeans,1991,4992,494.0,5962.0,26.34
Pakistan,Soybeans,1991,4992,494.0,5962.0,24.38
Pakistan,Soybeans,1991,4992,494.0,5962.0,25.87
Pakistan,Soybeans,1991,4992,494.0,5962.0,18.48
Pakistan,Soybeans,1991,4992,494.0,5962.0,22.48
Pakistan,Soybeans,1992,6051,494.0,5518.0,24.31
Pakistan,Soybeans,1992,6051,494.0,5518.0,22.36
Pakistan,Soybeans,1992,6051,494.0,5518.0,26.91
Pakistan,Soybeans,1992,6051,494.0,5518.0,22.36
Pakistan,Soybeans,1992,6051,494.0,5518.0,26.36
Pakistan,Soybeans,1992,6051,494.0,5518.0,24.31
Pakistan,Soybeans,1992,6051,494.0,5518.0,25.71
Pakistan,Soybeans,1992,6051,494.0,5518.0,18.34
Pakistan,Soybeans,1992,6051,494.0,5518.0,22.36
Pakistan,Soybeans,1993,5681,494.0,4945.0,25.04
Pakistan,Soybeans,1993,5681,494.0,4945.0,23.08
Pakistan,Soybeans,1993,5681,494.0,4945.0,27.72
Pakistan,Soybeans,1993,5681,494.0,4945.0,23.08
Pakistan,Soybeans,1993,5681,494.0,4945.0,27.25
Pakistan,Soybeans,1993,5681,494.0,4945.0,25.04
Pakistan,Soybeans,1993,5681,494.0,4945.0,26.51
Pakistan,Soybeans,1993,5681,494.0,4945.0,18.91
Pakistan,Soybeans,1993,5681,494.0,4945.0,23.08
Pakistan,Soybeans,1994,8011,494.0,6183.0,24.78
Pakistan,Soybeans,1994,8011,494.0,6183.0,22.93
Pakistan,Soybeans,1994,8011,494.0,6183.0,26.87
Pakistan,Soybeans,1994,8011,494.0,6183.0,22.93
Pakistan,Soybeans,1994,8011,494.0,6183.0,26.36
Pakistan,Soybeans,1994,8011,494.0,6183.0,24.78
Pakistan,Soybeans,1994,8011,494.0,6183.0,26.13
Pakistan,Soybeans,1994,8011,494.0,6183.0,18.78
Pakistan,Soybeans,1994,8011,494.0,6183.0,22.93
Pakistan,Soybeans,1995,12021,494.0,7681.0,24.58
Pakistan,Soybeans,1995,12021,494.0,7681.0,22.61
Pakistan,Soybeans,1995,12021,494.0,7681.0,27.11
Pakistan,Soybeans,1995,12021,494.0,7681.0,22.61
Pakistan,Soybeans,1995,12021,494.0,7681.0,26.63
Pakistan,Soybeans,1995,12021,494.0,7681.0,24.58
Pakistan,Soybeans,1995,12021,494.0,7681.0,26.09
Pakistan,Soybeans,1995,12021,494.0,7681.0,18.68
Pakistan,Soybeans,1995,12021,494.0,7681.0,22.61
Pakistan,Soybeans,1996,12636,494.0,11955.0,24.43
Pakistan,Soybeans,1996,12636,494.0,11955.0,22.61
Pakistan,Soybeans,1996,12636,494.0,11955.0,27.17
Pakistan,Soybeans,1996,12636,494.0,11955.0,22.61
Pakistan,Soybeans,1996,12636,494.0,11955.0,26.5
Pakistan,Soybeans,1996,12636,494.0,11955.0,24.43
Pakistan,Soybeans,1996,12636,494.0,11955.0,25.92
Pakistan,Soybeans,1996,12636,494.0,11955.0,18.72
Pakistan,Soybeans,1996,12636,494.0,11955.0,22.61
Pakistan,Soybeans,1997,12942,494.0,16936.0,23.76
Pakistan,Soybeans,1997,12942,494.0,16936.0,22.14
Pakistan,Soybeans,1997,12942,494.0,16936.0,26.82
Pakistan,Soybeans,1997,12942,494.0,16936.0,22.14
Pakistan,Soybeans,1997,12942,494.0,16936.0,26.29
Pakistan,Soybeans,1997,12942,494.0,16936.0,23.76
Pakistan,Soybeans,1997,12942,494.0,16936.0,25.16
Pakistan,Soybeans,1997,12942,494.0,16936.0,18.62
Pakistan,Soybeans,1997,12942,494.0,16936.0,22.14
Pakistan,Soybeans,1998,12959,494.0,18406.0,24.91
Pakistan,Soybeans,1998,12959,494.0,18406.0,23.11
Pakistan,Soybeans,1998,12959,494.0,18406.0,27.89
Pakistan,Soybeans,1998,12959,494.0,18406.0,23.11
Pakistan,Soybeans,1998,12959,494.0,18406.0,27.36
Pakistan,Soybeans,1998,12959,494.0,18406.0,24.91
Pakistan,Soybeans,1998,12959,494.0,18406.0,26.41
Pakistan,Soybeans,1998,12959,494.0,18406.0,19.15
Pakistan,Soybeans,1998,12959,494.0,18406.0,23.11
Pakistan,Soybeans,1999,15078,494.0,20450.0,25.5
Pakistan,Soybeans,1999,15078,494.0,20450.0,23.8
Pakistan,Soybeans,1999,15078,494.0,20450.0,27.54
Pakistan,Soybeans,1999,15078,494.0,20450.0,23.8
Pakistan,Soybeans,1999,15078,494.0,20450.0,27.14
Pakistan,Soybeans,1999,15078,494.0,20450.0,25.5
Pakistan,Soybeans,1999,15078,494.0,20450.0,26.8
Pakistan,Soybeans,1999,15078,494.0,20450.0,19.84
Pakistan,Soybeans,1999,15078,494.0,20450.0,23.8
Pakistan,Soybeans,2000,12160,494.0,27885.0,25.32
Pakistan,Soybeans,2000,12160,494.0,27885.0,23.6
Pakistan,Soybeans,2000,12160,494.0,27885.0,27.73
Pakistan,Soybeans,2000,12160,494.0,27885.0,23.6
Pakistan,Soybeans,2000,12160,494.0,27885.0,27.12
Pakistan,Soybeans,2000,12160,494.0,27885.0,25.32
Pakistan,Soybeans,2000,12160,494.0,27885.0,26.71
Pakistan,Soybeans,2000,12160,494.0,27885.0,19.68
Pakistan,Soybeans,2000,12160,494.0,27885.0,23.6
Pakistan,Soybeans,2001,11134,494.0,11871.0,25.18
Pakistan,Soybeans,2001,11134,494.0,11871.0,23.62
Pakistan,Soybeans,2001,11134,494.0,11871.0,27.7
Pakistan,Soybeans,2001,11134,494.0,11871.0,23.62
Pakistan,Soybeans,2001,11134,494.0,11871.0,27.28
Pakistan,Soybeans,2001,11134,494.0,11871.0,25.18
Pakistan,Soybeans,2001,11134,494.0,11871.0,26.5
Pakistan,Soybeans,2001,11134,494.0,11871.0,19.79
Pakistan,Soybeans,2001,11134,494.0,11871.0,23.62
Pakistan,Soybeans,2002,12647,494.0,10881.83,25.61
Pakistan,Soybeans,2002,12647,494.0,10881.83,23.83
Pakistan,Soybeans,2002,12647,494.0,10881.83,27.88
Pakistan,Soybeans,2002,12647,494.0,10881.83,23.83
Pakistan,Soybeans,2002,12647,494.0,10881.83,27.2
Pakistan,Soybeans,2002,12647,494.0,10881.83,25.61
Pakistan,Soybeans,2002,12647,494.0,10881.83,27.0
Pakistan,Soybeans,2002,12647,494.0,10881.83,19.7
Pakistan,Soybeans,2002,12647,494.0,10881.83,23.83
Pakistan,Soybeans,2004,12450,494.0,8903.48,25.55
Pakistan,Soybeans,2004,12450,494.0,8903.48,23.78
Pakistan,Soybeans,2004,12450,494.0,8903.48,27.94
Pakistan,Soybeans,2004,12450,494.0,8903.48,23.78
Pakistan,Soybeans,2004,12450,494.0,8903.48,27.5
Pakistan,Soybeans,2004,12450,494.0,8903.48,25.55
Pakistan,Soybeans,2004,12450,494.0,8903.48,26.96
Pakistan,Soybeans,2004,12450,494.0,8903.48,19.93
Pakistan,Soybeans,2004,12450,494.0,8903.48,23.78
Pakistan,Soybeans,2005,12000,494.0,7914.31,24.66
Pakistan,Soybeans,2005,12000,494.0,7914.31,22.8
Pakistan,Soybeans,2005,12000,494.0,7914.31,27.21
Pakistan,Soybeans,2005,12000,494.0,7914.31,22.8
Pakistan,Soybeans,2005,12000,494.0,7914.31,26.8
Pakistan,Soybeans,2005,12000,494.0,7914.31,24.66
Pakistan,Soybeans,2005,12000,494.0,7914.31,26.04
Pakistan,Soybeans,2005,12000,494.0,7914.31,18.75
Pakistan,Soybeans,2005,12000,494.0,7914.31,22.8
Pakistan,Soybeans,2006,11287,494.0,6925.13,25.17
Pakistan,Soybeans,2006,11287,494.0,6925.13,23.28
Pakistan,Soybeans,2006,11287,494.0,6925.13,27.29
Pakistan,Soybeans,2006,11287,494.0,6925.13,23.28
Pakistan,Soybeans,2006,11287,494.0,6925.13,26.73
Pakistan,Soybeans,2006,11287,494.0,6925.13,25.17
Pakistan,Soybeans,2006,11287,494.0,6925.13,26.46
Pakistan,Soybeans,2006,11287,494.0,6925.13,19.53
Pakistan,Soybeans,2006,11287,494.0,6925.13,23.28
Pakistan,Soybeans,2007,5818,494.0,5935.96,25.16
Pakistan,Soybeans,2007,5818,494.0,5935.96,23.33
Pakistan,Soybeans,2007,5818,494.0,5935.96,27.69
Pakistan,Soybeans,2007,5818,494.0,5935.96,23.33
Pakistan,Soybeans,2007,5818,494.0,5935.96,27.21
Pakistan,Soybeans,2007,5818,494.0,5935.96,25.16
Pakistan,Soybeans,2007,5818,494.0,5935.96,26.53
Pakistan,Soybeans,2007,5818,494.0,5935.96,19.5
Pakistan,Soybeans,2007,5818,494.0,5935.96,23.33
Pakistan,Soybeans,2008,5918,494.0,4946.79,24.89
Pakistan,Soybeans,2008,5918,494.0,4946.79,23.21
Pakistan,Soybeans,2008,5918,494.0,4946.79,27.23
Pakistan,Soybeans,2008,5918,494.0,4946.79,23.21
Pakistan,Soybeans,2008,5918,494.0,4946.79,26.74
Pakistan,Soybeans,2008,5918,494.0,4946.79,24.89
Pakistan,Soybeans,2008,5918,494.0,4946.79,26.33
Pakistan,Soybeans,2008,5918,494.0,4946.79,19.34
Pakistan,Soybeans,2008,5918,494.0,4946.79,23.21
Pakistan,Soybeans,2009,6078,494.0,3957.61,25.37
Pakistan,Soybeans,2009,6078,494.0,3957.61,23.62
Pakistan,Soybeans,2009,6078,494.0,3957.61,27.88
Pakistan,Soybeans,2009,6078,494.0,3957.61,23.62
Pakistan,Soybeans,2009,6078,494.0,3957.61,27.41
Pakistan,Soybeans,2009,6078,494.0,3957.61,25.37
Pakistan,Soybeans,2009,6078,494.0,3957.61,26.68
Pakistan,Soybeans,2009,6078,494.0,3957.61,19.3
Pakistan,Soybeans,2009,6078,494.0,3957.61,23.62
Pakistan,Soybeans,2010,5730,494.0,2968.44,25.48
Pakistan,Soybeans,2010,5730,494.0,2968.44,23.75
Pakistan,Soybeans,2010,5730,494.0,2968.44,28.0
Pakistan,Soybeans,2010,5730,494.0,2968.44,23.75
Pakistan,Soybeans,2010,5730,494.0,2968.44,27.45
Pakistan,Soybeans,2010,5730,494.0,2968.44,25.48
Pakistan,Soybeans,2010,5730,494.0,2968.44,26.79
Pakistan,Soybeans,2010,5730,494.0,2968.44,19.52
Pakistan,Soybeans,2010,5730,494.0,2968.44,23.75
Pakistan,Soybeans,2011,6953,494.0,1979.27,24.98
Pakistan,Soybeans,2011,6953,494.0,1979.27,23.36
Pakistan,Soybeans,2011,6953,494.0,1979.27,27.41
Pakistan,Soybeans,2011,6953,494.0,1979.27,23.36
Pakistan,Soybeans,2011,6953,494.0,1979.27,27.02
Pakistan,Soybeans,2011,6953,494.0,1979.27,24.98
Pakistan,Soybeans,2011,6953,494.0,1979.27,26.32
Pakistan,Soybeans,2011,6953,494.0,1979.27,19.53
Pakistan,Soybeans,2011,6953,494.0,1979.27,23.36
Pakistan,Soybeans,2012,7901,494.0,990.09,24.87
Pakistan,Soybeans,2012,7901,494.0,990.09,23.1
Pakistan,Soybeans,2012,7901,494.0,990.09,27.23
Pakistan,Soybeans,2012,7901,494.0,990.09,23.1
Pakistan,Soybeans,2012,7901,494.0,990.09,26.75
Pakistan,Soybeans,2012,7901,494.0,990.09,24.87
Pakistan,Soybeans,2012,7901,494.0,990.09,26.11
Pakistan,Soybeans,2012,7901,494.0,990.09,18.74
Pakistan,Soybeans,2012,7901,494.0,990.09,23.1
Pakistan,Soybeans,2013,7222,494.0,0.92,25.95
Pakistan,Soybeans,2013,7222,494.0,0.92,24.27
Pakistan,Soybeans,2013,7222,494.0,0.92,27.9
Pakistan,Soybeans,2013,7222,494.0,0.92,24.27
Pakistan,Soybeans,2013,7222,494.0,0.92,27.21
Pakistan,Soybeans,2013,7222,494.0,0.92,25.95
Pakistan,Soybeans,2013,7222,494.0,0.92,27.38
Pakistan,Soybeans,2013,7222,494.0,0.92,19.98
Pakistan,Soybeans,2013,7222,494.0,0.92,24.27
Pakistan,Soybeans,2014,7500,494.0,4566.8,25.98
Pakistan,Soybeans,2014,7500,494.0,4566.8,24.3
Pakistan,Soybeans,2014,7500,494.0,4566.8,27.93
Pakistan,Soybeans,2014,7500,494.0,4566.8,24.3
Pakistan,Soybeans,2014,7500,494.0,4566.8,27.24
Pakistan,Soybeans,2014,7500,494.0,4566.8,25.98
Pakistan,Soybeans,2014,7500,494.0,4566.8,27.41
Pakistan,Soybeans,2014,7500,494.0,4566.8,20.01
Pakistan,Soybeans,2014,7500,494.0,4566.8,24.3
Pakistan,Soybeans,2015,5366,494.0,4243.4,26.01
Pakistan,Soybeans,2015,5366,494.0,4243.4,24.33
Pakistan,Soybeans,2015,5366,494.0,4243.4,27.96
Pakistan,Soybeans,2015,5366,494.0,4243.4,24.33
Pakistan,Soybeans,2015,5366,494.0,4243.4,27.27
Pakistan,Soybeans,2015,5366,494.0,4243.4,26.01
Pakistan,Soybeans,2015,5366,494.0,4243.4,27.44
Pakistan,Soybeans,2015,5366,494.0,4243.4,20.04
Pakistan,Soybeans,2015,5366,494.0,4243.4,24.33
Pakistan,Soybeans,2016,8511,494.0,3920.1,26.04
Pakistan,Soybeans,2016,8511,494.0,3920.1,24.36
Pakistan,Soybeans,2016,8511,494.0,3920.1,27.99
Pakistan,Soybeans,2016,8511,494.0,3920.1,24.36
Pakistan,Soybeans,2016,8511,494.0,3920.1,27.3
Pakistan,Soybeans,2016,8511,494.0,3920.1,26.04
Pakistan,Soybeans,2016,8511,494.0,3920.1,27.47
Pakistan,Soybeans,2016,8511,494.0,3920.1,20.07
Pakistan,Soybeans,2016,8511,494.0,3920.1,24.36
Pakistan,Soybeans,2017,7308,494.0,3596.7,26.07
Pakistan,Soybeans,2017,7308,494.0,3596.7,24.39
Pakistan,Soybeans,2017,7308,494.0,3596.7,28.02
Pakistan,Soybeans,2017,7308,494.0,3596.7,24.39
Pakistan,Soybeans,2017,7308,494.0,3596.7,27.33
Pakistan,Soybeans,2017,7308,494.0,3596.7,26.07
Pakistan,Soybeans,2017,7308,494.0,3596.7,27.5
Pakistan,Soybeans,2017,7308,494.0,3596.7,20.1
Pakistan,Soybeans,2017,7308,494.0,3596.7,24.39
Pakistan,Soybeans,2018,10370,494.0,3273.3,26.1
Pakistan,Soybeans,2018,10370,494.0,3273.3,24.42
Pakistan,Soybeans,2018,10370,494.0,3273.3,28.05
Pakistan,Soybeans,2018,10370,494.0,3273.3,24.42
Pakistan,Soybeans,2018,10370,494.0,3273.3,27.36
Pakistan,Soybeans,2018,10370,494.0,3273.3,26.1
Pakistan,Soybeans,2018,10370,494.0,3273.3,27.53
Pakistan,Soybeans,2018,10370,494.0,3273.3,20.13
Pakistan,Soybeans,2018,10370,494.0,3273.3,24.42
Pakistan,Soybeans,2019,8824,494.0,2949.9,26.13
Pakistan,Soybeans,2019,8824,494.0,2949.9,24.45
Pakistan,Soybeans,2019,8824,494.0,2949.9,28.08
Pakistan,Soybeans,2019,8824,494.0,2949.9,24.45
Pakistan,Soybeans,2019,8824,494.0,2949.9,27.39
Pakistan,Soybeans,2019,8824,494.0,2949.9,26.13
Pakistan,Soybeans,2019,8824,494.0,2949.9,27.56
Pakistan,Soybeans,2019,8824,494.0,2949.9,20.16
Pakistan,Soybeans,2019,8824,494.0,2949.9,24.45
Pakistan,Soybeans,2020,11105,494.0,2626.5,26.16
Pakistan,Soybeans,2020,11105,494.0,2626.5,24.48
Pakistan,Soybeans,2020,11105,494.0,2626.5,28.11
Pakistan,Soybeans,2020,11105,494.0,2626.5,24.48
Pakistan,Soybeans,2020,11105,494.0,2626.5,27.42
Pakistan,Soybeans,2020,11105,494.0,2626.5,26.16
Pakistan,Soybeans,2020,11105,494.0,2626.5,27.59
Pakistan,Soybeans,2020,11105,494.0,2626.5,20.19
Pakistan,Soybeans,2020,11105,494.0,2626.5,24.48
Pakistan,Soybeans,2021,8727,494.0,2303.1,26.19
Pakistan,Soybeans,2021,8727,494.0,2303.1,24.51
Pakistan,Soybeans,2021,8727,494.0,2303.1,28.14
Pakistan,Soybeans,2021,8727,494.0,2303.1,24.51
Pakistan,Soybeans,2021,8727,494.0,2303.1,27.45
Pakistan,Soybeans,2021,8727,494.0,2303.1,26.19
Pakistan,Soybeans,2021,8727,494.0,2303.1,27.62
Pakistan,Soybeans,2021,8727,494.0,2303.1,20.22
Pakistan,Soybeans,2021,8727,494.0,2303.1,24.51
Pakistan,Soybeans,2022,6429,494.0,1979.8,26.22
Pakistan,Soybeans,2022,6429,494.0,1979.8,24.54
Pakistan,Soybeans,2022,6429,494.0,1979.8,28.17
Pakistan,Soybeans,2022,6429,494.0,1979.8,24.54
Pakistan,Soybeans,2022,6429,494.0,1979.8,27.48
Pakistan,Soybeans,2022,6429,494.0,1979.8,26.22
Pakistan,Soybeans,2022,6429,494.0,1979.8,27.65
Pakistan,Soybeans,2022,6429,494.0,1979.8,20.25
Pakistan,Soybeans,2022,6429,494.0,1979.8,24.54
Pakistan,Soybeans,2023,6364,494.0,1656.4,26.25
Pakistan,Soybeans,2023,6364,494.0,1656.4,24.57
Pakistan,Soybeans,2023,6364,494.0,1656.4,28.2
Pakistan,Soybeans,2023,6364,494.0,1656.4,24.57
Pakistan,Soybeans,2023,6364,494.0,1656.4,27.51
Pakistan,Soybeans,2023,6364,494.0,1656.4,26.25
Pakistan,Soybeans,2023,6364,494.0,1656.4,27.68
Pakistan,Soybeans,2023,6364,494.0,1656.4,20.28
Pakistan,Soybeans,2023,6364,494.0,1656.4,24.57
Pakistan,Soybeans,2024,6000,494.0,1333.0,26.28
Pakistan,Soybeans,2024,6000,494.0,1333.0,24.6
Pakistan,Soybeans,2024,6000,494.0,1333.0,28.23
Pakistan,Soybeans,2024,6000,494.0,1333.0,24.6
Pakistan,Soybeans,2024,6000,494.0,1333.0,27.54
Pakistan,Soybeans,2024,6000,494.0,1333.0,26.28
Pakistan,Soybeans,2024,6000,494.0,1333.0,27.71
Pakistan,Soybeans,2024,6000,494.0,1333.0,20.31
Pakistan,Soybeans,2024,6000,494.0,1333.0,24.6
Pakistan,Soybeans,2025,7581,494.0,1009.6,26.31
Pakistan,Soybeans,2025,7581,494.0,1009.6,24.63
Pakistan,Soybeans,2025,7581,494.0,1009.6,28.26
Pakistan,Soybeans,2025,7581,494.0,1009.6,24.63
Pakistan,Soybeans,2025,7581,494.0,1009.6,27.57
Pakistan,Soybeans,2025,7581,494.0,1009.6,26.31
Pakistan,Soybeans,2025,7581,494.0,1009.6,27.74
Pakistan,Soybeans,2025,7581,494.0,1009.6,20.34
Pakistan,Soybeans,2025,7581,494.0,1009.6,24.63
Pakistan,Soybeans,2026,7512,494.0,686.2,26.34
Pakistan,Soybeans,2026,7512,494.0,686.2,24.66
Pakistan,Soybeans,2026,7512,494.0,686.2,28.29
Pakistan,Soybeans,2026,7512,494.0,686.2,24.66
Pakistan,Soybeans,2026,7512,494.0,686.2,27.6
Pakistan,Soybeans,2026,7512,494.0,686.2,26.34
Pakistan,Soybeans,2026,7512,494.0,686.2,27.77
Pakistan,Soybeans,2026,7512,494.0,686.2,20.37
Pakistan,Soybeans,2026,7512,494.0,686.2,24.66
Pakistan,Sweet potatoes,1990,92141,494.0,5299.0,24.81
Pakistan,Sweet potatoes,1990,92141,494.0,5299.0,23.14
Pakistan,Sweet potatoes,1990,92141,494.0,5299.0,27.0
Pakistan,Sweet potatoes,1990,92141,494.0,5299.0,23.14
Pakistan,Sweet potatoes,1990,92141,494.0,5299.0,26.39
Pakistan,Sweet potatoes,1990,92141,494.0,5299.0,24.81
Pakistan,Sweet potatoes,1990,92141,494.0,5299.0,26.23
Pakistan,Sweet potatoes,1990,92141,494.0,5299.0,19.36
Pakistan,Sweet potatoes,1990,92141,494.0,5299.0,23.14
Pakistan,Sweet potatoes,1991,101190,494.0,5962.0,24.38
Pakistan,Sweet potatoes,1991,101190,494.0,5962.0,22.48
Pakistan,Sweet potatoes,1991,101190,494.0,5962.0,26.98
Pakistan,Sweet potatoes,1991,101190,494.0,5962.0,22.48
Pakistan,Sweet potatoes,1991,101190,494.0,5962.0,26.34
Pakistan,Sweet potatoes,1991,101190,494.0,5962.0,24.38
Pakistan,Sweet potatoes,1991,101190,494.0,5962.0,25.87
Pakistan,Sweet potatoes,1991,101190,494.0,5962.0,18.48
Pakistan,Sweet potatoes,1991,101190,494.0,5962.0,22.48
Pakistan,Sweet potatoes,1992,104368,494.0,5518.0,24.31
Pakistan,Sweet potatoes,1992,104368,494.0,5518.0,22.36
Pakistan,Sweet potatoes,1992,104368,494.0,5518.0,26.91
Pakistan,Sweet potatoes,1992,104368,494.0,5518.0,22.36
Pakistan,Sweet potatoes,1992,104368,494.0,5518.0,26.36
Pakistan,Sweet potatoes,1992,104368,494.0,5518.0,24.31
Pakistan,Sweet potatoes,1992,104368,494.0,5518.0,25.71
Pakistan,Sweet potatoes,1992,104368,494.0,5518.0,18.34
Pakistan,Sweet potatoes,1992,104368,494.0,5518.0,22.36
Pakistan,Sweet potatoes,1993,98171,494.0,4945.0,25.04
Pakistan,Sweet potatoes,1993,98171,494.0,4945.0,23.08
Pakistan,Sweet potatoes,1993,98171,494.0,4945.0,27.72
Pakistan,Sweet potatoes,1993,98171,494.0,4945.0,23.08
Pakistan,Sweet potatoes,1993,98171,494.0,4945.0,27.25
Pakistan,Sweet potatoes,1993,98171,494.0,4945.0,25.04
Pakistan,Sweet potatoes,1993,98171,494.0,4945.0,26.51
Pakistan,Sweet potatoes,1993,98171,494.0,4945.0,18.91
Pakistan,Sweet potatoes,1993,98171,494.0,4945.0,23.08
Pakistan,Sweet potatoes,1994,99148,494.0,6183.0,24.78
Pakistan,Sweet potatoes,1994,99148,494.0,6183.0,22.93
Pakistan,Sweet potatoes,1994,99148,494.0,6183.0,26.87
Pakistan,Sweet potatoes,1994,99148,494.0,6183.0,22.93
Pakistan,Sweet potatoes,1994,99148,494.0,6183.0,26.36
Pakistan,Sweet potatoes,1994,99148,494.0,6183.0,24.78
Pakistan,Sweet potatoes,1994,99148,494.0,6183.0,26.13
Pakistan,Sweet potatoes,1994,99148,494.0,6183.0,18.78
Pakistan,Sweet potatoes,1994,99148,494.0,6183.0,22.93
Pakistan,Sweet potatoes,1995,100688,494.0,7681.0,24.58
Pakistan,Sweet potatoes,1995,100688,494.0,7681.0,22.61
Pakistan,Sweet potatoes,1995,100688,494.0,7681.0,27.11
Pakistan,Sweet potatoes,1995,100688,494.0,7681.0,22.61
Pakistan,Sweet potatoes,1995,100688,494.0,7681.0,26.63
Pakistan,Sweet potatoes,1995,100688,494.0,7681.0,24.58
Pakistan,Sweet potatoes,1995,100688,494.0,7681.0,26.09
Pakistan,Sweet potatoes,1995,100688,494.0,7681.0,18.68
Pakistan,Sweet potatoes,1995,100688,494.0,7681.0,22.61
Pakistan,Sweet potatoes,1996,105177,494.0,11955.0,24.43
Pakistan,Sweet potatoes,1996,105177,494.0,11955.0,22.61
Pakistan,Sweet potatoes,1996,105177,494.0,11955.0,27.17
Pakistan,Sweet potatoes,1996,105177,494.0,11955.0,22.61
Pakistan,Sweet potatoes,1996,105177,494.0,11955.0,26.5
Pakistan,Sweet potatoes,1996,105177,494.0,11955.0,24.43
Pakistan,Sweet potatoes,1996,105177,494.0,11955.0,25.92
Pakistan,Sweet potatoes,1996,105177,494.0,11955.0,18.72
Pakistan,Sweet potatoes,1996,105177,494.0,11955.0,22.61
Pakistan,Sweet potatoes,1997,104716,494.0,16936.0,23.76
Pakistan,Sweet potatoes,1997,104716,494.0,16936.0,22.14
Pakistan,Sweet potatoes,1997,104716,494.0,16936.0,26.82
Pakistan,Sweet potatoes,1997,104716,494.0,16936.0,22.14
Pakistan,Sweet potatoes,1997,104716,494.0,16936.0,26.29
Pakistan,Sweet potatoes,1997,104716,494.0,16936.0,23.76
Pakistan,Sweet potatoes,1997,104716,494.0,16936.0,25.16
Pakistan,Sweet potatoes,1997,104716,494.0,16936.0,18.62
Pakistan,Sweet potatoes,1997,104716,494.0,16936.0,22.14
Pakistan,Sweet potatoes,1998,108413,494.0,18406.0,24.91
Pakistan,Sweet potatoes,1998,108413,494.0,18406.0,23.11
Pakistan,Sweet potatoes,1998,108413,494.0,18406.0,27.89
Pakistan,Sweet potatoes,1998,108413,494.0,18406.0,23.11
Pakistan,Sweet potatoes,1998,108413,494.0,18406.0,27.36
Pakistan,Sweet potatoes,1998,108413,494.0,18406.0,24.91
Pakistan,Sweet potatoes,1998,108413,494.0,18406.0,26.41
Pakistan,Sweet potatoes,1998,108413,494.0,18406.0,19.15
Pakistan,Sweet potatoes,1998,108413,494.0,18406.0,23.11
Pakistan,Sweet potatoes,1999,112339,494.0,20450.0,25.5
Pakistan,Sweet potatoes,1999,112339,494.0,20450.0,23.8
Pakistan,Sweet potatoes,1999,112339,494.0,20450.0,27.54
Pakistan,Sweet potatoes,1999,112339,494.0,20450.0,23.8
Pakistan,Sweet potatoes,1999,112339,494.0,20450.0,27.14
Pakistan,Sweet potatoes,1999,112339,494.0,20450.0,25.5
Pakistan,Sweet potatoes,1999,112339,494.0,20450.0,26.8
Pakistan,Sweet potatoes,1999,112339,494.0,20450.0,19.84
Pakistan,Sweet potatoes,1999,112339,494.0,20450.0,23.8
Pakistan,Sweet potatoes,2000,109771,494.0,27885.0,25.32
Pakistan,Sweet potatoes,2000,109771,494.0,27885.0,23.6
Pakistan,Sweet potatoes,2000,109771,494.0,27885.0,27.73
Pakistan,Sweet potatoes,2000,109771,494.0,27885.0,23.6
Pakistan,Sweet potatoes,2000,109771,494.0,27885.0,27.12
Pakistan,Sweet potatoes,2000,109771,494.0,27885.0,25.32
Pakistan,Sweet potatoes,2000,109771,494.0,27885.0,26.71
Pakistan,Sweet potatoes,2000,109771,494.0,27885.0,19.68
Pakistan,Sweet potatoes,2000,109771,494.0,27885.0,23.6
Pakistan,Sweet potatoes,2001,104168,494.0,11871.0,25.18
Pakistan,Sweet potatoes,2001,104168,494.0,11871.0,23.62
Pakistan,Sweet potatoes,2001,104168,494.0,11871.0,27.7
Pakistan,Sweet potatoes,2001,104168,494.0,11871.0,23.62
Pakistan,Sweet potatoes,2001,104168,494.0,11871.0,27.28
Pakistan,Sweet potatoes,2001,104168,494.0,11871.0,25.18
Pakistan,Sweet potatoes,2001,104168,494.0,11871.0,26.5
Pakistan,Sweet potatoes,2001,104168,494.0,11871.0,19.79
Pakistan,Sweet potatoes,2001,104168,494.0,11871.0,23.62
Pakistan,Sweet potatoes,2002,100385,494.0,10881.83,25.61
Pakistan,Sweet potatoes,2002,100385,494.0,10881.83,23.83
Pakistan,Sweet potatoes,2002,100385,494.0,10881.83,27.88
Pakistan,Sweet potatoes,2002,100385,494.0,10881.83,23.83
Pakistan,Sweet potatoes,2002,100385,494.0,10881.83,27.2
Pakistan,Sweet potatoes,2002,100385,494.0,10881.83,25.61
Pakistan,Sweet potatoes,2002,100385,494.0,10881.83,27.0
Pakistan,Sweet potatoes,2002,100385,494.0,10881.83,19.7
Pakistan,Sweet potatoes,2002,100385,494.0,10881.83,23.83
Pakistan,Sweet potatoes,2004,113473,494.0,8903.48,25.55
Pakistan,Sweet potatoes,2004,113473,494.0,8903.48,23.78
Pakistan,Sweet potatoes,2004,113473,494.0,8903.48,27.94
Pakistan,Sweet potatoes,2004,113473,494.0,8903.48,23.78
Pakistan,Sweet potatoes,2004,113473,494.0,8903.48,27.5
Pakistan,Sweet potatoes,2004,113473,494.0,8903.48,25.55
Pakistan,Sweet potatoes,2004,113473,494.0,8903.48,26.96
Pakistan,Sweet potatoes,2004,113473,494.0,8903.48,19.93
Pakistan,Sweet potatoes,2004,113473,494.0,8903.48,23.78
Pakistan,Sweet potatoes,2005,112584,494.0,7914.31,24.66
Pakistan,Sweet potatoes,2005,112584,494.0,7914.31,22.8
Pakistan,Sweet potatoes,2005,112584,494.0,7914.31,27.21
Pakistan,Sweet potatoes,2005,112584,494.0,7914.31,22.8
Pakistan,Sweet potatoes,2005,112584,494.0,7914.31,26.8
Pakistan,Sweet potatoes,2005,112584,494.0,7914.31,24.66
Pakistan,Sweet potatoes,2005,112584,494.0,7914.31,26.04
Pakistan,Sweet potatoes,2005,112584,494.0,7914.31,18.75
Pakistan,Sweet potatoes,2005,112584,494.0,7914.31,22.8
Pakistan,Sweet potatoes,2006,118514,494.0,6925.13,25.17
Pakistan,Sweet potatoes,2006,118514,494.0,6925.13,23.28
Pakistan,Sweet potatoes,2006,118514,494.0,6925.13,27.29
Pakistan,Sweet potatoes,2006,118514,494.0,6925.13,23.28
Pakistan,Sweet potatoes,2006,118514,494.0,6925.13,26.73
Pakistan,Sweet potatoes,2006,118514,494.0,6925.13,25.17
Pakistan,Sweet potatoes,2006,118514,494.0,6925.13,26.46
Pakistan,Sweet potatoes,2006,118514,494.0,6925.13,19.53
Pakistan,Sweet potatoes,2006,118514,494.0,6925.13,23.28
Pakistan,Sweet potatoes,2007,114454,494.0,5935.96,25.16
Pakistan,Sweet potatoes,2007,114454,494.0,5935.96,23.33
Pakistan,Sweet potatoes,2007,114454,494.0,5935.96,27.69
Pakistan,Sweet potatoes,2007,114454,494.0,5935.96,23.33
Pakistan,Sweet potatoes,2007,114454,494.0,5935.96,27.21
Pakistan,Sweet potatoes,2007,114454,494.0,5935.96,25.16
Pakistan,Sweet potatoes,2007,114454,494.0,5935.96,26.53
Pakistan,Sweet potatoes,2007,114454,494.0,5935.96,19.5
Pakistan,Sweet potatoes,2007,114454,494.0,5935.96,23.33
Pakistan,Sweet potatoes,2008,111477,494.0,4946.79,24.89
Pakistan,Sweet potatoes,2008,111477,494.0,4946.79,23.21
Pakistan,Sweet potatoes,2008,111477,494.0,4946.79,27.23
Pakistan,Sweet potatoes,2008,111477,494.0,4946.79,23.21
Pakistan,Sweet potatoes,2008,111477,494.0,4946.79,26.74
Pakistan,Sweet potatoes,2008,111477,494.0,4946.79,24.89
Pakistan,Sweet potatoes,2008,111477,494.0,4946.79,26.33
Pakistan,Sweet potatoes,2008,111477,494.0,4946.79,19.34
Pakistan,Sweet potatoes,2008,111477,494.0,4946.79,23.21
Pakistan,Sweet potatoes,2009,114254,494.0,3957.61,25.37
Pakistan,Sweet potatoes,2009,114254,494.0,3957.61,23.62
Pakistan,Sweet potatoes,2009,114254,494.0,3957.61,27.88
Pakistan,Sweet potatoes,2009,114254,494.0,3957.61,23.62
Pakistan,Sweet potatoes,2009,114254,494.0,3957.61,27.41
Pakistan,Sweet potatoes,2009,114254,494.0,3957.61,25.37
Pakistan,Sweet potatoes,2009,114254,494.0,3957.61,26.68
Pakistan,Sweet potatoes,2009,114254,494.0,3957.61,19.3
Pakistan,Sweet potatoes,2009,114254,494.0,3957.61,23.62
Pakistan,Sweet potatoes,2010,109417,494.0,2968.44,25.48
Pakistan,Sweet potatoes,2010,109417,494.0,2968.44,23.75
Pakistan,Sweet potatoes,2010,109417,494.0,2968.44,28.0
Pakistan,Sweet potatoes,2010,109417,494.0,2968.44,23.75
Pakistan,Sweet potatoes,2010,109417,494.0,2968.44,27.45
Pakistan,Sweet potatoes,2010,109417,494.0,2968.44,25.48
Pakistan,Sweet potatoes,2010,109417,494.0,2968.44,26.79
Pakistan,Sweet potatoes,2010,109417,494.0,2968.44,19.52
Pakistan,Sweet potatoes,2010,109417,494.0,2968.44,23.75
Pakistan,Sweet potatoes,2011,99623,494.0,1979.27,24.98
Pakistan,Sweet potatoes,2011,99623,494.0,1979.27,23.36
Pakistan,Sweet potatoes,2011,99623,494.0,1979.27,27.41
Pakistan,Sweet potatoes,2011,99623,494.0,1979.27,23.36
Pakistan,Sweet potatoes,2011,99623,494.0,1979.27,27.02
Pakistan,Sweet potatoes,2011,99623,494.0,1979.27,24.98
Pakistan,Sweet potatoes,2011,99623,494.0,1979.27,26.32
Pakistan,Sweet potatoes,2011,99623,494.0,1979.27,19.53
Pakistan,Sweet potatoes,2011,99623,494.0,1979.27,23.36
Pakistan,Sweet potatoes,2012,86553,494.0,990.09,24.87
Pakistan,Sweet potatoes,2012,86553,494.0,990.09,23.1
Pakistan,Sweet potatoes,2012,86553,494.0,990.09,27.23
Pakistan,Sweet potatoes,2012,86553,494.0,990.09,23.1
Pakistan,Sweet potatoes,2012,86553,494.0,990.09,26.75
Pakistan,Sweet potatoes,2012,86553,494.0,990.09,24.87
Pakistan,Sweet potatoes,2012,86553,494.0,990.09,26.11
Pakistan,Sweet potatoes,2012,86553,494.0,990.09,18.74
Pakistan,Sweet potatoes,2012,86553,494.0,990.09,23.1
Pakistan,Sweet potatoes,2013,88711,494.0,0.92,25.95
Pakistan,Sweet potatoes,2013,88711,494.0,0.92,24.27
Pakistan,Sweet potatoes,2013,88711,494.0,0.92,27.9
Pakistan,Sweet potatoes,2013,88711,494.0,0.92,24.27
Pakistan,Sweet potatoes,2013,88711,494.0,0.92,27.21
Pakistan,Sweet potatoes,2013,88711,494.0,0.92,25.95
Pakistan,Sweet potatoes,2013,88711,494.0,0.92,27.38
Pakistan,Sweet potatoes,2013,88711,494.0,0.92,19.98
Pakistan,Sweet potatoes,2013,88711,494.0,0.92,24.27
Pakistan,Sweet potatoes,2014,106544,494.0,4566.8,25.98
Pakistan,Sweet potatoes,2014,106544,494.0,4566.8,24.3
Pakistan,Sweet potatoes,2014,106544,494.0,4566.8,27.93
Pakistan,Sweet potatoes,2014,106544,494.0,4566.8,24.3
Pakistan,Sweet potatoes,2014,106544,494.0,4566.8,27.24
Pakistan,Sweet potatoes,2014,106544,494.0,4566.8,25.98
Pakistan,Sweet potatoes,2014,106544,494.0,4566.8,27.41
Pakistan,Sweet potatoes,2014,106544,494.0,4566.8,20.01
Pakistan,Sweet potatoes,2014,106544,494.0,4566.8,24.3
Pakistan,Sweet potatoes,2015,106685,494.0,4243.4,26.01
Pakistan,Sweet potatoes,2015,106685,494.0,4243.4,24.33
Pakistan,Sweet potatoes,2015,106685,494.0,4243.4,27.96
Pakistan,Sweet potatoes,2015,106685,494.0,4243.4,24.33
Pakistan,Sweet potatoes,2015,106685,494.0,4243.4,27.27
Pakistan,Sweet potatoes,2015,106685,494.0,4243.4,26.01
Pakistan,Sweet potatoes,2015,106685,494.0,4243.4,27.44
Pakistan,Sweet potatoes,2015,106685,494.0,4243.4,20.04
Pakistan,Sweet potatoes,2015,106685,494.0,4243.4,24.33
Pakistan,Sweet potatoes,2016,106827,494.0,3920.1,26.04
Pakistan,Sweet potatoes,2016,106827,494.0,3920.1,24.36
Pakistan,Sweet potatoes,2016,106827,494.0,3920.1,27.99
Pakistan,Sweet potatoes,2016,106827,494.0,3920.1,24.36
Pakistan,Sweet potatoes,2016,106827,494.0,3920.1,27.3
Pakistan,Sweet potatoes,2016,106827,494.0,3920.1,26.04
Pakistan,Sweet potatoes,2016,106827,494.0,3920.1,27.47
Pakistan,Sweet potatoes,2016,106827,494.0,3920.1,20.07
Pakistan,Sweet potatoes,2016,106827,494.0,3920.1,24.36
Pakistan,Sweet potatoes,2017,106968,494.0,3596.7,26.07
Pakistan,Sweet potatoes,2017,106968,494.0,3596.7,24.39
Pakistan,Sweet potatoes,2017,106968,494.0,3596.7,28.02
Pakistan,Sweet potatoes,2017,106968,494.0,3596.7,24.39
Pakistan,Sweet potatoes,2017,106968,494.0,3596.7,27.33
Pakistan,Sweet potatoes,2017,106968,494.0,3596.7,26.07
Pakistan,Sweet potatoes,2017,106968,494.0,3596.7,27.5
Pakistan,Sweet potatoes,2017,106968,494.0,3596.7,20.1
Pakistan,Sweet potatoes,2017,106968,494.0,3596.7,24.39
Pakistan,Sweet potatoes,2018,107109,494.0,3273.3,26.1
Pakistan,Sweet potatoes,2018,107109,494.0,3273.3,24.42
Pakistan,Sweet potatoes,2018,107109,494.0,3273.3,28.05
Pakistan,Sweet potatoes,2018,107109,494.0,3273.3,24.42
Pakistan,Sweet potatoes,2018,107109,494.0,3273.3,27.36
Pakistan,Sweet potatoes,2018,107109,494.0,3273.3,26.1
Pakistan,Sweet potatoes,2018,107109,494.0,3273.3,27.53
Pakistan,Sweet potatoes,2018,107109,494.0,3273.3,20.13
Pakistan,Sweet potatoes,2018,107109,494.0,3273.3,24.42
Pakistan,Sweet potatoes,2019,107250,494.0,2949.9,26.13
Pakistan,Sweet potatoes,2019,107250,494.0,2949.9,24.45
Pakistan,Sweet potatoes,2019,107250,494.0,2949.9,28.08
Pakistan,Sweet potatoes,2019,107250,494.0,2949.9,24.45
Pakistan,Sweet potatoes,2019,107250,494.0,2949.9,27.39
Pakistan,Sweet potatoes,2019,107250,494.0,2949.9,26.13
Pakistan,Sweet potatoes,2019,107250,494.0,2949.9,27.56
Pakistan,Sweet potatoes,2019,107250,494.0,2949.9,20.16
Pakistan,Sweet potatoes,2019,107250,494.0,2949.9,24.45
Pakistan,Sweet potatoes,2020,107391,494.0,2626.5,26.16
Pakistan,Sweet potatoes,2020,107391,494.0,2626.5,24.48
Pakistan,Sweet potatoes,2020,107391,494.0,2626.5,28.11
Pakistan,Sweet potatoes,2020,107391,494.0,2626.5,24.48
Pakistan,Sweet potatoes,2020,107391,494.0,2626.5,27.42
Pakistan,Sweet potatoes,2020,107391,494.0,2626.5,26.16
Pakistan,Sweet potatoes,2020,107391,494.0,2626.5,27.59
Pakistan,Sweet potatoes,2020,107391,494.0,2626.5,20.19
Pakistan,Sweet potatoes,2020,107391,494.0,2626.5,24.48
Pakistan,Sweet potatoes,2021,107532,494.0,2303.1,26.19
Pakistan,Sweet potatoes,2021,107532,494.0,2303.1,24.51
Pakistan,Sweet potatoes,2021,107532,494.0,2303.1,28.14
Pakistan,Sweet potatoes,2021,107532,494.0,2303.1,24.51
Pakistan,Sweet potatoes,2021,107532,494.0,2303.1,27.45
Pakistan,Sweet potatoes,2021,107532,494.0,2303.1,26.19
Pakistan,Sweet potatoes,2021,107532,494.0,2303.1,27.62
Pakistan,Sweet potatoes,2021,107532,494.0,2303.1,20.22
Pakistan,Sweet potatoes,2021,107532,494.0,2303.1,24.51
Pakistan,Sweet potatoes,2022,107673,494.0,1979.8,26.22
Pakistan,Sweet potatoes,2022,107673,494.0,1979.8,24.54
Pakistan,Sweet potatoes,2022,107673,494.0,1979.8,28.17
Pakistan,Sweet potatoes,2022,107673,494.0,1979.8,24.54
Pakistan,Sweet potatoes,2022,107673,494.0,1979.8,27.48
Pakistan,Sweet potatoes,2022,107673,494.0,1979.8,26.22
Pakistan,Sweet potatoes,2022,107673,494.0,1979.8,27.65
Pakistan,Sweet potatoes,2022,107673,494.0,1979.8,20.25
Pakistan,Sweet potatoes,2022,107673,494.0,1979.8,24.54
Pakistan,Sweet potatoes,2023,107814,494.0,1656.4,26.25
Pakistan,Sweet potatoes,2023,107814,494.0,1656.4,24.57
Pakistan,Sweet potatoes,2023,107814,494.0,1656.4,28.2
Pakistan,Sweet potatoes,2023,107814,494.0,1656.4,24.57
Pakistan,Sweet potatoes,2023,107814,494.0,1656.4,27.51
Pakistan,Sweet potatoes,2023,107814,494.0,1656.4,26.25
Pakistan,Sweet potatoes,2023,107814,494.0,1656.4,27.68
Pakistan,Sweet potatoes,2023,107814,494.0,1656.4,20.28
Pakistan,Sweet potatoes,2023,107814,494.0,1656.4,24.57
Pakistan,Sweet potatoes,2024,107956,494.0,1333.0,26.28
Pakistan,Sweet potatoes,2024,107956,494.0,1333.0,24.6
Pakistan,Sweet potatoes,2024,107956,494.0,1333.0,28.23
Pakistan,Sweet potatoes,2024,107956,494.0,1333.0,24.6
Pakistan,Sweet potatoes,2024,107956,494.0,1333.0,27.54
Pakistan,Sweet potatoes,2024,107956,494.0,1333.0,26.28
Pakistan,Sweet potatoes,2024,107956,494.0,1333.0,27.71
Pakistan,Sweet potatoes,2024,107956,494.0,1333.0,20.31
Pakistan,Sweet potatoes,2024,107956,494.0,1333.0,24.6
Pakistan,Sweet potatoes,2025,108097,494.0,1009.6,26.31
Pakistan,Sweet potatoes,2025,108097,494.0,1009.6,24.63
Pakistan,Sweet potatoes,2025,108097,494.0,1009.6,28.26
Pakistan,Sweet potatoes,2025,108097,494.0,1009.6,24.63
Pakistan,Sweet potatoes,2025,108097,494.0,1009.6,27.57
Pakistan,Sweet potatoes,2025,108097,494.0,1009.6,26.31
Pakistan,Sweet potatoes,2025,108097,494.0,1009.6,27.74
Pakistan,Sweet potatoes,2025,108097,494.0,1009.6,20.34
Pakistan,Sweet potatoes,2025,108097,494.0,1009.6,24.63
Pakistan,Sweet potatoes,2026,108238,494.0,686.2,26.34
Pakistan,Sweet potatoes,2026,108238,494.0,686.2,24.66
Pakistan,Sweet potatoes,2026,108238,494.0,686.2,28.29
Pakistan,Sweet potatoes,2026,108238,494.0,686.2,24.66
Pakistan,Sweet potatoes,2026,108238,494.0,686.2,27.6
Pakistan,Sweet potatoes,2026,108238,494.0,686.2,26.34
Pakistan,Sweet potatoes,2026,108238,494.0,686.2,27.77
Pakistan,Sweet potatoes,2026,108238,494.0,686.2,20.37
Pakistan,Sweet potatoes,2026,108238,494.0,686.2,24.66
Pakistan,Wheat,1990,18249,494.0,5299.0,24.81
Pakistan,Wheat,1990,18249,494.0,5299.0,23.14
Pakistan,Wheat,1990,18249,494.0,5299.0,27.0
Pakistan,Wheat,1990,18249,494.0,5299.0,23.14
Pakistan,Wheat,1990,18249,494.0,5299.0,26.39
Pakistan,Wheat,1990,18249,494.0,5299.0,24.81
Pakistan,Wheat,1990,18249,494.0,5299.0,26.23
Pakistan,Wheat,1990,18249,494.0,5299.0,19.36
Pakistan,Wheat,1990,18249,494.0,5299.0,23.14
Pakistan,Wheat,1991,18410,494.0,5962.0,24.38
Pakistan,Wheat,1991,18410,494.0,5962.0,22.48
Pakistan,Wheat,1991,18410,494.0,5962.0,26.98
Pakistan,Wheat,1991,18410,494.0,5962.0,22.48
Pakistan,Wheat,1991,18410,494.0,5962.0,26.34
Pakistan,Wheat,1991,18410,494.0,5962.0,24.38
Pakistan,Wheat,1991,18410,494.0,5962.0,25.87
Pakistan,Wheat,1991,18410,494.0,5962.0,18.48
Pakistan,Wheat,1991,18410,494.0,5962.0,22.48
Pakistan,Wheat,1992,19910,494.0,5518.0,24.31
Pakistan,Wheat,1992,19910,494.0,5518.0,22.36
Pakistan,Wheat,1992,19910,494.0,5518.0,26.91
Pakistan,Wheat,1992,19910,494.0,5518.0,22.36
Pakistan,Wheat,1992,19910,494.0,5518.0,26.36
Pakistan,Wheat,1992,19910,494.0,5518.0,24.31
Pakistan,Wheat,1992,19910,494.0,5518.0,25.71
Pakistan,Wheat,1992,19910,494.0,5518.0,18.34
Pakistan,Wheat,1992,19910,494.0,5518.0,22.36
Pakistan,Wheat,1993,19466,494.0,4945.0,25.04
Pakistan,Wheat,1993,19466,494.0,4945.0,23.08
Pakistan,Wheat,1993,19466,494.0,4945.0,27.72
Pakistan,Wheat,1993,19466,494.0,4945.0,23.08
Pakistan,Wheat,1993,19466,494.0,4945.0,27.25
Pakistan,Wheat,1993,19466,494.0,4945.0,25.04
Pakistan,Wheat,1993,19466,494.0,4945.0,26.51
Pakistan,Wheat,1993,19466,494.0,4945.0,18.91
Pakistan,Wheat,1993,19466,494.0,4945.0,23.08
Pakistan,Wheat,1994,18935,494.0,6183.0,24.78
Pakistan,Wheat,1994,18935,494.0,6183.0,22.93
Pakistan,Wheat,1994,18935,494.0,6183.0,26.87
Pakistan,Wheat,1994,18935,494.0,6183.0,22.93
Pakistan,Wheat,1994,18935,494.0,6183.0,26.36
Pakistan,Wheat,1994,18935,494.0,6183.0,24.78
Pakistan,Wheat,1994,18935,494.0,6183.0,26.13
Pakistan,Wheat,1994,18935,494.0,6183.0,18.78
Pakistan,Wheat,1994,18935,494.0,6183.0,22.93
Pakistan,Wheat,1995,20811,494.0,7681.0,24.58
Pakistan,Wheat,1995,20811,494.0,7681.0,22.61
Pakistan,Wheat,1995,20811,494.0,7681.0,27.11
Pakistan,Wheat,1995,20811,494.0,7681.0,22.61
Pakistan,Wheat,1995,20811,494.0,7681.0,26.63
Pakistan,Wheat,1995,20811,494.0,7681.0,24.58
Pakistan,Wheat,1995,20811,494.0,7681.0,26.09
Pakistan,Wheat,1995,20811,494.0,7681.0,18.68
Pakistan,Wheat,1995,20811,494.0,7681.0,22.61
Pakistan,Wheat,1996,20184,494.0,11955.0,24.43
Pakistan,Wheat,1996,20184,494.0,11955.0,22.61
Pakistan,Wheat,1996,20184,494.0,11955.0,27.17
Pakistan,Wheat,1996,20184,494.0,11955.0,22.61
Pakistan,Wheat,1996,20184,494.0,11955.0,26.5
Pakistan,Wheat,1996,20184,494.0,11955.0,24.43
Pakistan,Wheat,1996,20184,494.0,11955.0,25.92
Pakistan,Wheat,1996,20184,494.0,11955.0,18.72
Pakistan,Wheat,1996,20184,494.0,11955.0,22.61
Pakistan,Wheat,1997,20533,494.0,16936.0,23.76
Pakistan,Wheat,1997,20533,494.0,16936.0,22.14
Pakistan,Wheat,1997,20533,494.0,16936.0,26.82
Pakistan,Wheat,1997,20533,494.0,16936.0,22.14
Pakistan,Wheat,1997,20533,494.0,16936.0,26.29
Pakistan,Wheat,1997,20533,494.0,16936.0,23.76
Pakistan,Wheat,1997,20533,494.0,16936.0,25.16
Pakistan,Wheat,1997,20533,494.0,16936.0,18.62
Pakistan,Wheat,1997,20533,494.0,16936.0,22.14
Pakistan,Wheat,1998,22376,494.0,18406.0,24.91
Pakistan,Wheat,1998,22376,494.0,18406.0,23.11
Pakistan,Wheat,1998,22376,494.0,18406.0,27.89
Pakistan,Wheat,1998,22376,494.0,18406.0,23.11
Pakistan,Wheat,1998,22376,494.0,18406.0,27.36
Pakistan,Wheat,1998,22376,494.0,18406.0,24.91
Pakistan,Wheat,1998,22376,494.0,18406.0,26.41
Pakistan,Wheat,1998,22376,494.0,18406.0,19.15
Pakistan,Wheat,1998,22376,494.0,18406.0,23.11
Pakistan,Wheat,1999,21698,494.0,20450.0,25.5
Pakistan,Wheat,1999,21698,494.0,20450.0,23.8
Pakistan,Wheat,1999,21698,494.0,20450.0,27.54
Pakistan,Wheat,1999,21698,494.0,20450.0,23.8
Pakistan,Wheat,1999,21698,494.0,20450.0,27.14
Pakistan,Wheat,1999,21698,494.0,20450.0,25.5
Pakistan,Wheat,1999,21698,494.0,20450.0,26.8
Pakistan,Wheat,1999,21698,494.0,20450.0,19.84
Pakistan,Wheat,1999,21698,494.0,20450.0,23.8
Pakistan,Wheat,2000,24907,494.0,27885.0,25.32
Pakistan,Wheat,2000,24907,494.0,27885.0,23.6
Pakistan,Wheat,2000,24907,494.0,27885.0,27.73
Pakistan,Wheat,2000,24907,494.0,27885.0,23.6
Pakistan,Wheat,2000,24907,494.0,27885.0,27.12
Pakistan,Wheat,2000,24907,494.0,27885.0,25.32
Pakistan,Wheat,2000,24907,494.0,27885.0,26.71
Pakistan,Wheat,2000,24907,494.0,27885.0,19.68
Pakistan,Wheat,2000,24907,494.0,27885.0,23.6
Pakistan,Wheat,2001,23254,494.0,11871.0,25.18
Pakistan,Wheat,2001,23254,494.0,11871.0,23.62
Pakistan,Wheat,2001,23254,494.0,11871.0,27.7
Pakistan,Wheat,2001,23254,494.0,11871.0,23.62
Pakistan,Wheat,2001,23254,494.0,11871.0,27.28
Pakistan,Wheat,2001,23254,494.0,11871.0,25.18
Pakistan,Wheat,2001,23254,494.0,11871.0,26.5
Pakistan,Wheat,2001,23254,494.0,11871.0,19.79
Pakistan,Wheat,2001,23254,494.0,11871.0,23.62
Pakistan,Wheat,2002,22621,494.0,10881.83,25.61
Pakistan,Wheat,2002,22621,494.0,10881.83,23.83
Pakistan,Wheat,2002,22621,494.0,10881.83,27.88
Pakistan,Wheat,2002,22621,494.0,10881.83,23.83
Pakistan,Wheat,2002,22621,494.0,10881.83,27.2
Pakistan,Wheat,2002,22621,494.0,10881.83,25.61
Pakistan,Wheat,2002,22621,494.0,10881.83,27.0
Pakistan,Wheat,2002,22621,494.0,10881.83,19.7
Pakistan,Wheat,2002,22621,494.0,10881.83,23.83
Pakistan,Wheat,2004,23733,494.0,8903.48,25.55
Pakistan,Wheat,2004,23733,494.0,8903.48,23.78
Pakistan,Wheat,2004,23733,494.0,8903.48,27.94
Pakistan,Wheat,2004,23733,494.0,8903.48,23.78
Pakistan,Wheat,2004,23733,494.0,8903.48,27.5
Pakistan,Wheat,2004,23733,494.0,8903.48,25.55
Pakistan,Wheat,2004,23733,494.0,8903.48,26.96
Pakistan,Wheat,2004,23733,494.0,8903.48,19.93
Pakistan,Wheat,2004,23733,494.0,8903.48,23.78
Pakistan,Wheat,2005,25858,494.0,7914.31,24.66
Pakistan,Wheat,2005,25858,494.0,7914.31,22.8
Pakistan,Wheat,2005,25858,494.0,7914.31,27.21
Pakistan,Wheat,2005,25858,494.0,7914.31,22.8
Pakistan,Wheat,2005,25858,494.0,7914.31,26.8
Pakistan,Wheat,2005,25858,494.0,7914.31,24.66
Pakistan,Wheat,2005,25858,494.0,7914.31,26.04
Pakistan,Wheat,2005,25858,494.0,7914.31,18.75
Pakistan,Wheat,2005,25858,494.0,7914.31,22.8
Pakistan,Wheat,2006,25186,494.0,6925.13,25.17
Pakistan,Wheat,2006,25186,494.0,6925.13,23.28
Pakistan,Wheat,2006,25186,494.0,6925.13,27.29
Pakistan,Wheat,2006,25186,494.0,6925.13,23.28
Pakistan,Wheat,2006,25186,494.0,6925.13,26.73
Pakistan,Wheat,2006,25186,494.0,6925.13,25.17
Pakistan,Wheat,2006,25186,494.0,6925.13,26.46
Pakistan,Wheat,2006,25186,494.0,6925.13,19.53
Pakistan,Wheat,2006,25186,494.0,6925.13,23.28
Pakistan,Wheat,2007,27156,494.0,5935.96,25.16
Pakistan,Wheat,2007,27156,494.0,5935.96,23.33
Pakistan,Wheat,2007,27156,494.0,5935.96,27.69
Pakistan,Wheat,2007,27156,494.0,5935.96,23.33
Pakistan,Wheat,2007,27156,494.0,5935.96,27.21
Pakistan,Wheat,2007,27156,494.0,5935.96,25.16
Pakistan,Wheat,2007,27156,494.0,5935.96,26.53
Pakistan,Wheat,2007,27156,494.0,5935.96,19.5
Pakistan,Wheat,2007,27156,494.0,5935.96,23.33
Pakistan,Wheat,2008,24514,494.0,4946.79,24.89
Pakistan,Wheat,2008,24514,494.0,4946.79,23.21
Pakistan,Wheat,2008,24514,494.0,4946.79,27.23
Pakistan,Wheat,2008,24514,494.0,4946.79,23.21
Pakistan,Wheat,2008,24514,494.0,4946.79,26.74
Pakistan,Wheat,2008,24514,494.0,4946.79,24.89
Pakistan,Wheat,2008,24514,494.0,4946.79,26.33
Pakistan,Wheat,2008,24514,494.0,4946.79,19.34
Pakistan,Wheat,2008,24514,494.0,4946.79,23.21
Pakistan,Wheat,2009,26568,494.0,3957.61,25.37
Pakistan,Wheat,2009,26568,494.0,3957.61,23.62
Pakistan,Wheat,2009,26568,494.0,3957.61,27.88
Pakistan,Wheat,2009,26568,494.0,3957.61,23.62
Pakistan,Wheat,2009,26568,494.0,3957.61,27.41
Pakistan,Wheat,2009,26568,494.0,3957.61,25.37
Pakistan,Wheat,2009,26568,494.0,3957.61,26.68
Pakistan,Wheat,2009,26568,494.0,3957.61,19.3
Pakistan,Wheat,2009,26568,494.0,3957.61,23.62
Pakistan,Wheat,2010,25528,494.0,2968.44,25.48
Pakistan,Wheat,2010,25528,494.0,2968.44,23.75
Pakistan,Wheat,2010,25528,494.0,2968.44,28.0
Pakistan,Wheat,2010,25528,494.0,2968.44,23.75
Pakistan,Wheat,2010,25528,494.0,2968.44,27.45
Pakistan,Wheat,2010,25528,494.0,2968.44,25.48
Pakistan,Wheat,2010,25528,494.0,2968.44,26.79
Pakistan,Wheat,2010,25528,494.0,2968.44,19.52
Pakistan,Wheat,2010,25528,494.0,2968.44,23.75
Pakistan,Wheat,2011,28328,494.0,1979.27,24.98
Pakistan,Wheat,2011,28328,494.0,1979.27,23.36
Pakistan,Wheat,2011,28328,494.0,1979.27,27.41
Pakistan,Wheat,2011,28328,494.0,1979.27,23.36
Pakistan,Wheat,2011,28328,494.0,1979.27,27.02
Pakistan,Wheat,2011,28328,494.0,1979.27,24.98
Pakistan,Wheat,2011,28328,494.0,1979.27,26.32
Pakistan,Wheat,2011,28328,494.0,1979.27,19.53
Pakistan,Wheat,2011,28328,494.0,1979.27,23.36
Pakistan,Wheat,2012,27138,494.0,990.09,24.87
Pakistan,Wheat,2012,27138,494.0,990.09,23.1
Pakistan,Wheat,2012,27138,494.0,990.09,27.23
Pakistan,Wheat,2012,27138,494.0,990.09,23.1
Pakistan,Wheat,2012,27138,494.0,990.09,26.75
Pakistan,Wheat,2012,27138,494.0,990.09,24.87
Pakistan,Wheat,2012,27138,494.0,990.09,26.11
Pakistan,Wheat,2012,27138,494.0,990.09,18.74
Pakistan,Wheat,2012,27138,494.0,990.09,23.1
Pakistan,Wheat,2013,27957,494.0,0.92,25.95
Pakistan,Wheat,2013,27957,494.0,0.92,24.27
Pakistan,Wheat,2013,27957,494.0,0.92,27.9
Pakistan,Wheat,2013,27957,494.0,0.92,24.27
Pakistan,Wheat,2013,27957,494.0,0.92,27.21
Pakistan,Wheat,2013,27957,494.0,0.92,25.95
Pakistan,Wheat,2013,27957,494.0,0.92,27.38
Pakistan,Wheat,2013,27957,494.0,0.92,19.98
Pakistan,Wheat,2013,27957,494.0,0.92,24.27
Pakistan,Wheat,2014,28241,494.0,4566.8,25.98
Pakistan,Wheat,2014,28241,494.0,4566.8,24.3
Pakistan,Wheat,2014,28241,494.0,4566.8,27.93
Pakistan,Wheat,2014,28241,494.0,4566.8,24.3
Pakistan,Wheat,2014,28241,494.0,4566.8,27.24
Pakistan,Wheat,2014,28241,494.0,4566.8,25.98
Pakistan,Wheat,2014,28241,494.0,4566.8,27.41
Pakistan,Wheat,2014,28241,494.0,4566.8,20.01
Pakistan,Wheat,2014,28241,494.0,4566.8,24.3
Pakistan,Wheat,2015,27256,494.0,4243.4,26.01
Pakistan,Wheat,2015,27256,494.0,4243.4,24.33
Pakistan,Wheat,2015,27256,494.0,4243.4,27.96
Pakistan,Wheat,2015,27256,494.0,4243.4,24.33
Pakistan,Wheat,2015,27256,494.0,4243.4,27.27
Pakistan,Wheat,2015,27256,494.0,4243.4,26.01
Pakistan,Wheat,2015,27256,494.0,4243.4,27.44
Pakistan,Wheat,2015,27256,494.0,4243.4,20.04
Pakistan,Wheat,2015,27256,494.0,4243.4,24.33
Pakistan,Wheat,2016,27790,494.0,3920.1,26.04
Pakistan,Wheat,2016,27790,494.0,3920.1,24.36
Pakistan,Wheat,2016,27790,494.0,3920.1,27.99
Pakistan,Wheat,2016,27790,494.0,3920.1,24.36
Pakistan,Wheat,2016,27790,494.0,3920.1,27.3
Pakistan,Wheat,2016,27790,494.0,3920.1,26.04
Pakistan,Wheat,2016,27790,494.0,3920.1,27.47
Pakistan,Wheat,2016,27790,494.0,3920.1,20.07
Pakistan,Wheat,2016,27790,494.0,3920.1,24.36
Pakistan,Wheat,2017,29729,494.0,3596.7,26.07
Pakistan,Wheat,2017,29729,494.0,3596.7,24.39
Pakistan,Wheat,2017,29729,494.0,3596.7,28.02
Pakistan,Wheat,2017,29729,494.0,3596.7,24.39
Pakistan,Wheat,2017,29729,494.0,3596.7,27.33
Pakistan,Wheat,2017,29729,494.0,3596.7,26.07
Pakistan,Wheat,2017,29729,494.0,3596.7,27.5
Pakistan,Wheat,2017,29729,494.0,3596.7,20.1
Pakistan,Wheat,2017,29729,494.0,3596.7,24.39
Pakistan,Wheat,2018,28505,494.0,3273.3,26.1
Pakistan,Wheat,2018,28505,494.0,3273.3,24.42
Pakistan,Wheat,2018,28505,494.0,3273.3,28.05
Pakistan,Wheat,2018,28505,494.0,3273.3,24.42
Pakistan,Wheat,2018,28505,494.0,3273.3,27.36
Pakistan,Wheat,2018,28505,494.0,3273.3,26.1
Pakistan,Wheat,2018,28505,494.0,3273.3,27.53
Pakistan,Wheat,2018,28505,494.0,3273.3,20.13
Pakistan,Wheat,2018,28505,494.0,3273.3,24.42
Pakistan,Wheat,2019,28059,494.0,2949.9,26.13
Pakistan,Wheat,2019,28059,494.0,2949.9,24.45
Pakistan,Wheat,2019,28059,494.0,2949.9,28.08
Pakistan,Wheat,2019,28059,494.0,2949.9,24.45
Pakistan,Wheat,2019,28059,494.0,2949.9,27.39
Pakistan,Wheat,2019,28059,494.0,2949.9,26.13
Pakistan,Wheat,2019,28059,494.0,2949.9,27.56
Pakistan,Wheat,2019,28059,494.0,2949.9,20.16
Pakistan,Wheat,2019,28059,494.0,2949.9,24.45
Pakistan,Wheat,2020,28675,494.0,2626.5,26.16
Pakistan,Wheat,2020,28675,494.0,2626.5,24.48
Pakistan,Wheat,2020,28675,494.0,2626.5,28.11
Pakistan,Wheat,2020,28675,494.0,2626.5,24.48
Pakistan,Wheat,2020,28675,494.0,2626.5,27.42
Pakistan,Wheat,2020,28675,494.0,2626.5,26.16
Pakistan,Wheat,2020,28675,494.0,2626.5,27.59
Pakistan,Wheat,2020,28675,494.0,2626.5,20.19
Pakistan,Wheat,2020,28675,494.0,2626.5,24.48
Pakistan,Wheat,2021,29956,494.0,2303.1,26.19
Pakistan,Wheat,2021,29956,494.0,2303.1,24.51
Pakistan,Wheat,2021,29956,494.0,2303.1,28.14
Pakistan,Wheat,2021,29956,494.0,2303.1,24.51
Pakistan,Wheat,2021,29956,494.0,2303.1,27.45
Pakistan,Wheat,2021,29956,494.0,2303.1,26.19
Pakistan,Wheat,2021,29956,494.0,2303.1,27.62
Pakistan,Wheat,2021,29956,494.0,2303.1,20.22
Pakistan,Wheat,2021,29956,494.0,2303.1,24.51
Pakistan,Wheat,2022,29196,494.0,1979.8,26.22
Pakistan,Wheat,2022,29196,494.0,1979.8,24.54
Pakistan,Wheat,2022,29196,494.0,1979.8,28.17
Pakistan,Wheat,2022,29196,494.0,1979.8,24.54
Pakistan,Wheat,2022,29196,494.0,1979.8,27.48
Pakistan,Wheat,2022,29196,494.0,1979.8,26.22
Pakistan,Wheat,2022,29196,494.0,1979.8,27.65
Pakistan,Wheat,2022,29196,494.0,1979.8,20.25
Pakistan,Wheat,2022,29196,494.0,1979.8,24.54
Pakistan,Wheat,2023,31176,494.0,1656.4,26.25
Pakistan,Wheat,2023,31176,494.0,1656.4,24.57
Pakistan,Wheat,2023,31176,494.0,1656.4,28.2
Pakistan,Wheat,2023,31176,494.0,1656.4,24.57
Pakistan,Wheat,2023,31176,494.0,1656.4,27.51
Pakistan,Wheat,2023,31176,494.0,1656.4,26.25
Pakistan,Wheat,2023,31176,494.0,1656.4,27.68
Pakistan,Wheat,2023,31176,494.0,1656.4,20.28
Pakistan,Wheat,2023,31176,494.0,1656.4,24.57
Pakistan,Wheat,2024,32683,494.0,1333.0,26.28
Pakistan,Wheat,2024,32683,494.0,1333.0,24.6
Pakistan,Wheat,2024,32683,494.0,1333.0,28.23
Pakistan,Wheat,2024,32683,494.0,1333.0,24.6
Pakistan,Wheat,2024,32683,494.0,1333.0,27.54
Pakistan,Wheat,2024,32683,494.0,1333.0,26.28
Pakistan,Wheat,2024,32683,494.0,1333.0,27.71
Pakistan,Wheat,2024,32683,494.0,1333.0,20.31
Pakistan,Wheat,2024,32683,494.0,1333.0,24.6
Pakistan,Wheat,2025,31773,494.0,1009.6,26.31
Pakistan,Wheat,2025,31773,494.0,1009.6,24.63
Pakistan,Wheat,2025,31773,494.0,1009.6,28.26
Pakistan,Wheat,2025,31773,494.0,1009.6,24.63
Pakistan,Wheat,2025,31773,494.0,1009.6,27.57
Pakistan,Wheat,2025,31773,494.0,1009.6,26.31
Pakistan,Wheat,2025,31773,494.0,1009.6,27.74
Pakistan,Wheat,2025,31773,494.0,1009.6,20.34
Pakistan,Wheat,2025,31773,494.0,1009.6,24.63
Pakistan,Wheat,2026,32144,494.0,686.2,26.34
Pakistan,Wheat,2026,32144,494.0,686.2,24.66
Pakistan,Wheat,2026,32144,494.0,686.2,28.29
Pakistan,Wheat,2026,32144,494.0,686.2,24.66
Pakistan,Wheat,2026,32144,494.0,686.2,27.6
Pakistan,Wheat,2026,32144,494.0,686.2,26.34
Pakistan,Wheat,2026,32144,494.0,686.2,27.77
Pakistan,Wheat,2026,32144,494.0,686.2,20.37
Pakistan,Wheat,2026,32144,494.0,686.2,24.66
